2026-07-06T09:18:10.4452854+00:00 ContainerStatus: State: Starting, Action: EstablishingSiteNetworks, LastError: , LastErrorTimestamp: 01/01/0001 00:00:00, LastErrorDetails: , Details: , DetailsLevel: INFO
2026-07-06T09:18:13.5811709+00:00 ContainerStatus: State: Starting, Action: StartingSiteContainers, LastError: , LastErrorTimestamp: 01/01/0001 00:00:00, LastErrorDetails: , Details: , DetailsLevel: INFO
2026-07-06T09:18:13.6098056+00:00 ContainerStatus: Container start method called.
2026-07-06T09:18:13.6392647+00:00 ContainerStatus: State: Starting, Action: PullingImage, LastError: , LastErrorTimestamp: 01/01/0001 00:00:00, LastErrorDetails: , Details: Pulling image qsaidacr.azurecr.io/qsaid-wi-api:latest for qsaid-wi-api., DetailsLevel: INFO
2026-07-06T09:18:13.6394722+00:00 ContainerStatus: Establishing network.
2026-07-06T09:18:13.6407137+00:00 ContainerStatus: Pulling image: qsaidacr.azurecr.io/qsaid-wi-api:latest.
2026-07-06T09:18:15.6204519+00:00 ContainerStatus: Container pull image failed with reason: ImagePullFailure. Revert by terminate.
2026-07-06T09:18:15.6493272+00:00 ContainerStatus: Container is terminating. Grace period: 5 seconds.
2026-07-06T09:18:15.6510241+00:00 ContainerStatus: Container spec TerminationMessagePolicy  path 
2026-07-06T09:18:15.6690639+00:00 ContainerStatus: Container is terminated. Total time elapsed: 10 ms.
2026-07-06T09:18:15.6695628+00:00 ContainerStatus: Site container: qsaid-wi-api terminated during site startup.
2026-07-06T09:18:15.6710351+00:00 ContainerStatus: State: Stopping, Action: CancellingStartup, LastError: , LastErrorTimestamp: 01/01/0001 00:00:00, LastErrorDetails: , Details: Site container: qsaid-wi-api terminated during site startup. Cancelling site startup., DetailsLevel: ERR
2026-07-06T09:18:15.7612638+00:00 ContainerStatus: State: Stopping, Action: CancellingStartup, LastError: ImagePullUnauthorizedFailure, LastErrorTimestamp: 07/06/2026 09:18:15, LastErrorDetails: Failed to pull image: qsaidacr.azurecr.io/qsaid-wi-api:latest. Image pull failed with forbidden or unauthorized. Check registry credentials., Details: Site container: qsaid-wi-api terminated during site startup. Cancelling site startup., DetailsLevel: ERR
2026-07-06T09:18:15.8214782+00:00 ContainerStatus: Failed to start site. Revert by stopping site.
2026-07-06T09:18:15.8534237+00:00 ContainerStatus: State: Stopping, Action: StoppingSite, LastError: ImagePullUnauthorizedFailure, LastErrorTimestamp: 07/06/2026 09:18:15, LastErrorDetails: Failed to pull image: qsaidacr.azurecr.io/qsaid-wi-api:latest. Image pull failed with forbidden or unauthorized. Check registry credentials., Details: Site container: qsaid-wi-api terminated during site startup. Cancelling site startup., DetailsLevel: ERR
2026-07-06T09:18:15.8696311+00:00 ContainerStatus: State: Stopping, Action: StoppingSiteContainers, LastError: ImagePullUnauthorizedFailure, LastErrorTimestamp: 07/06/2026 09:18:15, LastErrorDetails: Failed to pull image: qsaidacr.azurecr.io/qsaid-wi-api:latest. Image pull failed with forbidden or unauthorized. Check registry credentials., Details: Site container: qsaid-wi-api terminated during site startup. Cancelling site startup., DetailsLevel: ERR
2026-07-06T09:18:15.8705820+00:00 ContainerStatus: Site: qsaid-wi-api stopped.
========== New Cold Start Attempt (2026-07-06T09:18:15.9115364+00:00) ==========
2026-07-06T09:18:15.9115364+00:00 ContainerStatus: State: Stopping, Action: UnmountingVolumes, LastError: ImagePullUnauthorizedFailure, LastErrorTimestamp: 07/06/2026 09:18:15, LastErrorDetails: Failed to pull image: qsaidacr.azurecr.io/qsaid-wi-api:latest. Image pull failed with forbidden or unauthorized. Check registry credentials., Details: Site container: qsaid-wi-api terminated during site startup. Cancelling site startup., DetailsLevel: ERR
2026-07-06T09:18:16.1646983+00:00 ContainerStatus: State: Stopping, Action: StoppingSiteNetworks, LastError: ImagePullUnauthorizedFailure, LastErrorTimestamp: 07/06/2026 09:18:15, LastErrorDetails: Failed to pull image: qsaidacr.azurecr.io/qsaid-wi-api:latest. Image pull failed with forbidden or unauthorized. Check registry credentials., Details: Site container: qsaid-wi-api terminated during site startup. Cancelling site startup., DetailsLevel: ERR
2026-07-06T09:18:16.4169233+00:00 ContainerStatus: State: Stopped, Action: None, LastError: ImagePullUnauthorizedFailure, LastErrorTimestamp: 07/06/2026 09:18:15, LastErrorDetails: Failed to pull image: qsaidacr.azurecr.io/qsaid-wi-api:latest. Image pull failed with forbidden or unauthorized. Check registry credentials., Details: Site stopped at 07/06/2026 09:18:16 (UTC), DetailsLevel: ERR
2026-07-06T09:18:17.3230778+00:00 ContainerStatus: State: Stopped, Action: None, LastError: ImagePullUnauthorizedFailure, LastErrorTimestamp: 07/06/2026 09:18:15, LastErrorDetails: Failed to pull image: qsaidacr.azurecr.io/qsaid-wi-api:latest. Image pull failed with forbidden or unauthorized. Check registry credentials., Details: Site stopped at 07/06/2026 09:18:16 (UTC), DetailsLevel: ERR
2026-07-06T09:18:22.3752224+00:00 ContainerStatus: State: Starting, Action: EstablishingSiteNetworks, LastError: ImagePullUnauthorizedFailure, LastErrorTimestamp: 07/06/2026 09:18:15, LastErrorDetails: Failed to pull image: qsaidacr.azurecr.io/qsaid-wi-api:latest. Image pull failed with forbidden or unauthorized. Check registry credentials., Details: Site stopped at 07/06/2026 09:18:16 (UTC), DetailsLevel: ERR
2026-07-06T09:18:23.5119872+00:00 ContainerStatus: State: Starting, Action: StartingSiteContainers, LastError: ImagePullUnauthorizedFailure, LastErrorTimestamp: 07/06/2026 09:18:15, LastErrorDetails: Failed to pull image: qsaidacr.azurecr.io/qsaid-wi-api:latest. Image pull failed with forbidden or unauthorized. Check registry credentials., Details: Site stopped at 07/06/2026 09:18:16 (UTC), DetailsLevel: ERR
2026-07-06T09:18:23.5124159+00:00 ContainerStatus: Container start method called.
2026-07-06T09:18:23.5128229+00:00 ContainerStatus: State: Starting, Action: PullingImage, LastError: ImagePullUnauthorizedFailure, LastErrorTimestamp: 07/06/2026 09:18:15, LastErrorDetails: Failed to pull image: qsaidacr.azurecr.io/qsaid-wi-api:latest. Image pull failed with forbidden or unauthorized. Check registry credentials., Details: Pulling image qsaidacr.azurecr.io/qsaid-wi-api:latest for qsaid-wi-api., DetailsLevel: INFO
2026-07-06T09:18:23.5201592+00:00 ContainerStatus: Establishing network.
2026-07-06T09:18:23.5206360+00:00 ContainerStatus: Pulling image: qsaidacr.azurecr.io/qsaid-wi-api:latest.
2026-07-06T09:18:25.6730805+00:00 ContainerStatus: Container pull image failed with reason: ImagePullFailure. Revert by terminate.
2026-07-06T09:18:25.6736397+00:00 ContainerStatus: Container is terminating. Grace period: 5 seconds.
2026-07-06T09:18:25.6740377+00:00 ContainerStatus: Container spec TerminationMessagePolicy  path 
2026-07-06T09:18:25.6755013+00:00 ContainerStatus: Container is terminated. Total time elapsed: 0 ms.
2026-07-06T09:18:25.6825622+00:00 ContainerStatus: Site container: qsaid-wi-api terminated during site startup.
2026-07-06T09:18:25.6838729+00:00 ContainerStatus: State: Stopping, Action: CancellingStartup, LastError: ImagePullUnauthorizedFailure, LastErrorTimestamp: 07/06/2026 09:18:15, LastErrorDetails: Failed to pull image: qsaidacr.azurecr.io/qsaid-wi-api:latest. Image pull failed with forbidden or unauthorized. Check registry credentials., Details: Site container: qsaid-wi-api terminated during site startup. Cancelling site startup., DetailsLevel: ERR
2026-07-06T09:18:25.6852015+00:00 ContainerStatus: State: Stopping, Action: CancellingStartup, LastError: ImagePullUnauthorizedFailure, LastErrorTimestamp: 07/06/2026 09:18:25, LastErrorDetails: Failed to pull image: qsaidacr.azurecr.io/qsaid-wi-api:latest. Image pull failed with forbidden or unauthorized. Check registry credentials., Details: Site container: qsaid-wi-api terminated during site startup. Cancelling site startup., DetailsLevel: ERR
2026-07-06T09:18:25.7245736+00:00 ContainerStatus: Failed to start site. Revert by stopping site.
2026-07-06T09:18:25.7255373+00:00 ContainerStatus: State: Stopping, Action: StoppingSite, LastError: ImagePullUnauthorizedFailure, LastErrorTimestamp: 07/06/2026 09:18:25, LastErrorDetails: Failed to pull image: qsaidacr.azurecr.io/qsaid-wi-api:latest. Image pull failed with forbidden or unauthorized. Check registry credentials., Details: Site container: qsaid-wi-api terminated during site startup. Cancelling site startup., DetailsLevel: ERR
2026-07-06T09:18:25.7348570+00:00 ContainerStatus: State: Stopping, Action: StoppingSiteContainers, LastError: ImagePullUnauthorizedFailure, LastErrorTimestamp: 07/06/2026 09:18:25, LastErrorDetails: Failed to pull image: qsaidacr.azurecr.io/qsaid-wi-api:latest. Image pull failed with forbidden or unauthorized. Check registry credentials., Details: Site container: qsaid-wi-api terminated during site startup. Cancelling site startup., DetailsLevel: ERR
2026-07-06T09:18:25.7427025+00:00 ContainerStatus: Site: qsaid-wi-api stopped.
========== New Cold Start Attempt (2026-07-06T09:18:52.3017043+00:00) ==========
2026-07-06T09:18:52.3017043+00:00 ContainerStatus: State: Starting, Action: EstablishingSiteNetworks, LastError: ImagePullUnauthorizedFailure, LastErrorTimestamp: 07/06/2026 09:18:25, LastErrorDetails: Failed to pull image: qsaidacr.azurecr.io/qsaid-wi-api:latest. Image pull failed with forbidden or unauthorized. Check registry credentials., Details: Site stopped at 07/06/2026 09:18:26 (UTC), DetailsLevel: WARN
2026-07-06T09:18:53.4202752+00:00 ContainerStatus: State: Starting, Action: StartingSiteContainers, LastError: ImagePullUnauthorizedFailure, LastErrorTimestamp: 07/06/2026 09:18:25, LastErrorDetails: Failed to pull image: qsaidacr.azurecr.io/qsaid-wi-api:latest. Image pull failed with forbidden or unauthorized. Check registry credentials., Details: Site stopped at 07/06/2026 09:18:26 (UTC), DetailsLevel: WARN
2026-07-06T09:18:53.4528530+00:00 ContainerStatus: Container start method called.
2026-07-06T09:18:53.4536742+00:00 ContainerStatus: State: Starting, Action: PullingImage, LastError: ImagePullUnauthorizedFailure, LastErrorTimestamp: 07/06/2026 09:18:25, LastErrorDetails: Failed to pull image: qsaidacr.azurecr.io/qsaid-wi-api:latest. Image pull failed with forbidden or unauthorized. Check registry credentials., Details: Pulling image qsaidacr.azurecr.io/qsaid-wi-api:latest for qsaid-wi-api., DetailsLevel: INFO
2026-07-06T09:18:53.4542908+00:00 ContainerStatus: Establishing network.
2026-07-06T09:18:53.4549286+00:00 ContainerStatus: Pulling image: qsaidacr.azurecr.io/qsaid-wi-api:latest.
2026-07-06T09:18:56.6424222+00:00 ContainerStatus: Container pull image failed with reason: ImagePullFailure. Revert by terminate.
2026-07-06T09:18:56.6495626+00:00 ContainerStatus: Container is terminating. Grace period: 5 seconds.
2026-07-06T09:18:56.6496664+00:00 ContainerStatus: Container spec TerminationMessagePolicy  path 
2026-07-06T09:18:56.6497615+00:00 ContainerStatus: Container is terminated. Total time elapsed: 0 ms.
2026-07-06T09:18:56.6498612+00:00 ContainerStatus: Site container: qsaid-wi-api terminated during site startup.
2026-07-06T09:18:56.6499627+00:00 ContainerStatus: State: Stopping, Action: CancellingStartup, LastError: ImagePullUnauthorizedFailure, LastErrorTimestamp: 07/06/2026 09:18:25, LastErrorDetails: Failed to pull image: qsaidacr.azurecr.io/qsaid-wi-api:latest. Image pull failed with forbidden or unauthorized. Check registry credentials., Details: Site container: qsaid-wi-api terminated during site startup. Cancelling site startup., DetailsLevel: ERR
2026-07-06T09:18:56.6509890+00:00 ContainerStatus: State: Stopping, Action: CancellingStartup, LastError: ImagePullUnauthorizedFailure, LastErrorTimestamp: 07/06/2026 09:18:56, LastErrorDetails: Failed to pull image: qsaidacr.azurecr.io/qsaid-wi-api:latest. Image pull failed with forbidden or unauthorized. Check registry credentials., Details: Site container: qsaid-wi-api terminated during site startup. Cancelling site startup., DetailsLevel: ERR
2026-07-06T09:18:56.6706149+00:00 ContainerStatus: Failed to start site. Revert by stopping site.
2026-07-06T09:18:56.6711453+00:00 ContainerStatus: State: Stopping, Action: StoppingSite, LastError: ImagePullUnauthorizedFailure, LastErrorTimestamp: 07/06/2026 09:18:56, LastErrorDetails: Failed to pull image: qsaidacr.azurecr.io/qsaid-wi-api:latest. Image pull failed with forbidden or unauthorized. Check registry credentials., Details: Site container: qsaid-wi-api terminated during site startup. Cancelling site startup., DetailsLevel: ERR
2026-07-06T09:18:56.6719887+00:00 ContainerStatus: State: Stopping, Action: StoppingSiteContainers, LastError: ImagePullUnauthorizedFailure, LastErrorTimestamp: 07/06/2026 09:18:56, LastErrorDetails: Failed to pull image: qsaidacr.azurecr.io/qsaid-wi-api:latest. Image pull failed with forbidden or unauthorized. Check registry credentials., Details: Site container: qsaid-wi-api terminated during site startup. Cancelling site startup., DetailsLevel: ERR
2026-07-06T09:18:56.6720205+00:00 ContainerStatus: Site: qsaid-wi-api stopped.
========== New Cold Start Attempt (2026-07-06T09:19:22.9225460+00:00) ==========
2026-07-06T09:19:22.9225460+00:00 ContainerStatus: State: Starting, Action: EstablishingSiteNetworks, LastError: ImagePullUnauthorizedFailure, LastErrorTimestamp: 07/06/2026 09:18:56, LastErrorDetails: Failed to pull image: qsaidacr.azurecr.io/qsaid-wi-api:latest. Image pull failed with forbidden or unauthorized. Check registry credentials., Details: Site stopped at 07/06/2026 09:18:57 (UTC), DetailsLevel: ERR
2026-07-06T09:19:24.3104905+00:00 ContainerStatus: State: Starting, Action: StartingSiteContainers, LastError: ImagePullUnauthorizedFailure, LastErrorTimestamp: 07/06/2026 09:18:56, LastErrorDetails: Failed to pull image: qsaidacr.azurecr.io/qsaid-wi-api:latest. Image pull failed with forbidden or unauthorized. Check registry credentials., Details: Site stopped at 07/06/2026 09:18:57 (UTC), DetailsLevel: ERR
2026-07-06T09:19:24.3112863+00:00 ContainerStatus: Container start method called.
2026-07-06T09:19:24.3116279+00:00 ContainerStatus: State: Starting, Action: PullingImage, LastError: ImagePullUnauthorizedFailure, LastErrorTimestamp: 07/06/2026 09:18:56, LastErrorDetails: Failed to pull image: qsaidacr.azurecr.io/qsaid-wi-api:latest. Image pull failed with forbidden or unauthorized. Check registry credentials., Details: Pulling image qsaidacr.azurecr.io/qsaid-wi-api:latest for qsaid-wi-api., DetailsLevel: INFO
2026-07-06T09:19:24.3198951+00:00 ContainerStatus: Establishing network.
2026-07-06T09:19:24.3202351+00:00 ContainerStatus: Pulling image: qsaidacr.azurecr.io/qsaid-wi-api:latest.
2026-07-06T09:19:27.4323714+00:00 ContainerStatus: Container pull image failed with reason: ImagePullFailure. Revert by terminate.
2026-07-06T09:19:27.4327334+00:00 ContainerStatus: Container is terminating. Grace period: 5 seconds.
2026-07-06T09:19:27.4330454+00:00 ContainerStatus: Container spec TerminationMessagePolicy  path 
2026-07-06T09:19:27.4408896+00:00 ContainerStatus: Container is terminated. Total time elapsed: 0 ms.
2026-07-06T09:19:27.4414464+00:00 ContainerStatus: Site container: qsaid-wi-api terminated during site startup.
2026-07-06T09:19:27.4418321+00:00 ContainerStatus: State: Stopping, Action: CancellingStartup, LastError: ImagePullUnauthorizedFailure, LastErrorTimestamp: 07/06/2026 09:18:56, LastErrorDetails: Failed to pull image: qsaidacr.azurecr.io/qsaid-wi-api:latest. Image pull failed with forbidden or unauthorized. Check registry credentials., Details: Site container: qsaid-wi-api terminated during site startup. Cancelling site startup., DetailsLevel: ERR
2026-07-06T09:19:27.4432460+00:00 ContainerStatus: State: Stopping, Action: CancellingStartup, LastError: ImagePullUnauthorizedFailure, LastErrorTimestamp: 07/06/2026 09:19:27, LastErrorDetails: Failed to pull image: qsaidacr.azurecr.io/qsaid-wi-api:latest. Image pull failed with forbidden or unauthorized. Check registry credentials., Details: Site container: qsaid-wi-api terminated during site startup. Cancelling site startup., DetailsLevel: ERR
2026-07-06T09:19:27.4703396+00:00 ContainerStatus: Failed to start site. Revert by stopping site.
2026-07-06T09:19:27.4727491+00:00 ContainerStatus: State: Stopping, Action: StoppingSite, LastError: ImagePullUnauthorizedFailure, LastErrorTimestamp: 07/06/2026 09:19:27, LastErrorDetails: Failed to pull image: qsaidacr.azurecr.io/qsaid-wi-api:latest. Image pull failed with forbidden or unauthorized. Check registry credentials., Details: Site container: qsaid-wi-api terminated during site startup. Cancelling site startup., DetailsLevel: ERR
2026-07-06T09:19:27.4730193+00:00 ContainerStatus: State: Stopping, Action: StoppingSiteContainers, LastError: ImagePullUnauthorizedFailure, LastErrorTimestamp: 07/06/2026 09:19:27, LastErrorDetails: Failed to pull image: qsaidacr.azurecr.io/qsaid-wi-api:latest. Image pull failed with forbidden or unauthorized. Check registry credentials., Details: Site container: qsaid-wi-api terminated during site startup. Cancelling site startup., DetailsLevel: ERR
2026-07-06T09:19:27.4730385+00:00 ContainerStatus: Site: qsaid-wi-api stopped.
========== New Cold Start Attempt (2026-07-06T09:19:27.5134538+00:00) ==========
2026-07-06T09:19:27.5134538+00:00 ContainerStatus: State: Stopping, Action: UnmountingVolumes, LastError: ImagePullUnauthorizedFailure, LastErrorTimestamp: 07/06/2026 09:19:27, LastErrorDetails: Failed to pull image: qsaidacr.azurecr.io/qsaid-wi-api:latest. Image pull failed with forbidden or unauthorized. Check registry credentials., Details: Site container: qsaid-wi-api terminated during site startup. Cancelling site startup., DetailsLevel: ERR
2026-07-06T09:19:27.6844912+00:00 ContainerStatus: State: Stopping, Action: StoppingSiteNetworks, LastError: ImagePullUnauthorizedFailure, LastErrorTimestamp: 07/06/2026 09:19:27, LastErrorDetails: Failed to pull image: qsaidacr.azurecr.io/qsaid-wi-api:latest. Image pull failed with forbidden or unauthorized. Check registry credentials., Details: Site container: qsaid-wi-api terminated during site startup. Cancelling site startup., DetailsLevel: ERR
2026-07-06T09:19:27.9757380+00:00 ContainerStatus: State: Stopped, Action: None, LastError: ImagePullUnauthorizedFailure, LastErrorTimestamp: 07/06/2026 09:19:27, LastErrorDetails: Failed to pull image: qsaidacr.azurecr.io/qsaid-wi-api:latest. Image pull failed with forbidden or unauthorized. Check registry credentials., Details: Site stopped at 07/06/2026 09:19:27 (UTC), DetailsLevel: ERR
2026-07-06T09:19:28.3197996+00:00 ContainerStatus: State: Stopped, Action: None, LastError: ImagePullUnauthorizedFailure, LastErrorTimestamp: 07/06/2026 09:19:27, LastErrorDetails: Failed to pull image: qsaidacr.azurecr.io/qsaid-wi-api:latest. Image pull failed with forbidden or unauthorized. Check registry credentials., Details: Site stopped at 07/06/2026 09:19:27 (UTC), DetailsLevel: ERR
2026-07-06T09:19:33.5678670+00:00 ContainerStatus: State: Starting, Action: EstablishingSiteNetworks, LastError: ImagePullUnauthorizedFailure, LastErrorTimestamp: 07/06/2026 09:19:27, LastErrorDetails: Failed to pull image: qsaidacr.azurecr.io/qsaid-wi-api:latest. Image pull failed with forbidden or unauthorized. Check registry credentials., Details: Site stopped at 07/06/2026 09:19:27 (UTC), DetailsLevel: ERR
2026-07-06T09:19:34.5236376+00:00 ContainerStatus: State: Starting, Action: StartingSiteContainers, LastError: ImagePullUnauthorizedFailure, LastErrorTimestamp: 07/06/2026 09:19:27, LastErrorDetails: Failed to pull image: qsaidacr.azurecr.io/qsaid-wi-api:latest. Image pull failed with forbidden or unauthorized. Check registry credentials., Details: Site stopped at 07/06/2026 09:19:27 (UTC), DetailsLevel: ERR
2026-07-06T09:19:34.5239589+00:00 ContainerStatus: Container start method called.
2026-07-06T09:19:34.5242997+00:00 ContainerStatus: State: Starting, Action: PullingImage, LastError: ImagePullUnauthorizedFailure, LastErrorTimestamp: 07/06/2026 09:19:27, LastErrorDetails: Failed to pull image: qsaidacr.azurecr.io/qsaid-wi-api:latest. Image pull failed with forbidden or unauthorized. Check registry credentials., Details: Pulling image qsaidacr.azurecr.io/qsaid-wi-api:latest for qsaid-wi-api., DetailsLevel: INFO
2026-07-06T09:19:34.5246425+00:00 ContainerStatus: Establishing network.
2026-07-06T09:19:34.5328546+00:00 ContainerStatus: Pulling image: qsaidacr.azurecr.io/qsaid-wi-api:latest.
2026-07-06T09:19:38.0234157+00:00 ContainerStatus: Container pull image failed with reason: ImagePullFailure. Revert by terminate.
2026-07-06T09:19:38.0238218+00:00 ContainerStatus: Container is terminating. Grace period: 5 seconds.
2026-07-06T09:19:38.0243769+00:00 ContainerStatus: Container spec TerminationMessagePolicy  path 
2026-07-06T09:19:38.0415334+00:00 ContainerStatus: Container is terminated. Total time elapsed: 0 ms.
2026-07-06T09:19:38.0418182+00:00 ContainerStatus: Site container: qsaid-wi-api terminated during site startup.
2026-07-06T09:19:38.0419114+00:00 ContainerStatus: State: Stopping, Action: CancellingStartup, LastError: ImagePullUnauthorizedFailure, LastErrorTimestamp: 07/06/2026 09:19:27, LastErrorDetails: Failed to pull image: qsaidacr.azurecr.io/qsaid-wi-api:latest. Image pull failed with forbidden or unauthorized. Check registry credentials., Details: Site container: qsaid-wi-api terminated during site startup. Cancelling site startup., DetailsLevel: ERR
2026-07-06T09:19:38.0522287+00:00 ContainerStatus: State: Stopping, Action: CancellingStartup, LastError: ImagePullUnauthorizedFailure, LastErrorTimestamp: 07/06/2026 09:19:38, LastErrorDetails: Failed to pull image: qsaidacr.azurecr.io/qsaid-wi-api:latest. Image pull failed with forbidden or unauthorized. Check registry credentials., Details: Site container: qsaid-wi-api terminated during site startup. Cancelling site startup., DetailsLevel: ERR
2026-07-06T09:19:38.0725609+00:00 ContainerStatus: Failed to start site. Revert by stopping site.
2026-07-06T09:19:38.0727945+00:00 ContainerStatus: State: Stopping, Action: StoppingSite, LastError: ImagePullUnauthorizedFailure, LastErrorTimestamp: 07/06/2026 09:19:38, LastErrorDetails: Failed to pull image: qsaidacr.azurecr.io/qsaid-wi-api:latest. Image pull failed with forbidden or unauthorized. Check registry credentials., Details: Site container: qsaid-wi-api terminated during site startup. Cancelling site startup., DetailsLevel: ERR
2026-07-06T09:19:38.0730178+00:00 ContainerStatus: State: Stopping, Action: StoppingSiteContainers, LastError: ImagePullUnauthorizedFailure, LastErrorTimestamp: 07/06/2026 09:19:38, LastErrorDetails: Failed to pull image: qsaidacr.azurecr.io/qsaid-wi-api:latest. Image pull failed with forbidden or unauthorized. Check registry credentials., Details: Site container: qsaid-wi-api terminated during site startup. Cancelling site startup., DetailsLevel: ERR
2026-07-06T09:19:38.0730375+00:00 ContainerStatus: Site: qsaid-wi-api stopped.
========== New Cold Start Attempt (2026-07-06T09:21:04.0089625+00:00) ==========
2026-07-06T09:21:04.0089625+00:00 ContainerStatus: State: Starting, Action: EstablishingSiteNetworks, LastError: ImagePullUnauthorizedFailure, LastErrorTimestamp: 07/06/2026 09:19:38, LastErrorDetails: Failed to pull image: qsaidacr.azurecr.io/qsaid-wi-api:latest. Image pull failed with forbidden or unauthorized. Check registry credentials., Details: Site is blocked due to multiple, consecutive cold start failures. Site scheduled to be unblocked at 07/06/2026 09:20:38, DetailsLevel: WARN
2026-07-06T09:21:05.6370109+00:00 ContainerStatus: State: Starting, Action: StartingSiteContainers, LastError: ImagePullUnauthorizedFailure, LastErrorTimestamp: 07/06/2026 09:19:38, LastErrorDetails: Failed to pull image: qsaidacr.azurecr.io/qsaid-wi-api:latest. Image pull failed with forbidden or unauthorized. Check registry credentials., Details: Site is blocked due to multiple, consecutive cold start failures. Site scheduled to be unblocked at 07/06/2026 09:20:38, DetailsLevel: WARN
2026-07-06T09:21:05.6373056+00:00 ContainerStatus: Container start method called.
2026-07-06T09:21:05.6373805+00:00 ContainerStatus: State: Starting, Action: PullingImage, LastError: ImagePullUnauthorizedFailure, LastErrorTimestamp: 07/06/2026 09:19:38, LastErrorDetails: Failed to pull image: qsaidacr.azurecr.io/qsaid-wi-api:latest. Image pull failed with forbidden or unauthorized. Check registry credentials., Details: Pulling image qsaidacr.azurecr.io/qsaid-wi-api:latest for qsaid-wi-api., DetailsLevel: INFO
2026-07-06T09:21:05.6374702+00:00 ContainerStatus: Establishing network.
2026-07-06T09:21:05.6375789+00:00 ContainerStatus: Pulling image: qsaidacr.azurecr.io/qsaid-wi-api:latest.
2026-07-06T09:21:08.3036846+00:00 ContainerStatus: Container pull image failed with reason: ImagePullFailure. Revert by terminate.
2026-07-06T09:21:08.3043759+00:00 ContainerStatus: Container is terminating. Grace period: 5 seconds.
2026-07-06T09:21:08.3051520+00:00 ContainerStatus: Container spec TerminationMessagePolicy  path 
2026-07-06T09:21:08.3057196+00:00 ContainerStatus: Container is terminated. Total time elapsed: 0 ms.
2026-07-06T09:21:08.3134565+00:00 ContainerStatus: Site container: qsaid-wi-api terminated during site startup.
2026-07-06T09:21:08.3140245+00:00 ContainerStatus: State: Stopping, Action: CancellingStartup, LastError: ImagePullUnauthorizedFailure, LastErrorTimestamp: 07/06/2026 09:19:38, LastErrorDetails: Failed to pull image: qsaidacr.azurecr.io/qsaid-wi-api:latest. Image pull failed with forbidden or unauthorized. Check registry credentials., Details: Site container: qsaid-wi-api terminated during site startup. Cancelling site startup., DetailsLevel: ERR
2026-07-06T09:21:08.3233320+00:00 ContainerStatus: State: Stopping, Action: CancellingStartup, LastError: ImagePullUnauthorizedFailure, LastErrorTimestamp: 07/06/2026 09:21:08, LastErrorDetails: Failed to pull image: qsaidacr.azurecr.io/qsaid-wi-api:latest. Image pull failed with forbidden or unauthorized. Check registry credentials., Details: Site container: qsaid-wi-api terminated during site startup. Cancelling site startup., DetailsLevel: ERR
2026-07-06T09:21:08.3349465+00:00 ContainerStatus: Failed to start site. Revert by stopping site.
2026-07-06T09:21:08.3356494+00:00 ContainerStatus: State: Stopping, Action: StoppingSite, LastError: ImagePullUnauthorizedFailure, LastErrorTimestamp: 07/06/2026 09:21:08, LastErrorDetails: Failed to pull image: qsaidacr.azurecr.io/qsaid-wi-api:latest. Image pull failed with forbidden or unauthorized. Check registry credentials., Details: Site container: qsaid-wi-api terminated during site startup. Cancelling site startup., DetailsLevel: ERR
2026-07-06T09:21:08.3530086+00:00 ContainerStatus: State: Stopping, Action: StoppingSiteContainers, LastError: ImagePullUnauthorizedFailure, LastErrorTimestamp: 07/06/2026 09:21:08, LastErrorDetails: Failed to pull image: qsaidacr.azurecr.io/qsaid-wi-api:latest. Image pull failed with forbidden or unauthorized. Check registry credentials., Details: Site container: qsaid-wi-api terminated during site startup. Cancelling site startup., DetailsLevel: ERR
2026-07-06T09:21:08.3530353+00:00 ContainerStatus: Site: qsaid-wi-api stopped.
========== New Cold Start Attempt (2026-07-06T09:21:08.3559394+00:00) ==========
2026-07-06T09:21:08.3559394+00:00 ContainerStatus: State: Stopping, Action: UnmountingVolumes, LastError: ImagePullUnauthorizedFailure, LastErrorTimestamp: 07/06/2026 09:21:08, LastErrorDetails: Failed to pull image: qsaidacr.azurecr.io/qsaid-wi-api:latest. Image pull failed with forbidden or unauthorized. Check registry credentials., Details: Site container: qsaid-wi-api terminated during site startup. Cancelling site startup., DetailsLevel: ERR
2026-07-06T09:21:08.5245724+00:00 ContainerStatus: State: Stopping, Action: StoppingSiteNetworks, LastError: ImagePullUnauthorizedFailure, LastErrorTimestamp: 07/06/2026 09:21:08, LastErrorDetails: Failed to pull image: qsaidacr.azurecr.io/qsaid-wi-api:latest. Image pull failed with forbidden or unauthorized. Check registry credentials., Details: Site container: qsaid-wi-api terminated during site startup. Cancelling site startup., DetailsLevel: ERR
2026-07-06T09:21:08.8278600+00:00 ContainerStatus: State: Stopped, Action: None, LastError: ImagePullUnauthorizedFailure, LastErrorTimestamp: 07/06/2026 09:21:08, LastErrorDetails: Failed to pull image: qsaidacr.azurecr.io/qsaid-wi-api:latest. Image pull failed with forbidden or unauthorized. Check registry credentials., Details: Site stopped at 07/06/2026 09:21:08 (UTC), DetailsLevel: ERR
2026-07-06T09:21:09.1913952+00:00 ContainerStatus: State: Stopped, Action: None, LastError: ImagePullUnauthorizedFailure, LastErrorTimestamp: 07/06/2026 09:21:08, LastErrorDetails: Failed to pull image: qsaidacr.azurecr.io/qsaid-wi-api:latest. Image pull failed with forbidden or unauthorized. Check registry credentials., Details: Site stopped at 07/06/2026 09:21:08 (UTC), DetailsLevel: ERR
2026-07-06T09:21:14.2580313+00:00 ContainerStatus: State: Starting, Action: EstablishingSiteNetworks, LastError: ImagePullUnauthorizedFailure, LastErrorTimestamp: 07/06/2026 09:21:08, LastErrorDetails: Failed to pull image: qsaidacr.azurecr.io/qsaid-wi-api:latest. Image pull failed with forbidden or unauthorized. Check registry credentials., Details: Site stopped at 07/06/2026 09:21:08 (UTC), DetailsLevel: ERR
2026-07-06T09:21:15.5081845+00:00 ContainerStatus: State: Starting, Action: StartingSiteContainers, LastError: ImagePullUnauthorizedFailure, LastErrorTimestamp: 07/06/2026 09:21:08, LastErrorDetails: Failed to pull image: qsaidacr.azurecr.io/qsaid-wi-api:latest. Image pull failed with forbidden or unauthorized. Check registry credentials., Details: Site stopped at 07/06/2026 09:21:08 (UTC), DetailsLevel: ERR
2026-07-06T09:21:15.5082941+00:00 ContainerStatus: Container start method called.
2026-07-06T09:21:15.5083389+00:00 ContainerStatus: State: Starting, Action: PullingImage, LastError: ImagePullUnauthorizedFailure, LastErrorTimestamp: 07/06/2026 09:21:08, LastErrorDetails: Failed to pull image: qsaidacr.azurecr.io/qsaid-wi-api:latest. Image pull failed with forbidden or unauthorized. Check registry credentials., Details: Pulling image qsaidacr.azurecr.io/qsaid-wi-api:latest for qsaid-wi-api., DetailsLevel: INFO
2026-07-06T09:21:15.5084110+00:00 ContainerStatus: Establishing network.
2026-07-06T09:21:15.5085099+00:00 ContainerStatus: Pulling image: qsaidacr.azurecr.io/qsaid-wi-api:latest.
2026-07-06T09:21:18.4400040+00:00 ContainerStatus: Container pull image failed with reason: ImagePullFailure. Revert by terminate.
2026-07-06T09:21:18.4403829+00:00 ContainerStatus: Container is terminating. Grace period: 5 seconds.
2026-07-06T09:21:18.4406921+00:00 ContainerStatus: Container spec TerminationMessagePolicy  path 
2026-07-06T09:21:18.4411371+00:00 ContainerStatus: Container is terminated. Total time elapsed: 0 ms.
2026-07-06T09:21:18.4500792+00:00 ContainerStatus: Site container: qsaid-wi-api terminated during site startup.
2026-07-06T09:21:18.4502382+00:00 ContainerStatus: State: Stopping, Action: CancellingStartup, LastError: ImagePullUnauthorizedFailure, LastErrorTimestamp: 07/06/2026 09:21:08, LastErrorDetails: Failed to pull image: qsaidacr.azurecr.io/qsaid-wi-api:latest. Image pull failed with forbidden or unauthorized. Check registry credentials., Details: Site container: qsaid-wi-api terminated during site startup. Cancelling site startup., DetailsLevel: ERR
2026-07-06T09:21:18.4688665+00:00 ContainerStatus: State: Stopping, Action: CancellingStartup, LastError: ImagePullUnauthorizedFailure, LastErrorTimestamp: 07/06/2026 09:21:18, LastErrorDetails: Failed to pull image: qsaidacr.azurecr.io/qsaid-wi-api:latest. Image pull failed with forbidden or unauthorized. Check registry credentials., Details: Site container: qsaid-wi-api terminated during site startup. Cancelling site startup., DetailsLevel: ERR
2026-07-06T09:21:18.4808950+00:00 ContainerStatus: Failed to start site. Revert by stopping site.
2026-07-06T09:21:18.4810571+00:00 ContainerStatus: State: Stopping, Action: StoppingSite, LastError: ImagePullUnauthorizedFailure, LastErrorTimestamp: 07/06/2026 09:21:18, LastErrorDetails: Failed to pull image: qsaidacr.azurecr.io/qsaid-wi-api:latest. Image pull failed with forbidden or unauthorized. Check registry credentials., Details: Site container: qsaid-wi-api terminated during site startup. Cancelling site startup., DetailsLevel: ERR
2026-07-06T09:21:18.4815781+00:00 ContainerStatus: State: Stopping, Action: StoppingSiteContainers, LastError: ImagePullUnauthorizedFailure, LastErrorTimestamp: 07/06/2026 09:21:18, LastErrorDetails: Failed to pull image: qsaidacr.azurecr.io/qsaid-wi-api:latest. Image pull failed with forbidden or unauthorized. Check registry credentials., Details: Site container: qsaid-wi-api terminated during site startup. Cancelling site startup., DetailsLevel: ERR
2026-07-06T09:21:18.4816001+00:00 ContainerStatus: Site: qsaid-wi-api stopped.
========== New Cold Start Attempt (2026-07-06T09:21:18.5002040+00:00) ==========
2026-07-06T09:21:18.5002040+00:00 ContainerStatus: State: Stopping, Action: UnmountingVolumes, LastError: ImagePullUnauthorizedFailure, LastErrorTimestamp: 07/06/2026 09:21:18, LastErrorDetails: Failed to pull image: qsaidacr.azurecr.io/qsaid-wi-api:latest. Image pull failed with forbidden or unauthorized. Check registry credentials., Details: Site container: qsaid-wi-api terminated during site startup. Cancelling site startup., DetailsLevel: ERR
2026-07-06T09:21:18.6309984+00:00 ContainerStatus: State: Stopping, Action: StoppingSiteNetworks, LastError: ImagePullUnauthorizedFailure, LastErrorTimestamp: 07/06/2026 09:21:18, LastErrorDetails: Failed to pull image: qsaidacr.azurecr.io/qsaid-wi-api:latest. Image pull failed with forbidden or unauthorized. Check registry credentials., Details: Site container: qsaid-wi-api terminated during site startup. Cancelling site startup., DetailsLevel: ERR
2026-07-06T09:21:18.9316693+00:00 ContainerStatus: Site: qsaid-wi-api will be blocked for 1 minutes till 07/06/2026 09:22:18
2026-07-06T09:21:18.9321988+00:00 ContainerStatus: State: Blocked, Action: StoppingSiteNetworks, LastError: ImagePullUnauthorizedFailure, LastErrorTimestamp: 07/06/2026 09:21:18, LastErrorDetails: Failed to pull image: qsaidacr.azurecr.io/qsaid-wi-api:latest. Image pull failed with forbidden or unauthorized. Check registry credentials., Details: Site: qsaid-wi-api will be blocked for 1 minutes till 07/06/2026 09:22:18, DetailsLevel: WARN
2026-07-06T09:21:18.9629523+00:00 ContainerStatus: State: Stopped, Action: None, LastError: ImagePullUnauthorizedFailure, LastErrorTimestamp: 07/06/2026 09:21:18, LastErrorDetails: Failed to pull image: qsaidacr.azurecr.io/qsaid-wi-api:latest. Image pull failed with forbidden or unauthorized. Check registry credentials., Details: Site stopped at 07/06/2026 09:21:18 (UTC), DetailsLevel: WARN
2026-07-06T09:21:19.3038969+00:00 ContainerStatus: State: Stopped, Action: None, LastError: ImagePullUnauthorizedFailure, LastErrorTimestamp: 07/06/2026 09:21:18, LastErrorDetails: Failed to pull image: qsaidacr.azurecr.io/qsaid-wi-api:latest. Image pull failed with forbidden or unauthorized. Check registry credentials., Details: Site stopped at 07/06/2026 09:21:18 (UTC), DetailsLevel: WARN
2026-07-06T09:21:24.4372907+00:00 ContainerStatus: State: Blocked, Action: None, LastError: ImagePullUnauthorizedFailure, LastErrorTimestamp: 07/06/2026 09:21:18, LastErrorDetails: Failed to pull image: qsaidacr.azurecr.io/qsaid-wi-api:latest. Image pull failed with forbidden or unauthorized. Check registry credentials., Details: Site is blocked due to multiple, consecutive cold start failures. Site scheduled to be unblocked at 07/06/2026 09:22:18, DetailsLevel: WARN
2026-07-06T09:21:24.4373449+00:00 ContainerStatus: Start site prohibitted because the site is being blocked.
2026-07-06T09:21:29.5994378+00:00 ContainerStatus: State: Blocked, Action: None, LastError: ImagePullUnauthorizedFailure, LastErrorTimestamp: 07/06/2026 09:21:18, LastErrorDetails: Failed to pull image: qsaidacr.azurecr.io/qsaid-wi-api:latest. Image pull failed with forbidden or unauthorized. Check registry credentials., Details: Site is blocked due to multiple, consecutive cold start failures. Site scheduled to be unblocked at 07/06/2026 09:22:18, DetailsLevel: WARN
2026-07-06T09:21:29.5994666+00:00 ContainerStatus: Start site prohibitted because the site is being blocked.
2026-07-06T09:21:34.8030217+00:00 ContainerStatus: State: Blocked, Action: None, LastError: ImagePullUnauthorizedFailure, LastErrorTimestamp: 07/06/2026 09:21:18, LastErrorDetails: Failed to pull image: qsaidacr.azurecr.io/qsaid-wi-api:latest. Image pull failed with forbidden or unauthorized. Check registry credentials., Details: Site is blocked due to multiple, consecutive cold start failures. Site scheduled to be unblocked at 07/06/2026 09:22:18, DetailsLevel: WARN
2026-07-06T09:21:34.8030864+00:00 ContainerStatus: Start site prohibitted because the site is being blocked.
2026-07-06T09:21:39.9292272+00:00 ContainerStatus: State: Blocked, Action: None, LastError: ImagePullUnauthorizedFailure, LastErrorTimestamp: 07/06/2026 09:21:18, LastErrorDetails: Failed to pull image: qsaidacr.azurecr.io/qsaid-wi-api:latest. Image pull failed with forbidden or unauthorized. Check registry credentials., Details: Site is blocked due to multiple, consecutive cold start failures. Site scheduled to be unblocked at 07/06/2026 09:22:18, DetailsLevel: WARN
2026-07-06T09:21:39.9292930+00:00 ContainerStatus: Start site prohibitted because the site is being blocked.
2026-07-06T09:21:45.1443309+00:00 ContainerStatus: State: Blocked, Action: None, LastError: ImagePullUnauthorizedFailure, LastErrorTimestamp: 07/06/2026 09:21:18, LastErrorDetails: Failed to pull image: qsaidacr.azurecr.io/qsaid-wi-api:latest. Image pull failed with forbidden or unauthorized. Check registry credentials., Details: Site is blocked due to multiple, consecutive cold start failures. Site scheduled to be unblocked at 07/06/2026 09:22:18, DetailsLevel: WARN
2026-07-06T09:21:45.1444032+00:00 ContainerStatus: Start site prohibitted because the site is being blocked.
2026-07-06T09:21:50.2339263+00:00 ContainerStatus: State: Blocked, Action: None, LastError: ImagePullUnauthorizedFailure, LastErrorTimestamp: 07/06/2026 09:21:18, LastErrorDetails: Failed to pull image: qsaidacr.azurecr.io/qsaid-wi-api:latest. Image pull failed with forbidden or unauthorized. Check registry credentials., Details: Site is blocked due to multiple, consecutive cold start failures. Site scheduled to be unblocked at 07/06/2026 09:22:18, DetailsLevel: WARN
2026-07-06T09:21:50.2339531+00:00 ContainerStatus: Start site prohibitted because the site is being blocked.
2026-07-06T09:21:55.3907881+00:00 ContainerStatus: State: Blocked, Action: None, LastError: ImagePullUnauthorizedFailure, LastErrorTimestamp: 07/06/2026 09:21:18, LastErrorDetails: Failed to pull image: qsaidacr.azurecr.io/qsaid-wi-api:latest. Image pull failed with forbidden or unauthorized. Check registry credentials., Details: Site is blocked due to multiple, consecutive cold start failures. Site scheduled to be unblocked at 07/06/2026 09:22:18, DetailsLevel: WARN
2026-07-06T09:21:55.3908487+00:00 ContainerStatus: Start site prohibitted because the site is being blocked.
2026-07-06T09:22:00.5927321+00:00 ContainerStatus: State: Blocked, Action: None, LastError: ImagePullUnauthorizedFailure, LastErrorTimestamp: 07/06/2026 09:21:18, LastErrorDetails: Failed to pull image: qsaidacr.azurecr.io/qsaid-wi-api:latest. Image pull failed with forbidden or unauthorized. Check registry credentials., Details: Site is blocked due to multiple, consecutive cold start failures. Site scheduled to be unblocked at 07/06/2026 09:22:18, DetailsLevel: WARN
2026-07-06T09:22:00.5927838+00:00 ContainerStatus: Start site prohibitted because the site is being blocked.
2026-07-06T09:22:05.7475654+00:00 ContainerStatus: State: Blocked, Action: None, LastError: ImagePullUnauthorizedFailure, LastErrorTimestamp: 07/06/2026 09:21:18, LastErrorDetails: Failed to pull image: qsaidacr.azurecr.io/qsaid-wi-api:latest. Image pull failed with forbidden or unauthorized. Check registry credentials., Details: Site is blocked due to multiple, consecutive cold start failures. Site scheduled to be unblocked at 07/06/2026 09:22:18, DetailsLevel: WARN
2026-07-06T09:22:05.7475909+00:00 ContainerStatus: Start site prohibitted because the site is being blocked.
2026-07-06T09:22:11.1932160+00:00 ContainerStatus: State: Blocked, Action: None, LastError: ImagePullUnauthorizedFailure, LastErrorTimestamp: 07/06/2026 09:21:18, LastErrorDetails: Failed to pull image: qsaidacr.azurecr.io/qsaid-wi-api:latest. Image pull failed with forbidden or unauthorized. Check registry credentials., Details: Site is blocked due to multiple, consecutive cold start failures. Site scheduled to be unblocked at 07/06/2026 09:22:18, DetailsLevel: WARN
2026-07-06T09:22:11.1932468+00:00 ContainerStatus: Start site prohibitted because the site is being blocked.
2026-07-06T09:22:16.5206938+00:00 ContainerStatus: State: Blocked, Action: None, LastError: ImagePullUnauthorizedFailure, LastErrorTimestamp: 07/06/2026 09:21:18, LastErrorDetails: Failed to pull image: qsaidacr.azurecr.io/qsaid-wi-api:latest. Image pull failed with forbidden or unauthorized. Check registry credentials., Details: Site is blocked due to multiple, consecutive cold start failures. Site scheduled to be unblocked at 07/06/2026 09:22:18, DetailsLevel: WARN
2026-07-06T09:22:16.5207849+00:00 ContainerStatus: Start site prohibitted because the site is being blocked.
2026-07-06T09:22:18.9638055+00:00 ContainerStatus: Site: qsaid-wi-api is unblocked.
2026-07-06T09:22:21.9612802+00:00 ContainerStatus: State: Starting, Action: EstablishingSiteNetworks, LastError: ImagePullUnauthorizedFailure, LastErrorTimestamp: 07/06/2026 09:21:18, LastErrorDetails: Failed to pull image: qsaidacr.azurecr.io/qsaid-wi-api:latest. Image pull failed with forbidden or unauthorized. Check registry credentials., Details: Site is blocked due to multiple, consecutive cold start failures. Site scheduled to be unblocked at 07/06/2026 09:22:18, DetailsLevel: WARN
2026-07-06T09:22:24.8880701+00:00 ContainerStatus: State: Starting, Action: StartingSiteContainers, LastError: ImagePullUnauthorizedFailure, LastErrorTimestamp: 07/06/2026 09:21:18, LastErrorDetails: Failed to pull image: qsaidacr.azurecr.io/qsaid-wi-api:latest. Image pull failed with forbidden or unauthorized. Check registry credentials., Details: Site is blocked due to multiple, consecutive cold start failures. Site scheduled to be unblocked at 07/06/2026 09:22:18, DetailsLevel: WARN
2026-07-06T09:22:24.8882012+00:00 ContainerStatus: Container start method called.
2026-07-06T09:22:24.8882478+00:00 ContainerStatus: State: Starting, Action: PullingImage, LastError: ImagePullUnauthorizedFailure, LastErrorTimestamp: 07/06/2026 09:21:18, LastErrorDetails: Failed to pull image: qsaidacr.azurecr.io/qsaid-wi-api:latest. Image pull failed with forbidden or unauthorized. Check registry credentials., Details: Pulling image qsaidacr.azurecr.io/qsaid-wi-api:latest for qsaid-wi-api., DetailsLevel: INFO
2026-07-06T09:22:24.8883305+00:00 ContainerStatus: Establishing network.
2026-07-06T09:22:24.8884312+00:00 ContainerStatus: Pulling image: qsaidacr.azurecr.io/qsaid-wi-api:latest.
2026-07-06T09:22:32.4118028+00:00 ContainerStatus: Container pull image failed with reason: ImagePullFailure. Revert by terminate.
2026-07-06T09:22:32.4123318+00:00 ContainerStatus: Container is terminating. Grace period: 5 seconds.
2026-07-06T09:22:32.4133271+00:00 ContainerStatus: Container spec TerminationMessagePolicy  path 
2026-07-06T09:22:32.4214545+00:00 ContainerStatus: Container is terminated. Total time elapsed: 1 ms.
2026-07-06T09:22:32.4222639+00:00 ContainerStatus: Site container: qsaid-wi-api terminated during site startup.
2026-07-06T09:22:32.4224088+00:00 ContainerStatus: State: Stopping, Action: CancellingStartup, LastError: ImagePullUnauthorizedFailure, LastErrorTimestamp: 07/06/2026 09:21:18, LastErrorDetails: Failed to pull image: qsaidacr.azurecr.io/qsaid-wi-api:latest. Image pull failed with forbidden or unauthorized. Check registry credentials., Details: Site container: qsaid-wi-api terminated during site startup. Cancelling site startup., DetailsLevel: ERR
2026-07-06T09:22:32.4310377+00:00 ContainerStatus: State: Stopping, Action: CancellingStartup, LastError: ImagePullUnauthorizedFailure, LastErrorTimestamp: 07/06/2026 09:22:32, LastErrorDetails: Failed to pull image: qsaidacr.azurecr.io/qsaid-wi-api:latest. Image pull failed with forbidden or unauthorized. Check registry credentials., Details: Site container: qsaid-wi-api terminated during site startup. Cancelling site startup., DetailsLevel: ERR
2026-07-06T09:22:32.4433411+00:00 ContainerStatus: Failed to start site. Revert by stopping site.
2026-07-06T09:22:32.4435772+00:00 ContainerStatus: State: Stopping, Action: StoppingSite, LastError: ImagePullUnauthorizedFailure, LastErrorTimestamp: 07/06/2026 09:22:32, LastErrorDetails: Failed to pull image: qsaidacr.azurecr.io/qsaid-wi-api:latest. Image pull failed with forbidden or unauthorized. Check registry credentials., Details: Site container: qsaid-wi-api terminated during site startup. Cancelling site startup., DetailsLevel: ERR
2026-07-06T09:22:32.4514345+00:00 ContainerStatus: State: Stopping, Action: StoppingSiteContainers, LastError: ImagePullUnauthorizedFailure, LastErrorTimestamp: 07/06/2026 09:22:32, LastErrorDetails: Failed to pull image: qsaidacr.azurecr.io/qsaid-wi-api:latest. Image pull failed with forbidden or unauthorized. Check registry credentials., Details: Site container: qsaid-wi-api terminated during site startup. Cancelling site startup., DetailsLevel: ERR
2026-07-06T09:22:32.4514660+00:00 ContainerStatus: Site: qsaid-wi-api stopped.
========== New Cold Start Attempt (2026-07-06T09:22:32.4541058+00:00) ==========
2026-07-06T09:22:32.4541058+00:00 ContainerStatus: State: Stopping, Action: UnmountingVolumes, LastError: ImagePullUnauthorizedFailure, LastErrorTimestamp: 07/06/2026 09:22:32, LastErrorDetails: Failed to pull image: qsaidacr.azurecr.io/qsaid-wi-api:latest. Image pull failed with forbidden or unauthorized. Check registry credentials., Details: Site container: qsaid-wi-api terminated during site startup. Cancelling site startup., DetailsLevel: ERR
2026-07-06T09:22:32.7009510+00:00 ContainerStatus: State: Stopping, Action: StoppingSiteNetworks, LastError: ImagePullUnauthorizedFailure, LastErrorTimestamp: 07/06/2026 09:22:32, LastErrorDetails: Failed to pull image: qsaidacr.azurecr.io/qsaid-wi-api:latest. Image pull failed with forbidden or unauthorized. Check registry credentials., Details: Site container: qsaid-wi-api terminated during site startup. Cancelling site startup., DetailsLevel: ERR
2026-07-06T09:22:32.9956891+00:00 ContainerStatus: Site: qsaid-wi-api will be blocked for 1 minutes till 07/06/2026 09:23:32
2026-07-06T09:22:32.9966147+00:00 ContainerStatus: State: Blocked, Action: StoppingSiteNetworks, LastError: ImagePullUnauthorizedFailure, LastErrorTimestamp: 07/06/2026 09:22:32, LastErrorDetails: Failed to pull image: qsaidacr.azurecr.io/qsaid-wi-api:latest. Image pull failed with forbidden or unauthorized. Check registry credentials., Details: Site: qsaid-wi-api will be blocked for 1 minutes till 07/06/2026 09:23:32, DetailsLevel: WARN
2026-07-06T09:22:33.0067532+00:00 ContainerStatus: State: Stopped, Action: None, LastError: ImagePullUnauthorizedFailure, LastErrorTimestamp: 07/06/2026 09:22:32, LastErrorDetails: Failed to pull image: qsaidacr.azurecr.io/qsaid-wi-api:latest. Image pull failed with forbidden or unauthorized. Check registry credentials., Details: Site stopped at 07/06/2026 09:22:33 (UTC), DetailsLevel: WARN
2026-07-06T09:22:33.3883741+00:00 ContainerStatus: State: Stopped, Action: None, LastError: ImagePullUnauthorizedFailure, LastErrorTimestamp: 07/06/2026 09:22:32, LastErrorDetails: Failed to pull image: qsaidacr.azurecr.io/qsaid-wi-api:latest. Image pull failed with forbidden or unauthorized. Check registry credentials., Details: Site stopped at 07/06/2026 09:22:33 (UTC), DetailsLevel: WARN
2026-07-06T09:22:38.4460914+00:00 ContainerStatus: State: Blocked, Action: None, LastError: ImagePullUnauthorizedFailure, LastErrorTimestamp: 07/06/2026 09:22:32, LastErrorDetails: Failed to pull image: qsaidacr.azurecr.io/qsaid-wi-api:latest. Image pull failed with forbidden or unauthorized. Check registry credentials., Details: Site is blocked due to multiple, consecutive cold start failures. Site scheduled to be unblocked at 07/06/2026 09:23:32, DetailsLevel: WARN
2026-07-06T09:22:38.4462423+00:00 ContainerStatus: Start site prohibitted because the site is being blocked.
2026-07-06T09:22:43.5332082+00:00 ContainerStatus: State: Blocked, Action: None, LastError: ImagePullUnauthorizedFailure, LastErrorTimestamp: 07/06/2026 09:22:32, LastErrorDetails: Failed to pull image: qsaidacr.azurecr.io/qsaid-wi-api:latest. Image pull failed with forbidden or unauthorized. Check registry credentials., Details: Site is blocked due to multiple, consecutive cold start failures. Site scheduled to be unblocked at 07/06/2026 09:23:32, DetailsLevel: WARN
2026-07-06T09:22:43.6015441+00:00 ContainerStatus: Start site prohibitted because the site is being blocked.
2026-07-06T09:22:48.8359572+00:00 ContainerStatus: State: Blocked, Action: None, LastError: ImagePullUnauthorizedFailure, LastErrorTimestamp: 07/06/2026 09:22:32, LastErrorDetails: Failed to pull image: qsaidacr.azurecr.io/qsaid-wi-api:latest. Image pull failed with forbidden or unauthorized. Check registry credentials., Details: Site is blocked due to multiple, consecutive cold start failures. Site scheduled to be unblocked at 07/06/2026 09:23:32, DetailsLevel: WARN
2026-07-06T09:22:48.8360464+00:00 ContainerStatus: Start site prohibitted because the site is being blocked.
2026-07-06T09:22:53.9774241+00:00 ContainerStatus: State: Blocked, Action: None, LastError: ImagePullUnauthorizedFailure, LastErrorTimestamp: 07/06/2026 09:22:32, LastErrorDetails: Failed to pull image: qsaidacr.azurecr.io/qsaid-wi-api:latest. Image pull failed with forbidden or unauthorized. Check registry credentials., Details: Site is blocked due to multiple, consecutive cold start failures. Site scheduled to be unblocked at 07/06/2026 09:23:32, DetailsLevel: WARN
2026-07-06T09:22:53.9774987+00:00 ContainerStatus: Start site prohibitted because the site is being blocked.
2026-07-06T09:22:59.1292947+00:00 ContainerStatus: State: Blocked, Action: None, LastError: ImagePullUnauthorizedFailure, LastErrorTimestamp: 07/06/2026 09:22:32, LastErrorDetails: Failed to pull image: qsaidacr.azurecr.io/qsaid-wi-api:latest. Image pull failed with forbidden or unauthorized. Check registry credentials., Details: Site is blocked due to multiple, consecutive cold start failures. Site scheduled to be unblocked at 07/06/2026 09:23:32, DetailsLevel: WARN
2026-07-06T09:22:59.1293247+00:00 ContainerStatus: Start site prohibitted because the site is being blocked.
2026-07-06T09:23:04.2508836+00:00 ContainerStatus: State: Blocked, Action: None, LastError: ImagePullUnauthorizedFailure, LastErrorTimestamp: 07/06/2026 09:22:32, LastErrorDetails: Failed to pull image: qsaidacr.azurecr.io/qsaid-wi-api:latest. Image pull failed with forbidden or unauthorized. Check registry credentials., Details: Site is blocked due to multiple, consecutive cold start failures. Site scheduled to be unblocked at 07/06/2026 09:23:32, DetailsLevel: WARN
2026-07-06T09:23:04.2509433+00:00 ContainerStatus: Start site prohibitted because the site is being blocked.
2026-07-06T09:23:09.4899285+00:00 ContainerStatus: State: Blocked, Action: None, LastError: ImagePullUnauthorizedFailure, LastErrorTimestamp: 07/06/2026 09:22:32, LastErrorDetails: Failed to pull image: qsaidacr.azurecr.io/qsaid-wi-api:latest. Image pull failed with forbidden or unauthorized. Check registry credentials., Details: Site is blocked due to multiple, consecutive cold start failures. Site scheduled to be unblocked at 07/06/2026 09:23:32, DetailsLevel: WARN
2026-07-06T09:23:09.4900812+00:00 ContainerStatus: Start site prohibitted because the site is being blocked.
2026-07-06T09:23:14.6091478+00:00 ContainerStatus: State: Blocked, Action: None, LastError: ImagePullUnauthorizedFailure, LastErrorTimestamp: 07/06/2026 09:22:32, LastErrorDetails: Failed to pull image: qsaidacr.azurecr.io/qsaid-wi-api:latest. Image pull failed with forbidden or unauthorized. Check registry credentials., Details: Site is blocked due to multiple, consecutive cold start failures. Site scheduled to be unblocked at 07/06/2026 09:23:32, DetailsLevel: WARN
2026-07-06T09:23:14.6092088+00:00 ContainerStatus: Start site prohibitted because the site is being blocked.
2026-07-06T09:23:19.7103470+00:00 ContainerStatus: State: Blocked, Action: None, LastError: ImagePullUnauthorizedFailure, LastErrorTimestamp: 07/06/2026 09:22:32, LastErrorDetails: Failed to pull image: qsaidacr.azurecr.io/qsaid-wi-api:latest. Image pull failed with forbidden or unauthorized. Check registry credentials., Details: Site is blocked due to multiple, consecutive cold start failures. Site scheduled to be unblocked at 07/06/2026 09:23:32, DetailsLevel: WARN
2026-07-06T09:23:19.7104051+00:00 ContainerStatus: Start site prohibitted because the site is being blocked.
2026-07-06T09:23:24.8830907+00:00 ContainerStatus: State: Blocked, Action: None, LastError: ImagePullUnauthorizedFailure, LastErrorTimestamp: 07/06/2026 09:22:32, LastErrorDetails: Failed to pull image: qsaidacr.azurecr.io/qsaid-wi-api:latest. Image pull failed with forbidden or unauthorized. Check registry credentials., Details: Site is blocked due to multiple, consecutive cold start failures. Site scheduled to be unblocked at 07/06/2026 09:23:32, DetailsLevel: WARN
2026-07-06T09:23:24.8831431+00:00 ContainerStatus: Start site prohibitted because the site is being blocked.
2026-07-06T09:23:29.9785545+00:00 ContainerStatus: State: Blocked, Action: None, LastError: ImagePullUnauthorizedFailure, LastErrorTimestamp: 07/06/2026 09:22:32, LastErrorDetails: Failed to pull image: qsaidacr.azurecr.io/qsaid-wi-api:latest. Image pull failed with forbidden or unauthorized. Check registry credentials., Details: Site is blocked due to multiple, consecutive cold start failures. Site scheduled to be unblocked at 07/06/2026 09:23:32, DetailsLevel: WARN
2026-07-06T09:23:29.9793813+00:00 ContainerStatus: Start site prohibitted because the site is being blocked.
2026-07-06T09:23:33.0013205+00:00 ContainerStatus: Site: qsaid-wi-api is unblocked.
2026-07-06T09:23:35.0570460+00:00 ContainerStatus: State: Starting, Action: EstablishingSiteNetworks, LastError: ImagePullUnauthorizedFailure, LastErrorTimestamp: 07/06/2026 09:22:32, LastErrorDetails: Failed to pull image: qsaidacr.azurecr.io/qsaid-wi-api:latest. Image pull failed with forbidden or unauthorized. Check registry credentials., Details: Site is blocked due to multiple, consecutive cold start failures. Site scheduled to be unblocked at 07/06/2026 09:23:32, DetailsLevel: WARN
2026-07-06T09:23:36.5961760+00:00 ContainerStatus: State: Starting, Action: StartingSiteContainers, LastError: ImagePullUnauthorizedFailure, LastErrorTimestamp: 07/06/2026 09:22:32, LastErrorDetails: Failed to pull image: qsaidacr.azurecr.io/qsaid-wi-api:latest. Image pull failed with forbidden or unauthorized. Check registry credentials., Details: Site is blocked due to multiple, consecutive cold start failures. Site scheduled to be unblocked at 07/06/2026 09:23:32, DetailsLevel: WARN
2026-07-06T09:23:36.5963786+00:00 ContainerStatus: Container start method called.
2026-07-06T09:23:36.5964560+00:00 ContainerStatus: State: Starting, Action: PullingImage, LastError: ImagePullUnauthorizedFailure, LastErrorTimestamp: 07/06/2026 09:22:32, LastErrorDetails: Failed to pull image: qsaidacr.azurecr.io/qsaid-wi-api:latest. Image pull failed with forbidden or unauthorized. Check registry credentials., Details: Pulling image qsaidacr.azurecr.io/qsaid-wi-api:latest for qsaid-wi-api., DetailsLevel: INFO
2026-07-06T09:23:36.5965487+00:00 ContainerStatus: Establishing network.
2026-07-06T09:23:36.5966566+00:00 ContainerStatus: Pulling image: qsaidacr.azurecr.io/qsaid-wi-api:latest.
2026-07-06T09:23:40.1112057+00:00 ContainerStatus: Container pull image failed with reason: ImagePullFailure. Revert by terminate.
2026-07-06T09:23:40.1114648+00:00 ContainerStatus: Container is terminating. Grace period: 5 seconds.
2026-07-06T09:23:40.1127280+00:00 ContainerStatus: Container spec TerminationMessagePolicy  path 
2026-07-06T09:23:40.1132173+00:00 ContainerStatus: Container is terminated. Total time elapsed: 0 ms.
2026-07-06T09:23:40.1134896+00:00 ContainerStatus: Site container: qsaid-wi-api terminated during site startup.
2026-07-06T09:23:40.1135783+00:00 ContainerStatus: State: Stopping, Action: CancellingStartup, LastError: ImagePullUnauthorizedFailure, LastErrorTimestamp: 07/06/2026 09:22:32, LastErrorDetails: Failed to pull image: qsaidacr.azurecr.io/qsaid-wi-api:latest. Image pull failed with forbidden or unauthorized. Check registry credentials., Details: Site container: qsaid-wi-api terminated during site startup. Cancelling site startup., DetailsLevel: ERR
2026-07-06T09:23:40.1140982+00:00 ContainerStatus: State: Stopping, Action: CancellingStartup, LastError: ImagePullUnauthorizedFailure, LastErrorTimestamp: 07/06/2026 09:23:40, LastErrorDetails: Failed to pull image: qsaidacr.azurecr.io/qsaid-wi-api:latest. Image pull failed with forbidden or unauthorized. Check registry credentials., Details: Site container: qsaid-wi-api terminated during site startup. Cancelling site startup., DetailsLevel: ERR
2026-07-06T09:23:40.1335037+00:00 ContainerStatus: Failed to start site. Revert by stopping site.
2026-07-06T09:23:40.1337451+00:00 ContainerStatus: State: Stopping, Action: StoppingSite, LastError: ImagePullUnauthorizedFailure, LastErrorTimestamp: 07/06/2026 09:23:40, LastErrorDetails: Failed to pull image: qsaidacr.azurecr.io/qsaid-wi-api:latest. Image pull failed with forbidden or unauthorized. Check registry credentials., Details: Site container: qsaid-wi-api terminated during site startup. Cancelling site startup., DetailsLevel: ERR
2026-07-06T09:23:40.1339830+00:00 ContainerStatus: State: Stopping, Action: StoppingSiteContainers, LastError: ImagePullUnauthorizedFailure, LastErrorTimestamp: 07/06/2026 09:23:40, LastErrorDetails: Failed to pull image: qsaidacr.azurecr.io/qsaid-wi-api:latest. Image pull failed with forbidden or unauthorized. Check registry credentials., Details: Site container: qsaid-wi-api terminated during site startup. Cancelling site startup., DetailsLevel: ERR
2026-07-06T09:23:40.1340006+00:00 ContainerStatus: Site: qsaid-wi-api stopped.
========== New Cold Start Attempt (2026-07-06T09:23:40.1436153+00:00) ==========
2026-07-06T09:23:40.1436153+00:00 ContainerStatus: State: Stopping, Action: UnmountingVolumes, LastError: ImagePullUnauthorizedFailure, LastErrorTimestamp: 07/06/2026 09:23:40, LastErrorDetails: Failed to pull image: qsaidacr.azurecr.io/qsaid-wi-api:latest. Image pull failed with forbidden or unauthorized. Check registry credentials., Details: Site container: qsaid-wi-api terminated during site startup. Cancelling site startup., DetailsLevel: ERR
2026-07-06T09:23:40.3536422+00:00 ContainerStatus: State: Stopping, Action: StoppingSiteNetworks, LastError: ImagePullUnauthorizedFailure, LastErrorTimestamp: 07/06/2026 09:23:40, LastErrorDetails: Failed to pull image: qsaidacr.azurecr.io/qsaid-wi-api:latest. Image pull failed with forbidden or unauthorized. Check registry credentials., Details: Site container: qsaid-wi-api terminated during site startup. Cancelling site startup., DetailsLevel: ERR
2026-07-06T09:23:40.6454836+00:00 ContainerStatus: Site: qsaid-wi-api will be blocked for 2 minutes till 07/06/2026 09:25:40
2026-07-06T09:23:40.6456691+00:00 ContainerStatus: State: Blocked, Action: StoppingSiteNetworks, LastError: ImagePullUnauthorizedFailure, LastErrorTimestamp: 07/06/2026 09:23:40, LastErrorDetails: Failed to pull image: qsaidacr.azurecr.io/qsaid-wi-api:latest. Image pull failed with forbidden or unauthorized. Check registry credentials., Details: Site: qsaid-wi-api will be blocked for 2 minutes till 07/06/2026 09:25:40, DetailsLevel: WARN
2026-07-06T09:23:40.6459107+00:00 ContainerStatus: State: Stopped, Action: None, LastError: ImagePullUnauthorizedFailure, LastErrorTimestamp: 07/06/2026 09:23:40, LastErrorDetails: Failed to pull image: qsaidacr.azurecr.io/qsaid-wi-api:latest. Image pull failed with forbidden or unauthorized. Check registry credentials., Details: Site stopped at 07/06/2026 09:23:40 (UTC), DetailsLevel: WARN
2026-07-06T09:23:41.0215289+00:00 ContainerStatus: State: Stopped, Action: None, LastError: ImagePullUnauthorizedFailure, LastErrorTimestamp: 07/06/2026 09:23:40, LastErrorDetails: Failed to pull image: qsaidacr.azurecr.io/qsaid-wi-api:latest. Image pull failed with forbidden or unauthorized. Check registry credentials., Details: Site stopped at 07/06/2026 09:23:40 (UTC), DetailsLevel: WARN
2026-07-06T09:23:46.1094737+00:00 ContainerStatus: State: Blocked, Action: None, LastError: ImagePullUnauthorizedFailure, LastErrorTimestamp: 07/06/2026 09:23:40, LastErrorDetails: Failed to pull image: qsaidacr.azurecr.io/qsaid-wi-api:latest. Image pull failed with forbidden or unauthorized. Check registry credentials., Details: Site is blocked due to multiple, consecutive cold start failures. Site scheduled to be unblocked at 07/06/2026 09:25:40, DetailsLevel: WARN
2026-07-06T09:23:46.1095012+00:00 ContainerStatus: Start site prohibitted because the site is being blocked.
2026-07-06T09:23:51.2056436+00:00 ContainerStatus: State: Blocked, Action: None, LastError: ImagePullUnauthorizedFailure, LastErrorTimestamp: 07/06/2026 09:23:40, LastErrorDetails: Failed to pull image: qsaidacr.azurecr.io/qsaid-wi-api:latest. Image pull failed with forbidden or unauthorized. Check registry credentials., Details: Site is blocked due to multiple, consecutive cold start failures. Site scheduled to be unblocked at 07/06/2026 09:25:40, DetailsLevel: WARN
2026-07-06T09:23:51.2056717+00:00 ContainerStatus: Start site prohibitted because the site is being blocked.
2026-07-06T09:23:56.3533580+00:00 ContainerStatus: State: Blocked, Action: None, LastError: ImagePullUnauthorizedFailure, LastErrorTimestamp: 07/06/2026 09:23:40, LastErrorDetails: Failed to pull image: qsaidacr.azurecr.io/qsaid-wi-api:latest. Image pull failed with forbidden or unauthorized. Check registry credentials., Details: Site is blocked due to multiple, consecutive cold start failures. Site scheduled to be unblocked at 07/06/2026 09:25:40, DetailsLevel: WARN
2026-07-06T09:23:56.3535354+00:00 ContainerStatus: Start site prohibitted because the site is being blocked.
2026-07-06T09:24:01.4674107+00:00 ContainerStatus: State: Blocked, Action: None, LastError: ImagePullUnauthorizedFailure, LastErrorTimestamp: 07/06/2026 09:23:40, LastErrorDetails: Failed to pull image: qsaidacr.azurecr.io/qsaid-wi-api:latest. Image pull failed with forbidden or unauthorized. Check registry credentials., Details: Site is blocked due to multiple, consecutive cold start failures. Site scheduled to be unblocked at 07/06/2026 09:25:40, DetailsLevel: WARN
2026-07-06T09:24:01.4674937+00:00 ContainerStatus: Start site prohibitted because the site is being blocked.
2026-07-06T09:24:06.5971933+00:00 ContainerStatus: State: Blocked, Action: None, LastError: ImagePullUnauthorizedFailure, LastErrorTimestamp: 07/06/2026 09:23:40, LastErrorDetails: Failed to pull image: qsaidacr.azurecr.io/qsaid-wi-api:latest. Image pull failed with forbidden or unauthorized. Check registry credentials., Details: Site is blocked due to multiple, consecutive cold start failures. Site scheduled to be unblocked at 07/06/2026 09:25:40, DetailsLevel: WARN
2026-07-06T09:24:06.5972504+00:00 ContainerStatus: Start site prohibitted because the site is being blocked.
2026-07-06T09:24:11.7206944+00:00 ContainerStatus: State: Blocked, Action: None, LastError: ImagePullUnauthorizedFailure, LastErrorTimestamp: 07/06/2026 09:23:40, LastErrorDetails: Failed to pull image: qsaidacr.azurecr.io/qsaid-wi-api:latest. Image pull failed with forbidden or unauthorized. Check registry credentials., Details: Site is blocked due to multiple, consecutive cold start failures. Site scheduled to be unblocked at 07/06/2026 09:25:40, DetailsLevel: WARN
2026-07-06T09:24:11.7207206+00:00 ContainerStatus: Start site prohibitted because the site is being blocked.
2026-07-06T09:24:16.8398474+00:00 ContainerStatus: State: Blocked, Action: None, LastError: ImagePullUnauthorizedFailure, LastErrorTimestamp: 07/06/2026 09:23:40, LastErrorDetails: Failed to pull image: qsaidacr.azurecr.io/qsaid-wi-api:latest. Image pull failed with forbidden or unauthorized. Check registry credentials., Details: Site is blocked due to multiple, consecutive cold start failures. Site scheduled to be unblocked at 07/06/2026 09:25:40, DetailsLevel: WARN
2026-07-06T09:24:16.8399005+00:00 ContainerStatus: Start site prohibitted because the site is being blocked.
2026-07-06T09:24:22.2749770+00:00 ContainerStatus: State: Blocked, Action: None, LastError: ImagePullUnauthorizedFailure, LastErrorTimestamp: 07/06/2026 09:23:40, LastErrorDetails: Failed to pull image: qsaidacr.azurecr.io/qsaid-wi-api:latest. Image pull failed with forbidden or unauthorized. Check registry credentials., Details: Site is blocked due to multiple, consecutive cold start failures. Site scheduled to be unblocked at 07/06/2026 09:25:40, DetailsLevel: WARN
2026-07-06T09:24:22.2750394+00:00 ContainerStatus: Start site prohibitted because the site is being blocked.
2026-07-06T09:24:27.3879238+00:00 ContainerStatus: State: Blocked, Action: None, LastError: ImagePullUnauthorizedFailure, LastErrorTimestamp: 07/06/2026 09:23:40, LastErrorDetails: Failed to pull image: qsaidacr.azurecr.io/qsaid-wi-api:latest. Image pull failed with forbidden or unauthorized. Check registry credentials., Details: Site is blocked due to multiple, consecutive cold start failures. Site scheduled to be unblocked at 07/06/2026 09:25:40, DetailsLevel: WARN
2026-07-06T09:24:27.3879547+00:00 ContainerStatus: Start site prohibitted because the site is being blocked.
2026-07-06T09:24:32.5720654+00:00 ContainerStatus: State: Blocked, Action: None, LastError: ImagePullUnauthorizedFailure, LastErrorTimestamp: 07/06/2026 09:23:40, LastErrorDetails: Failed to pull image: qsaidacr.azurecr.io/qsaid-wi-api:latest. Image pull failed with forbidden or unauthorized. Check registry credentials., Details: Site is blocked due to multiple, consecutive cold start failures. Site scheduled to be unblocked at 07/06/2026 09:25:40, DetailsLevel: WARN
2026-07-06T09:24:32.5723395+00:00 ContainerStatus: Start site prohibitted because the site is being blocked.
2026-07-06T09:24:37.9379511+00:00 ContainerStatus: State: Blocked, Action: None, LastError: ImagePullUnauthorizedFailure, LastErrorTimestamp: 07/06/2026 09:23:40, LastErrorDetails: Failed to pull image: qsaidacr.azurecr.io/qsaid-wi-api:latest. Image pull failed with forbidden or unauthorized. Check registry credentials., Details: Site is blocked due to multiple, consecutive cold start failures. Site scheduled to be unblocked at 07/06/2026 09:25:40, DetailsLevel: WARN
2026-07-06T09:24:37.9379878+00:00 ContainerStatus: Start site prohibitted because the site is being blocked.
2026-07-06T09:24:43.1273841+00:00 ContainerStatus: State: Blocked, Action: None, LastError: ImagePullUnauthorizedFailure, LastErrorTimestamp: 07/06/2026 09:23:40, LastErrorDetails: Failed to pull image: qsaidacr.azurecr.io/qsaid-wi-api:latest. Image pull failed with forbidden or unauthorized. Check registry credentials., Details: Site is blocked due to multiple, consecutive cold start failures. Site scheduled to be unblocked at 07/06/2026 09:25:40, DetailsLevel: WARN
2026-07-06T09:24:43.1274113+00:00 ContainerStatus: Start site prohibitted because the site is being blocked.
2026-07-06T09:24:48.3659654+00:00 ContainerStatus: State: Blocked, Action: None, LastError: ImagePullUnauthorizedFailure, LastErrorTimestamp: 07/06/2026 09:23:40, LastErrorDetails: Failed to pull image: qsaidacr.azurecr.io/qsaid-wi-api:latest. Image pull failed with forbidden or unauthorized. Check registry credentials., Details: Site is blocked due to multiple, consecutive cold start failures. Site scheduled to be unblocked at 07/06/2026 09:25:40, DetailsLevel: WARN
2026-07-06T09:24:48.3660127+00:00 ContainerStatus: Start site prohibitted because the site is being blocked.
2026-07-06T09:24:53.5064187+00:00 ContainerStatus: State: Blocked, Action: None, LastError: ImagePullUnauthorizedFailure, LastErrorTimestamp: 07/06/2026 09:23:40, LastErrorDetails: Failed to pull image: qsaidacr.azurecr.io/qsaid-wi-api:latest. Image pull failed with forbidden or unauthorized. Check registry credentials., Details: Site is blocked due to multiple, consecutive cold start failures. Site scheduled to be unblocked at 07/06/2026 09:25:40, DetailsLevel: WARN
2026-07-06T09:24:53.5064575+00:00 ContainerStatus: Start site prohibitted because the site is being blocked.
2026-07-06T09:24:58.7095635+00:00 ContainerStatus: State: Blocked, Action: None, LastError: ImagePullUnauthorizedFailure, LastErrorTimestamp: 07/06/2026 09:23:40, LastErrorDetails: Failed to pull image: qsaidacr.azurecr.io/qsaid-wi-api:latest. Image pull failed with forbidden or unauthorized. Check registry credentials., Details: Site is blocked due to multiple, consecutive cold start failures. Site scheduled to be unblocked at 07/06/2026 09:25:40, DetailsLevel: WARN
2026-07-06T09:24:58.7095939+00:00 ContainerStatus: Start site prohibitted because the site is being blocked.
2026-07-06T09:25:03.9041439+00:00 ContainerStatus: State: Blocked, Action: None, LastError: ImagePullUnauthorizedFailure, LastErrorTimestamp: 07/06/2026 09:23:40, LastErrorDetails: Failed to pull image: qsaidacr.azurecr.io/qsaid-wi-api:latest. Image pull failed with forbidden or unauthorized. Check registry credentials., Details: Site is blocked due to multiple, consecutive cold start failures. Site scheduled to be unblocked at 07/06/2026 09:25:40, DetailsLevel: WARN
2026-07-06T09:25:03.9042061+00:00 ContainerStatus: Start site prohibitted because the site is being blocked.
2026-07-06T09:25:08.9874360+00:00 ContainerStatus: State: Blocked, Action: None, LastError: ImagePullUnauthorizedFailure, LastErrorTimestamp: 07/06/2026 09:23:40, LastErrorDetails: Failed to pull image: qsaidacr.azurecr.io/qsaid-wi-api:latest. Image pull failed with forbidden or unauthorized. Check registry credentials., Details: Site is blocked due to multiple, consecutive cold start failures. Site scheduled to be unblocked at 07/06/2026 09:25:40, DetailsLevel: WARN
2026-07-06T09:25:08.9894646+00:00 ContainerStatus: Start site prohibitted because the site is being blocked.
2026-07-06T09:25:14.0833953+00:00 ContainerStatus: State: Blocked, Action: None, LastError: ImagePullUnauthorizedFailure, LastErrorTimestamp: 07/06/2026 09:23:40, LastErrorDetails: Failed to pull image: qsaidacr.azurecr.io/qsaid-wi-api:latest. Image pull failed with forbidden or unauthorized. Check registry credentials., Details: Site is blocked due to multiple, consecutive cold start failures. Site scheduled to be unblocked at 07/06/2026 09:25:40, DetailsLevel: WARN
2026-07-06T09:25:14.0834246+00:00 ContainerStatus: Start site prohibitted because the site is being blocked.
2026-07-06T09:25:19.2652590+00:00 ContainerStatus: State: Blocked, Action: None, LastError: ImagePullUnauthorizedFailure, LastErrorTimestamp: 07/06/2026 09:23:40, LastErrorDetails: Failed to pull image: qsaidacr.azurecr.io/qsaid-wi-api:latest. Image pull failed with forbidden or unauthorized. Check registry credentials., Details: Site is blocked due to multiple, consecutive cold start failures. Site scheduled to be unblocked at 07/06/2026 09:25:40, DetailsLevel: WARN
2026-07-06T09:25:19.2653317+00:00 ContainerStatus: Start site prohibitted because the site is being blocked.
2026-07-06T09:25:24.4820777+00:00 ContainerStatus: State: Blocked, Action: None, LastError: ImagePullUnauthorizedFailure, LastErrorTimestamp: 07/06/2026 09:23:40, LastErrorDetails: Failed to pull image: qsaidacr.azurecr.io/qsaid-wi-api:latest. Image pull failed with forbidden or unauthorized. Check registry credentials., Details: Site is blocked due to multiple, consecutive cold start failures. Site scheduled to be unblocked at 07/06/2026 09:25:40, DetailsLevel: WARN
2026-07-06T09:25:24.4821148+00:00 ContainerStatus: Start site prohibitted because the site is being blocked.
2026-07-06T09:25:29.6653765+00:00 ContainerStatus: State: Blocked, Action: None, LastError: ImagePullUnauthorizedFailure, LastErrorTimestamp: 07/06/2026 09:23:40, LastErrorDetails: Failed to pull image: qsaidacr.azurecr.io/qsaid-wi-api:latest. Image pull failed with forbidden or unauthorized. Check registry credentials., Details: Site is blocked due to multiple, consecutive cold start failures. Site scheduled to be unblocked at 07/06/2026 09:25:40, DetailsLevel: WARN
2026-07-06T09:25:29.6654374+00:00 ContainerStatus: Start site prohibitted because the site is being blocked.
2026-07-06T09:25:34.9563222+00:00 ContainerStatus: State: Blocked, Action: None, LastError: ImagePullUnauthorizedFailure, LastErrorTimestamp: 07/06/2026 09:23:40, LastErrorDetails: Failed to pull image: qsaidacr.azurecr.io/qsaid-wi-api:latest. Image pull failed with forbidden or unauthorized. Check registry credentials., Details: Site is blocked due to multiple, consecutive cold start failures. Site scheduled to be unblocked at 07/06/2026 09:25:40, DetailsLevel: WARN
2026-07-06T09:25:34.9563819+00:00 ContainerStatus: Start site prohibitted because the site is being blocked.
2026-07-06T09:25:40.0706710+00:00 ContainerStatus: State: Blocked, Action: None, LastError: ImagePullUnauthorizedFailure, LastErrorTimestamp: 07/06/2026 09:23:40, LastErrorDetails: Failed to pull image: qsaidacr.azurecr.io/qsaid-wi-api:latest. Image pull failed with forbidden or unauthorized. Check registry credentials., Details: Site is blocked due to multiple, consecutive cold start failures. Site scheduled to be unblocked at 07/06/2026 09:25:40, DetailsLevel: WARN
2026-07-06T09:25:40.0707064+00:00 ContainerStatus: Start site prohibitted because the site is being blocked.
2026-07-06T09:25:40.6473459+00:00 ContainerStatus: Site: qsaid-wi-api is unblocked.
2026-07-06T09:25:45.1654419+00:00 ContainerStatus: State: Starting, Action: EstablishingSiteNetworks, LastError: ImagePullUnauthorizedFailure, LastErrorTimestamp: 07/06/2026 09:23:40, LastErrorDetails: Failed to pull image: qsaidacr.azurecr.io/qsaid-wi-api:latest. Image pull failed with forbidden or unauthorized. Check registry credentials., Details: Site is blocked due to multiple, consecutive cold start failures. Site scheduled to be unblocked at 07/06/2026 09:25:40, DetailsLevel: WARN
2026-07-06T09:25:47.1819127+00:00 ContainerStatus: State: Starting, Action: StartingSiteContainers, LastError: ImagePullUnauthorizedFailure, LastErrorTimestamp: 07/06/2026 09:23:40, LastErrorDetails: Failed to pull image: qsaidacr.azurecr.io/qsaid-wi-api:latest. Image pull failed with forbidden or unauthorized. Check registry credentials., Details: Site is blocked due to multiple, consecutive cold start failures. Site scheduled to be unblocked at 07/06/2026 09:25:40, DetailsLevel: WARN
2026-07-06T09:25:47.1820256+00:00 ContainerStatus: Container start method called.
2026-07-06T09:25:47.1820782+00:00 ContainerStatus: State: Starting, Action: PullingImage, LastError: ImagePullUnauthorizedFailure, LastErrorTimestamp: 07/06/2026 09:23:40, LastErrorDetails: Failed to pull image: qsaidacr.azurecr.io/qsaid-wi-api:latest. Image pull failed with forbidden or unauthorized. Check registry credentials., Details: Pulling image qsaidacr.azurecr.io/qsaid-wi-api:latest for qsaid-wi-api., DetailsLevel: INFO
2026-07-06T09:25:47.1821622+00:00 ContainerStatus: Establishing network.
2026-07-06T09:25:47.1822672+00:00 ContainerStatus: Pulling image: qsaidacr.azurecr.io/qsaid-wi-api:latest.
2026-07-06T09:25:50.7169201+00:00 ContainerStatus: Container pull image failed with reason: ImagePullFailure. Revert by terminate.
2026-07-06T09:25:50.7174979+00:00 ContainerStatus: Container is terminating. Grace period: 5 seconds.
2026-07-06T09:25:50.7179293+00:00 ContainerStatus: Container spec TerminationMessagePolicy  path 
2026-07-06T09:25:50.7187713+00:00 ContainerStatus: Container is terminated. Total time elapsed: 0 ms.
2026-07-06T09:25:50.7189065+00:00 ContainerStatus: Site container: qsaid-wi-api terminated during site startup.
2026-07-06T09:25:50.7189916+00:00 ContainerStatus: State: Stopping, Action: CancellingStartup, LastError: ImagePullUnauthorizedFailure, LastErrorTimestamp: 07/06/2026 09:23:40, LastErrorDetails: Failed to pull image: qsaidacr.azurecr.io/qsaid-wi-api:latest. Image pull failed with forbidden or unauthorized. Check registry credentials., Details: Site container: qsaid-wi-api terminated during site startup. Cancelling site startup., DetailsLevel: ERR
2026-07-06T09:25:50.7195645+00:00 ContainerStatus: State: Stopping, Action: CancellingStartup, LastError: ImagePullUnauthorizedFailure, LastErrorTimestamp: 07/06/2026 09:25:50, LastErrorDetails: Failed to pull image: qsaidacr.azurecr.io/qsaid-wi-api:latest. Image pull failed with forbidden or unauthorized. Check registry credentials., Details: Site container: qsaid-wi-api terminated during site startup. Cancelling site startup., DetailsLevel: ERR
2026-07-06T09:25:50.7497922+00:00 ContainerStatus: Failed to start site. Revert by stopping site.
2026-07-06T09:25:50.7572350+00:00 ContainerStatus: State: Stopping, Action: StoppingSite, LastError: ImagePullUnauthorizedFailure, LastErrorTimestamp: 07/06/2026 09:25:50, LastErrorDetails: Failed to pull image: qsaidacr.azurecr.io/qsaid-wi-api:latest. Image pull failed with forbidden or unauthorized. Check registry credentials., Details: Site container: qsaid-wi-api terminated during site startup. Cancelling site startup., DetailsLevel: ERR
2026-07-06T09:25:50.7578236+00:00 ContainerStatus: State: Stopping, Action: StoppingSiteContainers, LastError: ImagePullUnauthorizedFailure, LastErrorTimestamp: 07/06/2026 09:25:50, LastErrorDetails: Failed to pull image: qsaidacr.azurecr.io/qsaid-wi-api:latest. Image pull failed with forbidden or unauthorized. Check registry credentials., Details: Site container: qsaid-wi-api terminated during site startup. Cancelling site startup., DetailsLevel: ERR
2026-07-06T09:25:50.7578460+00:00 ContainerStatus: Site: qsaid-wi-api stopped.
========== New Cold Start Attempt (2026-07-06T09:25:50.7690669+00:00) ==========
2026-07-06T09:25:50.7690669+00:00 ContainerStatus: State: Stopping, Action: UnmountingVolumes, LastError: ImagePullUnauthorizedFailure, LastErrorTimestamp: 07/06/2026 09:25:50, LastErrorDetails: Failed to pull image: qsaidacr.azurecr.io/qsaid-wi-api:latest. Image pull failed with forbidden or unauthorized. Check registry credentials., Details: Site container: qsaid-wi-api terminated during site startup. Cancelling site startup., DetailsLevel: ERR
2026-07-06T09:25:50.9797590+00:00 ContainerStatus: State: Stopping, Action: StoppingSiteNetworks, LastError: ImagePullUnauthorizedFailure, LastErrorTimestamp: 07/06/2026 09:25:50, LastErrorDetails: Failed to pull image: qsaidacr.azurecr.io/qsaid-wi-api:latest. Image pull failed with forbidden or unauthorized. Check registry credentials., Details: Site container: qsaid-wi-api terminated during site startup. Cancelling site startup., DetailsLevel: ERR
2026-07-06T09:25:51.1811842+00:00 ContainerStatus: Site: qsaid-wi-api will be blocked for 2 minutes till 07/06/2026 09:27:51
2026-07-06T09:25:51.1813849+00:00 ContainerStatus: State: Blocked, Action: StoppingSiteNetworks, LastError: ImagePullUnauthorizedFailure, LastErrorTimestamp: 07/06/2026 09:25:50, LastErrorDetails: Failed to pull image: qsaidacr.azurecr.io/qsaid-wi-api:latest. Image pull failed with forbidden or unauthorized. Check registry credentials., Details: Site: qsaid-wi-api will be blocked for 2 minutes till 07/06/2026 09:27:51, DetailsLevel: WARN
2026-07-06T09:25:51.1823329+00:00 ContainerStatus: State: Stopped, Action: None, LastError: ImagePullUnauthorizedFailure, LastErrorTimestamp: 07/06/2026 09:25:50, LastErrorDetails: Failed to pull image: qsaidacr.azurecr.io/qsaid-wi-api:latest. Image pull failed with forbidden or unauthorized. Check registry credentials., Details: Site stopped at 07/06/2026 09:25:51 (UTC), DetailsLevel: WARN
2026-07-06T09:25:51.5730037+00:00 ContainerStatus: State: Stopped, Action: None, LastError: ImagePullUnauthorizedFailure, LastErrorTimestamp: 07/06/2026 09:25:50, LastErrorDetails: Failed to pull image: qsaidacr.azurecr.io/qsaid-wi-api:latest. Image pull failed with forbidden or unauthorized. Check registry credentials., Details: Site stopped at 07/06/2026 09:25:51 (UTC), DetailsLevel: WARN
2026-07-06T09:25:56.6430254+00:00 ContainerStatus: State: Blocked, Action: None, LastError: ImagePullUnauthorizedFailure, LastErrorTimestamp: 07/06/2026 09:25:50, LastErrorDetails: Failed to pull image: qsaidacr.azurecr.io/qsaid-wi-api:latest. Image pull failed with forbidden or unauthorized. Check registry credentials., Details: Site is blocked due to multiple, consecutive cold start failures. Site scheduled to be unblocked at 07/06/2026 09:27:51, DetailsLevel: WARN
2026-07-06T09:25:56.6430895+00:00 ContainerStatus: Start site prohibitted because the site is being blocked.
2026-07-06T09:26:01.8237201+00:00 ContainerStatus: State: Blocked, Action: None, LastError: ImagePullUnauthorizedFailure, LastErrorTimestamp: 07/06/2026 09:25:50, LastErrorDetails: Failed to pull image: qsaidacr.azurecr.io/qsaid-wi-api:latest. Image pull failed with forbidden or unauthorized. Check registry credentials., Details: Site is blocked due to multiple, consecutive cold start failures. Site scheduled to be unblocked at 07/06/2026 09:27:51, DetailsLevel: WARN
2026-07-06T09:26:01.8237481+00:00 ContainerStatus: Start site prohibitted because the site is being blocked.
2026-07-06T09:26:06.9623615+00:00 ContainerStatus: State: Blocked, Action: None, LastError: ImagePullUnauthorizedFailure, LastErrorTimestamp: 07/06/2026 09:25:50, LastErrorDetails: Failed to pull image: qsaidacr.azurecr.io/qsaid-wi-api:latest. Image pull failed with forbidden or unauthorized. Check registry credentials., Details: Site is blocked due to multiple, consecutive cold start failures. Site scheduled to be unblocked at 07/06/2026 09:27:51, DetailsLevel: WARN
2026-07-06T09:26:06.9624129+00:00 ContainerStatus: Start site prohibitted because the site is being blocked.
2026-07-06T09:26:12.0521605+00:00 ContainerStatus: State: Blocked, Action: None, LastError: ImagePullUnauthorizedFailure, LastErrorTimestamp: 07/06/2026 09:25:50, LastErrorDetails: Failed to pull image: qsaidacr.azurecr.io/qsaid-wi-api:latest. Image pull failed with forbidden or unauthorized. Check registry credentials., Details: Site is blocked due to multiple, consecutive cold start failures. Site scheduled to be unblocked at 07/06/2026 09:27:51, DetailsLevel: WARN
2026-07-06T09:26:12.0521880+00:00 ContainerStatus: Start site prohibitted because the site is being blocked.
2026-07-06T09:26:17.1361614+00:00 ContainerStatus: State: Blocked, Action: None, LastError: ImagePullUnauthorizedFailure, LastErrorTimestamp: 07/06/2026 09:25:50, LastErrorDetails: Failed to pull image: qsaidacr.azurecr.io/qsaid-wi-api:latest. Image pull failed with forbidden or unauthorized. Check registry credentials., Details: Site is blocked due to multiple, consecutive cold start failures. Site scheduled to be unblocked at 07/06/2026 09:27:51, DetailsLevel: WARN
2026-07-06T09:26:17.1363897+00:00 ContainerStatus: Start site prohibitted because the site is being blocked.
2026-07-06T09:26:22.2400925+00:00 ContainerStatus: State: Blocked, Action: None, LastError: ImagePullUnauthorizedFailure, LastErrorTimestamp: 07/06/2026 09:25:50, LastErrorDetails: Failed to pull image: qsaidacr.azurecr.io/qsaid-wi-api:latest. Image pull failed with forbidden or unauthorized. Check registry credentials., Details: Site is blocked due to multiple, consecutive cold start failures. Site scheduled to be unblocked at 07/06/2026 09:27:51, DetailsLevel: WARN
2026-07-06T09:26:22.2401199+00:00 ContainerStatus: Start site prohibitted because the site is being blocked.
2026-07-06T09:26:27.3537295+00:00 ContainerStatus: State: Blocked, Action: None, LastError: ImagePullUnauthorizedFailure, LastErrorTimestamp: 07/06/2026 09:25:50, LastErrorDetails: Failed to pull image: qsaidacr.azurecr.io/qsaid-wi-api:latest. Image pull failed with forbidden or unauthorized. Check registry credentials., Details: Site is blocked due to multiple, consecutive cold start failures. Site scheduled to be unblocked at 07/06/2026 09:27:51, DetailsLevel: WARN
2026-07-06T09:26:27.3537881+00:00 ContainerStatus: Start site prohibitted because the site is being blocked.
2026-07-06T09:26:32.5011433+00:00 ContainerStatus: State: Blocked, Action: None, LastError: ImagePullUnauthorizedFailure, LastErrorTimestamp: 07/06/2026 09:25:50, LastErrorDetails: Failed to pull image: qsaidacr.azurecr.io/qsaid-wi-api:latest. Image pull failed with forbidden or unauthorized. Check registry credentials., Details: Site is blocked due to multiple, consecutive cold start failures. Site scheduled to be unblocked at 07/06/2026 09:27:51, DetailsLevel: WARN
2026-07-06T09:26:32.5012204+00:00 ContainerStatus: Start site prohibitted because the site is being blocked.
2026-07-06T09:26:37.6247676+00:00 ContainerStatus: State: Blocked, Action: None, LastError: ImagePullUnauthorizedFailure, LastErrorTimestamp: 07/06/2026 09:25:50, LastErrorDetails: Failed to pull image: qsaidacr.azurecr.io/qsaid-wi-api:latest. Image pull failed with forbidden or unauthorized. Check registry credentials., Details: Site is blocked due to multiple, consecutive cold start failures. Site scheduled to be unblocked at 07/06/2026 09:27:51, DetailsLevel: WARN
2026-07-06T09:26:37.6248214+00:00 ContainerStatus: Start site prohibitted because the site is being blocked.
2026-07-06T09:26:42.7558613+00:00 ContainerStatus: State: Blocked, Action: None, LastError: ImagePullUnauthorizedFailure, LastErrorTimestamp: 07/06/2026 09:25:50, LastErrorDetails: Failed to pull image: qsaidacr.azurecr.io/qsaid-wi-api:latest. Image pull failed with forbidden or unauthorized. Check registry credentials., Details: Site is blocked due to multiple, consecutive cold start failures. Site scheduled to be unblocked at 07/06/2026 09:27:51, DetailsLevel: WARN
2026-07-06T09:26:42.7558915+00:00 ContainerStatus: Start site prohibitted because the site is being blocked.
2026-07-06T09:26:47.9131391+00:00 ContainerStatus: State: Blocked, Action: None, LastError: ImagePullUnauthorizedFailure, LastErrorTimestamp: 07/06/2026 09:25:50, LastErrorDetails: Failed to pull image: qsaidacr.azurecr.io/qsaid-wi-api:latest. Image pull failed with forbidden or unauthorized. Check registry credentials., Details: Site is blocked due to multiple, consecutive cold start failures. Site scheduled to be unblocked at 07/06/2026 09:27:51, DetailsLevel: WARN
2026-07-06T09:26:47.9132487+00:00 ContainerStatus: Start site prohibitted because the site is being blocked.
2026-07-06T09:26:53.0022862+00:00 ContainerStatus: State: Blocked, Action: None, LastError: ImagePullUnauthorizedFailure, LastErrorTimestamp: 07/06/2026 09:25:50, LastErrorDetails: Failed to pull image: qsaidacr.azurecr.io/qsaid-wi-api:latest. Image pull failed with forbidden or unauthorized. Check registry credentials., Details: Site is blocked due to multiple, consecutive cold start failures. Site scheduled to be unblocked at 07/06/2026 09:27:51, DetailsLevel: WARN
2026-07-06T09:26:53.0023181+00:00 ContainerStatus: Start site prohibitted because the site is being blocked.
2026-07-06T09:26:58.1114569+00:00 ContainerStatus: State: Blocked, Action: None, LastError: ImagePullUnauthorizedFailure, LastErrorTimestamp: 07/06/2026 09:25:50, LastErrorDetails: Failed to pull image: qsaidacr.azurecr.io/qsaid-wi-api:latest. Image pull failed with forbidden or unauthorized. Check registry credentials., Details: Site is blocked due to multiple, consecutive cold start failures. Site scheduled to be unblocked at 07/06/2026 09:27:51, DetailsLevel: WARN
2026-07-06T09:26:58.1118680+00:00 ContainerStatus: Start site prohibitted because the site is being blocked.
2026-07-06T09:27:03.2086815+00:00 ContainerStatus: State: Blocked, Action: None, LastError: ImagePullUnauthorizedFailure, LastErrorTimestamp: 07/06/2026 09:25:50, LastErrorDetails: Failed to pull image: qsaidacr.azurecr.io/qsaid-wi-api:latest. Image pull failed with forbidden or unauthorized. Check registry credentials., Details: Site is blocked due to multiple, consecutive cold start failures. Site scheduled to be unblocked at 07/06/2026 09:27:51, DetailsLevel: WARN
2026-07-06T09:27:03.2087352+00:00 ContainerStatus: Start site prohibitted because the site is being blocked.
2026-07-06T09:27:08.3017585+00:00 ContainerStatus: State: Blocked, Action: None, LastError: ImagePullUnauthorizedFailure, LastErrorTimestamp: 07/06/2026 09:25:50, LastErrorDetails: Failed to pull image: qsaidacr.azurecr.io/qsaid-wi-api:latest. Image pull failed with forbidden or unauthorized. Check registry credentials., Details: Site is blocked due to multiple, consecutive cold start failures. Site scheduled to be unblocked at 07/06/2026 09:27:51, DetailsLevel: WARN
2026-07-06T09:27:08.3020039+00:00 ContainerStatus: Start site prohibitted because the site is being blocked.
2026-07-06T09:27:13.4513233+00:00 ContainerStatus: State: Blocked, Action: None, LastError: ImagePullUnauthorizedFailure, LastErrorTimestamp: 07/06/2026 09:25:50, LastErrorDetails: Failed to pull image: qsaidacr.azurecr.io/qsaid-wi-api:latest. Image pull failed with forbidden or unauthorized. Check registry credentials., Details: Site is blocked due to multiple, consecutive cold start failures. Site scheduled to be unblocked at 07/06/2026 09:27:51, DetailsLevel: WARN
2026-07-06T09:27:13.4513527+00:00 ContainerStatus: Start site prohibitted because the site is being blocked.
2026-07-06T09:27:18.5949262+00:00 ContainerStatus: State: Blocked, Action: None, LastError: ImagePullUnauthorizedFailure, LastErrorTimestamp: 07/06/2026 09:25:50, LastErrorDetails: Failed to pull image: qsaidacr.azurecr.io/qsaid-wi-api:latest. Image pull failed with forbidden or unauthorized. Check registry credentials., Details: Site is blocked due to multiple, consecutive cold start failures. Site scheduled to be unblocked at 07/06/2026 09:27:51, DetailsLevel: WARN
2026-07-06T09:27:18.5949876+00:00 ContainerStatus: Start site prohibitted because the site is being blocked.
2026-07-06T09:27:23.7873956+00:00 ContainerStatus: State: Blocked, Action: None, LastError: ImagePullUnauthorizedFailure, LastErrorTimestamp: 07/06/2026 09:25:50, LastErrorDetails: Failed to pull image: qsaidacr.azurecr.io/qsaid-wi-api:latest. Image pull failed with forbidden or unauthorized. Check registry credentials., Details: Site is blocked due to multiple, consecutive cold start failures. Site scheduled to be unblocked at 07/06/2026 09:27:51, DetailsLevel: WARN
2026-07-06T09:27:23.7874269+00:00 ContainerStatus: Start site prohibitted because the site is being blocked.
2026-07-06T09:27:29.0221322+00:00 ContainerStatus: State: Blocked, Action: None, LastError: ImagePullUnauthorizedFailure, LastErrorTimestamp: 07/06/2026 09:25:50, LastErrorDetails: Failed to pull image: qsaidacr.azurecr.io/qsaid-wi-api:latest. Image pull failed with forbidden or unauthorized. Check registry credentials., Details: Site is blocked due to multiple, consecutive cold start failures. Site scheduled to be unblocked at 07/06/2026 09:27:51, DetailsLevel: WARN
2026-07-06T09:27:29.0222823+00:00 ContainerStatus: Start site prohibitted because the site is being blocked.
2026-07-06T09:27:34.1436963+00:00 ContainerStatus: State: Blocked, Action: None, LastError: ImagePullUnauthorizedFailure, LastErrorTimestamp: 07/06/2026 09:25:50, LastErrorDetails: Failed to pull image: qsaidacr.azurecr.io/qsaid-wi-api:latest. Image pull failed with forbidden or unauthorized. Check registry credentials., Details: Site is blocked due to multiple, consecutive cold start failures. Site scheduled to be unblocked at 07/06/2026 09:27:51, DetailsLevel: WARN
2026-07-06T09:27:34.1437520+00:00 ContainerStatus: Start site prohibitted because the site is being blocked.
2026-07-06T09:27:39.2447181+00:00 ContainerStatus: State: Blocked, Action: None, LastError: ImagePullUnauthorizedFailure, LastErrorTimestamp: 07/06/2026 09:25:50, LastErrorDetails: Failed to pull image: qsaidacr.azurecr.io/qsaid-wi-api:latest. Image pull failed with forbidden or unauthorized. Check registry credentials., Details: Site is blocked due to multiple, consecutive cold start failures. Site scheduled to be unblocked at 07/06/2026 09:27:51, DetailsLevel: WARN
2026-07-06T09:27:39.2447896+00:00 ContainerStatus: Start site prohibitted because the site is being blocked.
2026-07-06T09:27:44.3436504+00:00 ContainerStatus: State: Blocked, Action: None, LastError: ImagePullUnauthorizedFailure, LastErrorTimestamp: 07/06/2026 09:25:50, LastErrorDetails: Failed to pull image: qsaidacr.azurecr.io/qsaid-wi-api:latest. Image pull failed with forbidden or unauthorized. Check registry credentials., Details: Site is blocked due to multiple, consecutive cold start failures. Site scheduled to be unblocked at 07/06/2026 09:27:51, DetailsLevel: WARN
2026-07-06T09:27:44.3437052+00:00 ContainerStatus: Start site prohibitted because the site is being blocked.
2026-07-06T09:27:49.4478123+00:00 ContainerStatus: State: Blocked, Action: None, LastError: ImagePullUnauthorizedFailure, LastErrorTimestamp: 07/06/2026 09:25:50, LastErrorDetails: Failed to pull image: qsaidacr.azurecr.io/qsaid-wi-api:latest. Image pull failed with forbidden or unauthorized. Check registry credentials., Details: Site is blocked due to multiple, consecutive cold start failures. Site scheduled to be unblocked at 07/06/2026 09:27:51, DetailsLevel: WARN
2026-07-06T09:27:49.4478436+00:00 ContainerStatus: Start site prohibitted because the site is being blocked.
2026-07-06T09:27:51.1829430+00:00 ContainerStatus: Site: qsaid-wi-api is unblocked.
2026-07-06T09:27:54.5197684+00:00 ContainerStatus: State: Starting, Action: EstablishingSiteNetworks, LastError: ImagePullUnauthorizedFailure, LastErrorTimestamp: 07/06/2026 09:25:50, LastErrorDetails: Failed to pull image: qsaidacr.azurecr.io/qsaid-wi-api:latest. Image pull failed with forbidden or unauthorized. Check registry credentials., Details: Site is blocked due to multiple, consecutive cold start failures. Site scheduled to be unblocked at 07/06/2026 09:27:51, DetailsLevel: WARN
2026-07-06T09:27:55.9777914+00:00 ContainerStatus: State: Starting, Action: StartingSiteContainers, LastError: ImagePullUnauthorizedFailure, LastErrorTimestamp: 07/06/2026 09:25:50, LastErrorDetails: Failed to pull image: qsaidacr.azurecr.io/qsaid-wi-api:latest. Image pull failed with forbidden or unauthorized. Check registry credentials., Details: Site is blocked due to multiple, consecutive cold start failures. Site scheduled to be unblocked at 07/06/2026 09:27:51, DetailsLevel: WARN
2026-07-06T09:27:55.9779192+00:00 ContainerStatus: Container start method called.
2026-07-06T09:27:55.9779664+00:00 ContainerStatus: State: Starting, Action: PullingImage, LastError: ImagePullUnauthorizedFailure, LastErrorTimestamp: 07/06/2026 09:25:50, LastErrorDetails: Failed to pull image: qsaidacr.azurecr.io/qsaid-wi-api:latest. Image pull failed with forbidden or unauthorized. Check registry credentials., Details: Pulling image qsaidacr.azurecr.io/qsaid-wi-api:latest for qsaid-wi-api., DetailsLevel: INFO
2026-07-06T09:27:55.9780456+00:00 ContainerStatus: Establishing network.
2026-07-06T09:27:55.9781474+00:00 ContainerStatus: Pulling image: qsaidacr.azurecr.io/qsaid-wi-api:latest.
2026-07-06T09:27:59.0379470+00:00 ContainerStatus: Container pull image failed with reason: ImagePullFailure. Revert by terminate.
2026-07-06T09:27:59.0382066+00:00 ContainerStatus: Container is terminating. Grace period: 5 seconds.
2026-07-06T09:27:59.0389636+00:00 ContainerStatus: Container spec TerminationMessagePolicy  path 
2026-07-06T09:27:59.0567407+00:00 ContainerStatus: Container is terminated. Total time elapsed: 17 ms.
2026-07-06T09:27:59.0572105+00:00 ContainerStatus: Site container: qsaid-wi-api terminated during site startup.
2026-07-06T09:27:59.0579467+00:00 ContainerStatus: State: Stopping, Action: CancellingStartup, LastError: ImagePullUnauthorizedFailure, LastErrorTimestamp: 07/06/2026 09:25:50, LastErrorDetails: Failed to pull image: qsaidacr.azurecr.io/qsaid-wi-api:latest. Image pull failed with forbidden or unauthorized. Check registry credentials., Details: Site container: qsaid-wi-api terminated during site startup. Cancelling site startup., DetailsLevel: ERR
2026-07-06T09:27:59.0667128+00:00 ContainerStatus: State: Stopping, Action: CancellingStartup, LastError: ImagePullUnauthorizedFailure, LastErrorTimestamp: 07/06/2026 09:27:59, LastErrorDetails: Failed to pull image: qsaidacr.azurecr.io/qsaid-wi-api:latest. Image pull failed with forbidden or unauthorized. Check registry credentials., Details: Site container: qsaid-wi-api terminated during site startup. Cancelling site startup., DetailsLevel: ERR
2026-07-06T09:27:59.0781073+00:00 ContainerStatus: Failed to start site. Revert by stopping site.
2026-07-06T09:27:59.0860060+00:00 ContainerStatus: State: Stopping, Action: StoppingSite, LastError: ImagePullUnauthorizedFailure, LastErrorTimestamp: 07/06/2026 09:27:59, LastErrorDetails: Failed to pull image: qsaidacr.azurecr.io/qsaid-wi-api:latest. Image pull failed with forbidden or unauthorized. Check registry credentials., Details: Site container: qsaid-wi-api terminated during site startup. Cancelling site startup., DetailsLevel: ERR
2026-07-06T09:27:59.0862678+00:00 ContainerStatus: State: Stopping, Action: StoppingSiteContainers, LastError: ImagePullUnauthorizedFailure, LastErrorTimestamp: 07/06/2026 09:27:59, LastErrorDetails: Failed to pull image: qsaidacr.azurecr.io/qsaid-wi-api:latest. Image pull failed with forbidden or unauthorized. Check registry credentials., Details: Site container: qsaid-wi-api terminated during site startup. Cancelling site startup., DetailsLevel: ERR
2026-07-06T09:27:59.0862897+00:00 ContainerStatus: Site: qsaid-wi-api stopped.
========== New Cold Start Attempt (2026-07-06T09:47:25.8704442+00:00) ==========
2026-07-06T09:47:25.8704442+00:00 ContainerStatus: State: Starting, Action: EstablishingSiteNetworks, LastError: ImagePullUnauthorizedFailure, LastErrorTimestamp: 07/06/2026 09:27:59, LastErrorDetails: Failed to pull image: qsaidacr.azurecr.io/qsaid-wi-api:latest. Image pull failed with forbidden or unauthorized. Check registry credentials., Details: Site is blocked due to multiple, consecutive cold start failures. Site scheduled to be unblocked at 07/06/2026 09:29:59, DetailsLevel: WARN
2026-07-06T09:47:27.3977879+00:00 ContainerStatus: State: Starting, Action: StartingSiteContainers, LastError: ImagePullUnauthorizedFailure, LastErrorTimestamp: 07/06/2026 09:27:59, LastErrorDetails: Failed to pull image: qsaidacr.azurecr.io/qsaid-wi-api:latest. Image pull failed with forbidden or unauthorized. Check registry credentials., Details: Site is blocked due to multiple, consecutive cold start failures. Site scheduled to be unblocked at 07/06/2026 09:29:59, DetailsLevel: WARN
2026-07-06T09:47:27.3981008+00:00 ContainerStatus: Container start method called.
2026-07-06T09:47:27.3981733+00:00 ContainerStatus: State: Starting, Action: PullingImage, LastError: ImagePullUnauthorizedFailure, LastErrorTimestamp: 07/06/2026 09:27:59, LastErrorDetails: Failed to pull image: qsaidacr.azurecr.io/qsaid-wi-api:latest. Image pull failed with forbidden or unauthorized. Check registry credentials., Details: Pulling image qsaidacr.azurecr.io/qsaid-wi-api:latest for qsaid-wi-api., DetailsLevel: INFO
2026-07-06T09:47:27.3982761+00:00 ContainerStatus: Establishing network.
2026-07-06T09:47:27.3983870+00:00 ContainerStatus: Pulling image: qsaidacr.azurecr.io/qsaid-wi-api:latest.
2026-07-06T09:48:07.4850511+00:00 ContainerStatus: Image qsaidacr.azurecr.io/qsaid-wi-api:latest is pulled from registry qsaidacr.azurecr.io
2026-07-06T09:48:07.4861072+00:00 ContainerStatus: Container is starting.
2026-07-06T09:48:07.4971413+00:00 ContainerStatus: State: Starting, Action: MountingVolumes, LastError: ImagePullUnauthorizedFailure, LastErrorTimestamp: 07/06/2026 09:27:59, LastErrorDetails: Failed to pull image: qsaidacr.azurecr.io/qsaid-wi-api:latest. Image pull failed with forbidden or unauthorized. Check registry credentials., Details: Mounting volumes for qsaid-wi-api., DetailsLevel: INFO
2026-07-06T09:48:07.5048651+00:00 ContainerStatus: Establishing user namespace if not established already.
2026-07-06T09:48:07.5055611+00:00 ContainerStatus: Establishing network if not established already.
2026-07-06T09:48:07.5059559+00:00 ContainerStatus: Mounting volumes.
2026-07-06T09:48:07.5067654+00:00 ContainerStatus: Nested mountpoint volatile/logs
2026-07-06T09:48:07.5255797+00:00 ContainerStatus: Nested mountpoint 
2026-07-06T09:48:07.5754681+00:00 ContainerStatus: Nested mountpoint 
2026-07-06T09:48:07.6164578+00:00 ContainerStatus: State: Starting, Action: CreatingContainer, LastError: ImagePullUnauthorizedFailure, LastErrorTimestamp: 07/06/2026 09:27:59, LastErrorDetails: Failed to pull image: qsaidacr.azurecr.io/qsaid-wi-api:latest. Image pull failed with forbidden or unauthorized. Check registry credentials., Details: Finished pulling container image and mounting volumes for qsaid-wi-api. Allocatinng the rest of the container resources to finish container creation., DetailsLevel: INFO
2026-07-06T09:48:07.6165517+00:00 ContainerStatus: Creating container.
2026-07-06T09:48:07.6166280+00:00 ContainerStatus: Creating pipes for streaming container io.
2026-07-06T09:48:07.6167120+00:00 ContainerStatus: Creating stdout named pipe at /podr/container/pipe/b5176de9a5f1_qsaid-wi-api/stdout_728c7320081f4d73a6e43814ffc5bca6.
2026-07-06T09:48:07.6266869+00:00 ContainerStatus: Successfully created stdout named pipe at: /podr/container/pipe/b5176de9a5f1_qsaid-wi-api/stdout_728c7320081f4d73a6e43814ffc5bca6.
2026-07-06T09:48:07.6267778+00:00 ContainerStatus: Opening named pipe /podr/container/pipe/b5176de9a5f1_qsaid-wi-api/stdout_728c7320081f4d73a6e43814ffc5bca6 for reading in non-blocking mode.
2026-07-06T09:48:07.6268799+00:00 ContainerStatus: Successfully opened named pipe: /podr/container/pipe/b5176de9a5f1_qsaid-wi-api/stdout_728c7320081f4d73a6e43814ffc5bca6.
2026-07-06T09:48:07.6269557+00:00 ContainerStatus: Successfully removed non-blocking flag from /podr/container/pipe/b5176de9a5f1_qsaid-wi-api/stdout_728c7320081f4d73a6e43814ffc5bca6.
2026-07-06T09:48:07.6574431+00:00 ContainerStatus: Creating stderr named pipe at /podr/container/pipe/b5176de9a5f1_qsaid-wi-api/stderr_9f819b05cad7475298c170aaa29f5b09.
2026-07-06T09:48:07.6576058+00:00 ContainerStatus: Successfully created stderr named pipe at: /podr/container/pipe/b5176de9a5f1_qsaid-wi-api/stderr_9f819b05cad7475298c170aaa29f5b09.
2026-07-06T09:48:07.6576813+00:00 ContainerStatus: Opening named pipe /podr/container/pipe/b5176de9a5f1_qsaid-wi-api/stderr_9f819b05cad7475298c170aaa29f5b09 for reading in non-blocking mode.
2026-07-06T09:48:07.6577723+00:00 ContainerStatus: Successfully opened named pipe: /podr/container/pipe/b5176de9a5f1_qsaid-wi-api/stderr_9f819b05cad7475298c170aaa29f5b09.
2026-07-06T09:48:07.6578464+00:00 ContainerStatus: Successfully removed non-blocking flag from /podr/container/pipe/b5176de9a5f1_qsaid-wi-api/stderr_9f819b05cad7475298c170aaa29f5b09.
2026-07-06T09:48:07.6771390+00:00 ContainerStatus: Creating container with image: qsaidacr.azurecr.io/qsaid-wi-api:latest from registry: qsaidacr.azurecr.io and fully qualified image name: qsaidacr.azurecr.io/qsaid-wi-api:latest
2026-07-06T09:48:08.3438972+00:00 ContainerStatus: Starting container: b5176de9a5f1_qsaid-wi-api.
2026-07-06T09:48:08.4016111+00:00 ContainerStatus: Starting watchers and probes.
2026-07-06T09:48:08.4110536+00:00 ContainerStatus: Starting metrics collection.
2026-07-06T09:48:08.4312317+00:00 ContainerStatus: Container is running.
2026-07-06T09:48:08.4326227+00:00 ContainerStatus: State: Starting, Action: CreatingContainer, LastError: ImagePullUnauthorizedFailure, LastErrorTimestamp: 07/06/2026 09:27:59, LastErrorDetails: Failed to pull image: qsaidacr.azurecr.io/qsaid-wi-api:latest. Image pull failed with forbidden or unauthorized. Check registry credentials., Details: Container qsaid-wi-api successfully created and is running., DetailsLevel: INFO
2026-07-06T09:48:08.4702914+00:00 ContainerStream: scripts/startup.sh: 2: set: Illegal option -
2026-07-06T09:48:08.9453161+00:00 ContainerStatus: Container start method finished after 41537 ms.
2026-07-06T09:48:08.9455592+00:00 ContainerStatus: State: Starting, Action: InitiatingSiteWarmUpProbe, LastError: ImagePullUnauthorizedFailure, LastErrorTimestamp: 07/06/2026 09:27:59, LastErrorDetails: Failed to pull image: qsaidacr.azurecr.io/qsaid-wi-api:latest. Image pull failed with forbidden or unauthorized. Check registry credentials., Details: Container qsaid-wi-api successfully created and is running., DetailsLevel: INFO
2026-07-06T09:48:08.9455826+00:00 ContainerStatus: State: Starting, Action: WaitingForSiteWarmUpProbeSuccess, LastError: ImagePullUnauthorizedFailure, LastErrorTimestamp: 07/06/2026 09:27:59, LastErrorDetails: Failed to pull image: qsaidacr.azurecr.io/qsaid-wi-api:latest. Image pull failed with forbidden or unauthorized. Check registry credentials., Details: Pinging warmup path to ensure container is ready to receive requests., DetailsLevel: INFO
2026-07-06T09:48:08.9542730+00:00 ContainerStatus: Container has finished running with exit code: 2.
2026-07-06T09:48:08.9544939+00:00 ContainerStatus: Container is terminating. Grace period: 5 seconds.
2026-07-06T09:48:09.0460443+00:00 ContainerStatus: Stop and delete container. Retry count = 0
2026-07-06T09:48:09.0547794+00:00 ContainerStatus: Stopping container: b5176de9a5f1_qsaid-wi-api.
2026-07-06T09:48:09.2449806+00:00 ContainerStatus: Deleting container: b5176de9a5f1_qsaid-wi-api. Retry count = 0
2026-07-06T09:48:09.7190498+00:00 ContainerStatus: Container spec TerminationMessagePolicy  path 
2026-07-06T09:48:09.7279996+00:00 ContainerStatus: Container is terminated. Total time elapsed: 765 ms.
2026-07-06T09:48:09.7287859+00:00 ContainerStatus: Site container: qsaid-wi-api terminated during site startup.
2026-07-06T09:48:09.7294565+00:00 ContainerStatus: State: Stopping, Action: CancellingStartup, LastError: ImagePullUnauthorizedFailure, LastErrorTimestamp: 07/06/2026 09:27:59, LastErrorDetails: Failed to pull image: qsaidacr.azurecr.io/qsaid-wi-api:latest. Image pull failed with forbidden or unauthorized. Check registry credentials., Details: Site container: qsaid-wi-api terminated during site startup. Cancelling site startup., DetailsLevel: ERR
2026-07-06T09:48:09.7498401+00:00 ContainerStatus: Site startup probe failed after 0.7562982 seconds.
2026-07-06T09:48:09.9106940+00:00 ContainerStatus: State: Stopping, Action: CancellingStartup, LastError: ContainerTimeout, LastErrorTimestamp: 07/06/2026 09:48:09, LastErrorDetails: Container did not start within expected time limit of 230s. Please inspect your container logs for more details., Details: Site container: qsaid-wi-api terminated during site startup. Cancelling site startup., DetailsLevel: ERR
2026-07-06T09:48:09.9197134+00:00 ContainerStatus: Failed to start site. Revert by stopping site.
2026-07-06T09:48:09.9205278+00:00 ContainerStatus: State: Stopping, Action: StoppingSite, LastError: ContainerTimeout, LastErrorTimestamp: 07/06/2026 09:48:09, LastErrorDetails: Container did not start within expected time limit of 230s. Please inspect your container logs for more details., Details: Site container: qsaid-wi-api terminated during site startup. Cancelling site startup., DetailsLevel: ERR
2026-07-06T09:48:09.9303648+00:00 ContainerStatus: State: Stopping, Action: StoppingSiteContainers, LastError: ContainerTimeout, LastErrorTimestamp: 07/06/2026 09:48:09, LastErrorDetails: Container did not start within expected time limit of 230s. Please inspect your container logs for more details., Details: Site container: qsaid-wi-api terminated during site startup. Cancelling site startup., DetailsLevel: ERR
2026-07-06T09:48:09.9303965+00:00 ContainerStatus: Site: qsaid-wi-api stopped.
========== New Cold Start Attempt (2026-07-06T09:48:09.9403095+00:00) ==========
2026-07-06T09:48:09.9403095+00:00 ContainerStatus: State: Stopping, Action: UnmountingVolumes, LastError: ContainerTimeout, LastErrorTimestamp: 07/06/2026 09:48:09, LastErrorDetails: Container did not start within expected time limit of 230s. Please inspect your container logs for more details., Details: Site container: qsaid-wi-api terminated during site startup. Cancelling site startup., DetailsLevel: ERR
2026-07-06T09:48:10.1950933+00:00 ContainerStatus: State: Stopping, Action: StoppingSiteNetworks, LastError: ContainerTimeout, LastErrorTimestamp: 07/06/2026 09:48:09, LastErrorDetails: Container did not start within expected time limit of 230s. Please inspect your container logs for more details., Details: Site container: qsaid-wi-api terminated during site startup. Cancelling site startup., DetailsLevel: ERR
2026-07-06T09:48:10.5289704+00:00 ContainerStatus: State: Stopped, Action: None, LastError: ContainerTimeout, LastErrorTimestamp: 07/06/2026 09:48:09, LastErrorDetails: Container did not start within expected time limit of 230s. Please inspect your container logs for more details., Details: Site stopped at 07/06/2026 09:48:10 (UTC), DetailsLevel: ERR
2026-07-06T09:48:10.9560562+00:00 ContainerStatus: State: Stopped, Action: None, LastError: ContainerTimeout, LastErrorTimestamp: 07/06/2026 09:48:09, LastErrorDetails: Container did not start within expected time limit of 230s. Please inspect your container logs for more details., Details: Site stopped at 07/06/2026 09:48:10 (UTC), DetailsLevel: ERR
2026-07-06T09:48:11.2952227+00:00 ContainerStatus: State: Starting, Action: EstablishingSiteNetworks, LastError: ContainerTimeout, LastErrorTimestamp: 07/06/2026 09:48:09, LastErrorDetails: Container did not start within expected time limit of 230s. Please inspect your container logs for more details., Details: Site stopped at 07/06/2026 09:48:10 (UTC), DetailsLevel: ERR
2026-07-06T09:48:12.3794650+00:00 ContainerStatus: State: Starting, Action: StartingSiteContainers, LastError: ContainerTimeout, LastErrorTimestamp: 07/06/2026 09:48:09, LastErrorDetails: Container did not start within expected time limit of 230s. Please inspect your container logs for more details., Details: Site stopped at 07/06/2026 09:48:10 (UTC), DetailsLevel: ERR
2026-07-06T09:48:12.3796135+00:00 ContainerStatus: Container start method called.
2026-07-06T09:48:12.3798720+00:00 ContainerStatus: State: Starting, Action: PullingImage, LastError: ContainerTimeout, LastErrorTimestamp: 07/06/2026 09:48:09, LastErrorDetails: Container did not start within expected time limit of 230s. Please inspect your container logs for more details., Details: Pulling image qsaidacr.azurecr.io/qsaid-wi-api:latest for qsaid-wi-api., DetailsLevel: INFO
2026-07-06T09:48:12.3799930+00:00 ContainerStatus: Establishing network.
2026-07-06T09:48:12.3801132+00:00 ContainerStatus: Pulling image: qsaidacr.azurecr.io/qsaid-wi-api:latest.
2026-07-06T09:48:12.6823690+00:00 ContainerStatus: Container is starting.
2026-07-06T09:48:12.6903178+00:00 ContainerStatus: State: Starting, Action: MountingVolumes, LastError: ContainerTimeout, LastErrorTimestamp: 07/06/2026 09:48:09, LastErrorDetails: Container did not start within expected time limit of 230s. Please inspect your container logs for more details., Details: Mounting volumes for qsaid-wi-api., DetailsLevel: INFO
2026-07-06T09:48:12.7000675+00:00 ContainerStatus: Establishing user namespace if not established already.
2026-07-06T09:48:12.7001865+00:00 ContainerStatus: Establishing network if not established already.
2026-07-06T09:48:12.7002925+00:00 ContainerStatus: Mounting volumes.
2026-07-06T09:48:12.7004683+00:00 ContainerStatus: Nested mountpoint volatile/logs
2026-07-06T09:48:12.7417685+00:00 ContainerStatus: Nested mountpoint 
2026-07-06T09:48:12.7603334+00:00 ContainerStatus: Nested mountpoint 
2026-07-06T09:48:12.7727129+00:00 ContainerStatus: State: Starting, Action: CreatingContainer, LastError: ContainerTimeout, LastErrorTimestamp: 07/06/2026 09:48:09, LastErrorDetails: Container did not start within expected time limit of 230s. Please inspect your container logs for more details., Details: Finished pulling container image and mounting volumes for qsaid-wi-api. Allocatinng the rest of the container resources to finish container creation., DetailsLevel: INFO
2026-07-06T09:48:12.7727973+00:00 ContainerStatus: Creating container.
2026-07-06T09:48:12.7728786+00:00 ContainerStatus: Creating pipes for streaming container io.
2026-07-06T09:48:12.7729547+00:00 ContainerStatus: Creating stdout named pipe at /podr/container/pipe/2f6e2b7eaf42_qsaid-wi-api/stdout_632fcf48550e47e7a0df476acb2d3c34.
2026-07-06T09:48:12.8098598+00:00 ContainerStatus: Successfully created stdout named pipe at: /podr/container/pipe/2f6e2b7eaf42_qsaid-wi-api/stdout_632fcf48550e47e7a0df476acb2d3c34.
2026-07-06T09:48:12.8101770+00:00 ContainerStatus: Opening named pipe /podr/container/pipe/2f6e2b7eaf42_qsaid-wi-api/stdout_632fcf48550e47e7a0df476acb2d3c34 for reading in non-blocking mode.
2026-07-06T09:48:12.8103135+00:00 ContainerStatus: Successfully opened named pipe: /podr/container/pipe/2f6e2b7eaf42_qsaid-wi-api/stdout_632fcf48550e47e7a0df476acb2d3c34.
2026-07-06T09:48:12.8104263+00:00 ContainerStatus: Successfully removed non-blocking flag from /podr/container/pipe/2f6e2b7eaf42_qsaid-wi-api/stdout_632fcf48550e47e7a0df476acb2d3c34.
2026-07-06T09:48:12.8116077+00:00 ContainerStatus: Creating stderr named pipe at /podr/container/pipe/2f6e2b7eaf42_qsaid-wi-api/stderr_ba869d23878d477097df71b0ea74aa4b.
2026-07-06T09:48:12.8218967+00:00 ContainerStatus: Successfully created stderr named pipe at: /podr/container/pipe/2f6e2b7eaf42_qsaid-wi-api/stderr_ba869d23878d477097df71b0ea74aa4b.
2026-07-06T09:48:12.8221672+00:00 ContainerStatus: Opening named pipe /podr/container/pipe/2f6e2b7eaf42_qsaid-wi-api/stderr_ba869d23878d477097df71b0ea74aa4b for reading in non-blocking mode.
2026-07-06T09:48:12.8224420+00:00 ContainerStatus: Successfully opened named pipe: /podr/container/pipe/2f6e2b7eaf42_qsaid-wi-api/stderr_ba869d23878d477097df71b0ea74aa4b.
2026-07-06T09:48:12.8410877+00:00 ContainerStatus: Successfully removed non-blocking flag from /podr/container/pipe/2f6e2b7eaf42_qsaid-wi-api/stderr_ba869d23878d477097df71b0ea74aa4b.
2026-07-06T09:48:12.8413195+00:00 ContainerStatus: Creating container with image: qsaidacr.azurecr.io/qsaid-wi-api:latest from registry: qsaidacr.azurecr.io and fully qualified image name: qsaidacr.azurecr.io/qsaid-wi-api:latest
2026-07-06T09:48:13.6347129+00:00 ContainerStatus: Starting container: 2f6e2b7eaf42_qsaid-wi-api.
2026-07-06T09:48:13.7268542+00:00 ContainerStatus: Starting watchers and probes.
2026-07-06T09:48:13.7654411+00:00 ContainerStream: scripts/startup.sh: 2: set: Illegal option -
2026-07-06T09:48:13.7768310+00:00 ContainerStatus: Starting metrics collection.
2026-07-06T09:48:13.7770769+00:00 ContainerStatus: Container is running.
2026-07-06T09:48:13.7775452+00:00 ContainerStatus: State: Starting, Action: CreatingContainer, LastError: ContainerTimeout, LastErrorTimestamp: 07/06/2026 09:48:09, LastErrorDetails: Container did not start within expected time limit of 230s. Please inspect your container logs for more details., Details: Container qsaid-wi-api successfully created and is running., DetailsLevel: INFO
2026-07-06T09:48:13.8369109+00:00 ContainerStatus: Container start method finished after 1456 ms.
2026-07-06T09:48:13.8376168+00:00 ContainerStatus: State: Starting, Action: InitiatingSiteWarmUpProbe, LastError: ContainerTimeout, LastErrorTimestamp: 07/06/2026 09:48:09, LastErrorDetails: Container did not start within expected time limit of 230s. Please inspect your container logs for more details., Details: Container qsaid-wi-api successfully created and is running., DetailsLevel: INFO
2026-07-06T09:48:13.8376431+00:00 ContainerStatus: State: Starting, Action: WaitingForSiteWarmUpProbeSuccess, LastError: ContainerTimeout, LastErrorTimestamp: 07/06/2026 09:48:09, LastErrorDetails: Container did not start within expected time limit of 230s. Please inspect your container logs for more details., Details: Pinging warmup path to ensure container is ready to receive requests., DetailsLevel: INFO
2026-07-06T09:48:13.8383500+00:00 ContainerStatus: Container has finished running with exit code: 2.
2026-07-06T09:48:13.9172871+00:00 ContainerStatus: Container is terminating. Grace period: 5 seconds.
2026-07-06T09:48:13.9184423+00:00 ContainerStatus: Stop and delete container. Retry count = 0
2026-07-06T09:48:13.9185385+00:00 ContainerStatus: Stopping container: 2f6e2b7eaf42_qsaid-wi-api.
2026-07-06T09:48:14.0268589+00:00 ContainerStatus: Deleting container: 2f6e2b7eaf42_qsaid-wi-api. Retry count = 0
2026-07-06T09:48:14.2099785+00:00 ContainerStatus: Container spec TerminationMessagePolicy  path 
2026-07-06T09:48:14.2176824+00:00 ContainerStatus: Container is terminated. Total time elapsed: 292 ms.
2026-07-06T09:48:14.2180712+00:00 ContainerStatus: Site container: qsaid-wi-api terminated during site startup.
2026-07-06T09:48:14.2182505+00:00 ContainerStatus: State: Stopping, Action: CancellingStartup, LastError: ContainerTimeout, LastErrorTimestamp: 07/06/2026 09:48:09, LastErrorDetails: Container did not start within expected time limit of 230s. Please inspect your container logs for more details., Details: Site container: qsaid-wi-api terminated during site startup. Cancelling site startup., DetailsLevel: ERR
2026-07-06T09:48:14.2196504+00:00 ContainerStatus: Site startup probe failed after 0.3528949 seconds.
2026-07-06T09:48:14.3392449+00:00 ContainerStatus: State: Stopping, Action: CancellingStartup, LastError: ContainerTimeout, LastErrorTimestamp: 07/06/2026 09:48:14, LastErrorDetails: Container did not start within expected time limit of 230s. Please inspect your container logs for more details., Details: Site container: qsaid-wi-api terminated during site startup. Cancelling site startup., DetailsLevel: ERR
2026-07-06T09:48:14.3404014+00:00 ContainerStatus: Failed to start site. Revert by stopping site.
2026-07-06T09:48:14.3406451+00:00 ContainerStatus: State: Stopping, Action: StoppingSite, LastError: ContainerTimeout, LastErrorTimestamp: 07/06/2026 09:48:14, LastErrorDetails: Container did not start within expected time limit of 230s. Please inspect your container logs for more details., Details: Site container: qsaid-wi-api terminated during site startup. Cancelling site startup., DetailsLevel: ERR
2026-07-06T09:48:14.3504322+00:00 ContainerStatus: State: Stopping, Action: StoppingSiteContainers, LastError: ContainerTimeout, LastErrorTimestamp: 07/06/2026 09:48:14, LastErrorDetails: Container did not start within expected time limit of 230s. Please inspect your container logs for more details., Details: Site container: qsaid-wi-api terminated during site startup. Cancelling site startup., DetailsLevel: ERR
2026-07-06T09:48:14.3504639+00:00 ContainerStatus: Site: qsaid-wi-api stopped.
========== New Cold Start Attempt (2026-07-06T09:48:14.3600972+00:00) ==========
2026-07-06T09:48:14.3600972+00:00 ContainerStatus: State: Stopping, Action: UnmountingVolumes, LastError: ContainerTimeout, LastErrorTimestamp: 07/06/2026 09:48:14, LastErrorDetails: Container did not start within expected time limit of 230s. Please inspect your container logs for more details., Details: Site container: qsaid-wi-api terminated during site startup. Cancelling site startup., DetailsLevel: ERR
2026-07-06T09:48:14.5523387+00:00 ContainerStatus: State: Stopping, Action: StoppingSiteNetworks, LastError: ContainerTimeout, LastErrorTimestamp: 07/06/2026 09:48:14, LastErrorDetails: Container did not start within expected time limit of 230s. Please inspect your container logs for more details., Details: Site container: qsaid-wi-api terminated during site startup. Cancelling site startup., DetailsLevel: ERR
2026-07-06T09:48:14.8163625+00:00 ContainerStatus: Site: qsaid-wi-api will be blocked for 1 minutes till 07/06/2026 09:49:14
2026-07-06T09:48:14.8168293+00:00 ContainerStatus: State: Blocked, Action: StoppingSiteNetworks, LastError: ContainerTimeout, LastErrorTimestamp: 07/06/2026 09:48:14, LastErrorDetails: Container did not start within expected time limit of 230s. Please inspect your container logs for more details., Details: Site: qsaid-wi-api will be blocked for 1 minutes till 07/06/2026 09:49:14, DetailsLevel: WARN
2026-07-06T09:48:14.8174059+00:00 ContainerStatus: State: Stopped, Action: None, LastError: ContainerTimeout, LastErrorTimestamp: 07/06/2026 09:48:14, LastErrorDetails: Container did not start within expected time limit of 230s. Please inspect your container logs for more details., Details: Site stopped at 07/06/2026 09:48:14 (UTC), DetailsLevel: WARN
2026-07-06T09:48:15.1207553+00:00 ContainerStatus: State: Stopped, Action: None, LastError: ContainerTimeout, LastErrorTimestamp: 07/06/2026 09:48:14, LastErrorDetails: Container did not start within expected time limit of 230s. Please inspect your container logs for more details., Details: Site stopped at 07/06/2026 09:48:14 (UTC), DetailsLevel: WARN
2026-07-06T09:48:15.3821639+00:00 ContainerStatus: State: Blocked, Action: None, LastError: ContainerTimeout, LastErrorTimestamp: 07/06/2026 09:48:14, LastErrorDetails: Container did not start within expected time limit of 230s. Please inspect your container logs for more details., Details: Site is blocked due to multiple, consecutive cold start failures. Site scheduled to be unblocked at 07/06/2026 09:49:14, DetailsLevel: WARN
2026-07-06T09:48:15.3894898+00:00 ContainerStatus: Start site prohibitted because the site is being blocked.
2026-07-06T09:49:14.8180451+00:00 ContainerStatus: Site: qsaid-wi-api is unblocked.
2026-07-06T09:49:16.1593152+00:00 ContainerStatus: State: Starting, Action: EstablishingSiteNetworks, LastError: ContainerTimeout, LastErrorTimestamp: 07/06/2026 09:48:14, LastErrorDetails: Container did not start within expected time limit of 230s. Please inspect your container logs for more details., Details: Site is blocked due to multiple, consecutive cold start failures. Site scheduled to be unblocked at 07/06/2026 09:49:14, DetailsLevel: WARN
2026-07-06T09:49:17.4096718+00:00 ContainerStatus: State: Starting, Action: StartingSiteContainers, LastError: ContainerTimeout, LastErrorTimestamp: 07/06/2026 09:48:14, LastErrorDetails: Container did not start within expected time limit of 230s. Please inspect your container logs for more details., Details: Site is blocked due to multiple, consecutive cold start failures. Site scheduled to be unblocked at 07/06/2026 09:49:14, DetailsLevel: WARN
2026-07-06T09:49:17.4101110+00:00 ContainerStatus: Container start method called.
2026-07-06T09:49:17.4190057+00:00 ContainerStatus: State: Starting, Action: PullingImage, LastError: ContainerTimeout, LastErrorTimestamp: 07/06/2026 09:48:14, LastErrorDetails: Container did not start within expected time limit of 230s. Please inspect your container logs for more details., Details: Pulling image qsaidacr.azurecr.io/qsaid-wi-api:latest for qsaid-wi-api., DetailsLevel: INFO
2026-07-06T09:49:17.4191642+00:00 ContainerStatus: Establishing network.
2026-07-06T09:49:17.4192892+00:00 ContainerStatus: Pulling image: qsaidacr.azurecr.io/qsaid-wi-api:latest.
2026-07-06T09:49:17.6943855+00:00 ContainerStatus: Container is starting.
2026-07-06T09:49:17.6948341+00:00 ContainerStatus: State: Starting, Action: MountingVolumes, LastError: ContainerTimeout, LastErrorTimestamp: 07/06/2026 09:48:14, LastErrorDetails: Container did not start within expected time limit of 230s. Please inspect your container logs for more details., Details: Mounting volumes for qsaid-wi-api., DetailsLevel: INFO
2026-07-06T09:49:17.6952496+00:00 ContainerStatus: Establishing user namespace if not established already.
2026-07-06T09:49:17.6956284+00:00 ContainerStatus: Establishing network if not established already.
2026-07-06T09:49:17.6960544+00:00 ContainerStatus: Mounting volumes.
2026-07-06T09:49:17.7040198+00:00 ContainerStatus: Nested mountpoint volatile/logs
2026-07-06T09:49:17.7262373+00:00 ContainerStatus: Nested mountpoint 
2026-07-06T09:49:17.7552284+00:00 ContainerStatus: Nested mountpoint 
2026-07-06T09:49:17.8858119+00:00 ContainerStatus: State: Starting, Action: CreatingContainer, LastError: ContainerTimeout, LastErrorTimestamp: 07/06/2026 09:48:14, LastErrorDetails: Container did not start within expected time limit of 230s. Please inspect your container logs for more details., Details: Finished pulling container image and mounting volumes for qsaid-wi-api. Allocatinng the rest of the container resources to finish container creation., DetailsLevel: INFO
2026-07-06T09:49:17.8862883+00:00 ContainerStatus: Creating container.
2026-07-06T09:49:17.8867269+00:00 ContainerStatus: Creating pipes for streaming container io.
2026-07-06T09:49:17.8941761+00:00 ContainerStatus: Creating stdout named pipe at /podr/container/pipe/566d93afb008_qsaid-wi-api/stdout_621398547c5a47028c6ee8d580e59126.
2026-07-06T09:49:17.8946933+00:00 ContainerStatus: Successfully created stdout named pipe at: /podr/container/pipe/566d93afb008_qsaid-wi-api/stdout_621398547c5a47028c6ee8d580e59126.
2026-07-06T09:49:17.8951119+00:00 ContainerStatus: Opening named pipe /podr/container/pipe/566d93afb008_qsaid-wi-api/stdout_621398547c5a47028c6ee8d580e59126 for reading in non-blocking mode.
2026-07-06T09:49:17.8954365+00:00 ContainerStatus: Successfully opened named pipe: /podr/container/pipe/566d93afb008_qsaid-wi-api/stdout_621398547c5a47028c6ee8d580e59126.
2026-07-06T09:49:17.8959506+00:00 ContainerStatus: Successfully removed non-blocking flag from /podr/container/pipe/566d93afb008_qsaid-wi-api/stdout_621398547c5a47028c6ee8d580e59126.
2026-07-06T09:49:17.9040270+00:00 ContainerStatus: Creating stderr named pipe at /podr/container/pipe/566d93afb008_qsaid-wi-api/stderr_7354e660f1574f0c87d111ed7c0a9c74.
2026-07-06T09:49:17.9041777+00:00 ContainerStatus: Successfully created stderr named pipe at: /podr/container/pipe/566d93afb008_qsaid-wi-api/stderr_7354e660f1574f0c87d111ed7c0a9c74.
2026-07-06T09:49:17.9042572+00:00 ContainerStatus: Opening named pipe /podr/container/pipe/566d93afb008_qsaid-wi-api/stderr_7354e660f1574f0c87d111ed7c0a9c74 for reading in non-blocking mode.
2026-07-06T09:49:17.9043514+00:00 ContainerStatus: Successfully opened named pipe: /podr/container/pipe/566d93afb008_qsaid-wi-api/stderr_7354e660f1574f0c87d111ed7c0a9c74.
2026-07-06T09:49:17.9044237+00:00 ContainerStatus: Successfully removed non-blocking flag from /podr/container/pipe/566d93afb008_qsaid-wi-api/stderr_7354e660f1574f0c87d111ed7c0a9c74.
2026-07-06T09:49:17.9147895+00:00 ContainerStatus: Creating container with image: qsaidacr.azurecr.io/qsaid-wi-api:latest from registry: qsaidacr.azurecr.io and fully qualified image name: qsaidacr.azurecr.io/qsaid-wi-api:latest
2026-07-06T09:49:18.4607575+00:00 ContainerStatus: Starting container: 566d93afb008_qsaid-wi-api.
2026-07-06T09:49:18.5398902+00:00 ContainerStatus: Starting watchers and probes.
2026-07-06T09:49:18.5483424+00:00 ContainerStatus: Starting metrics collection.
2026-07-06T09:49:18.5593942+00:00 ContainerStatus: Container is running.
2026-07-06T09:49:18.5595180+00:00 ContainerStatus: State: Starting, Action: CreatingContainer, LastError: ContainerTimeout, LastErrorTimestamp: 07/06/2026 09:48:14, LastErrorDetails: Container did not start within expected time limit of 230s. Please inspect your container logs for more details., Details: Container qsaid-wi-api successfully created and is running., DetailsLevel: INFO
2026-07-06T09:49:18.5979016+00:00 ContainerStream: scripts/startup.sh: 2: set: Illegal option -
2026-07-06T09:49:18.7610232+00:00 ContainerStatus: Container start method finished after 1350 ms.
2026-07-06T09:49:18.7615150+00:00 ContainerStatus: State: Starting, Action: InitiatingSiteWarmUpProbe, LastError: ContainerTimeout, LastErrorTimestamp: 07/06/2026 09:48:14, LastErrorDetails: Container did not start within expected time limit of 230s. Please inspect your container logs for more details., Details: Container qsaid-wi-api successfully created and is running., DetailsLevel: INFO
2026-07-06T09:49:18.7615413+00:00 ContainerStatus: State: Starting, Action: WaitingForSiteWarmUpProbeSuccess, LastError: ContainerTimeout, LastErrorTimestamp: 07/06/2026 09:48:14, LastErrorDetails: Container did not start within expected time limit of 230s. Please inspect your container logs for more details., Details: Pinging warmup path to ensure container is ready to receive requests., DetailsLevel: INFO
2026-07-06T09:49:18.7706299+00:00 ContainerStatus: Container has finished running with exit code: 2.
2026-07-06T09:49:18.7707450+00:00 ContainerStatus: Container is terminating. Grace period: 5 seconds.
2026-07-06T09:49:18.7816170+00:00 ContainerStatus: Stop and delete container. Retry count = 0
2026-07-06T09:49:18.7903103+00:00 ContainerStatus: Stopping container: 566d93afb008_qsaid-wi-api.
2026-07-06T09:49:18.9625076+00:00 ContainerStatus: Deleting container: 566d93afb008_qsaid-wi-api. Retry count = 0
2026-07-06T09:49:19.2348291+00:00 ContainerStatus: Container spec TerminationMessagePolicy  path 
2026-07-06T09:49:19.2355525+00:00 ContainerStatus: Container is terminated. Total time elapsed: 464 ms.
2026-07-06T09:49:19.2359689+00:00 ContainerStatus: Site container: qsaid-wi-api terminated during site startup.
2026-07-06T09:49:19.2442904+00:00 ContainerStatus: State: Stopping, Action: CancellingStartup, LastError: ContainerTimeout, LastErrorTimestamp: 07/06/2026 09:48:14, LastErrorDetails: Container did not start within expected time limit of 230s. Please inspect your container logs for more details., Details: Site container: qsaid-wi-api terminated during site startup. Cancelling site startup., DetailsLevel: ERR
2026-07-06T09:49:19.2456023+00:00 ContainerStatus: Site startup probe failed after 0.4649787 seconds.
2026-07-06T09:49:19.3564869+00:00 ContainerStatus: State: Stopping, Action: CancellingStartup, LastError: ContainerTimeout, LastErrorTimestamp: 07/06/2026 09:49:19, LastErrorDetails: Container did not start within expected time limit of 230s. Please inspect your container logs for more details., Details: Site container: qsaid-wi-api terminated during site startup. Cancelling site startup., DetailsLevel: ERR
2026-07-06T09:49:19.3659451+00:00 ContainerStatus: Failed to start site. Revert by stopping site.
2026-07-06T09:49:19.3665707+00:00 ContainerStatus: State: Stopping, Action: StoppingSite, LastError: ContainerTimeout, LastErrorTimestamp: 07/06/2026 09:49:19, LastErrorDetails: Container did not start within expected time limit of 230s. Please inspect your container logs for more details., Details: Site container: qsaid-wi-api terminated during site startup. Cancelling site startup., DetailsLevel: ERR
2026-07-06T09:49:19.3749175+00:00 ContainerStatus: State: Stopping, Action: StoppingSiteContainers, LastError: ContainerTimeout, LastErrorTimestamp: 07/06/2026 09:49:19, LastErrorDetails: Container did not start within expected time limit of 230s. Please inspect your container logs for more details., Details: Site container: qsaid-wi-api terminated during site startup. Cancelling site startup., DetailsLevel: ERR
2026-07-06T09:49:19.3749396+00:00 ContainerStatus: Site: qsaid-wi-api stopped.
========== New Cold Start Attempt (2026-07-06T09:49:19.3767124+00:00) ==========
2026-07-06T09:49:19.3767124+00:00 ContainerStatus: State: Stopping, Action: UnmountingVolumes, LastError: ContainerTimeout, LastErrorTimestamp: 07/06/2026 09:49:19, LastErrorDetails: Container did not start within expected time limit of 230s. Please inspect your container logs for more details., Details: Site container: qsaid-wi-api terminated during site startup. Cancelling site startup., DetailsLevel: ERR
2026-07-06T09:49:19.6098626+00:00 ContainerStatus: State: Stopping, Action: StoppingSiteNetworks, LastError: ContainerTimeout, LastErrorTimestamp: 07/06/2026 09:49:19, LastErrorDetails: Container did not start within expected time limit of 230s. Please inspect your container logs for more details., Details: Site container: qsaid-wi-api terminated during site startup. Cancelling site startup., DetailsLevel: ERR
2026-07-06T09:49:19.8612190+00:00 ContainerStatus: Site: qsaid-wi-api will be blocked for 1 minutes till 07/06/2026 09:50:19
2026-07-06T09:49:19.8613814+00:00 ContainerStatus: State: Blocked, Action: StoppingSiteNetworks, LastError: ContainerTimeout, LastErrorTimestamp: 07/06/2026 09:49:19, LastErrorDetails: Container did not start within expected time limit of 230s. Please inspect your container logs for more details., Details: Site: qsaid-wi-api will be blocked for 1 minutes till 07/06/2026 09:50:19, DetailsLevel: WARN
2026-07-06T09:49:19.8616316+00:00 ContainerStatus: State: Stopped, Action: None, LastError: ContainerTimeout, LastErrorTimestamp: 07/06/2026 09:49:19, LastErrorDetails: Container did not start within expected time limit of 230s. Please inspect your container logs for more details., Details: Site stopped at 07/06/2026 09:49:19 (UTC), DetailsLevel: WARN
2026-07-06T09:49:20.2032407+00:00 ContainerStatus: State: Stopped, Action: None, LastError: ContainerTimeout, LastErrorTimestamp: 07/06/2026 09:49:19, LastErrorDetails: Container did not start within expected time limit of 230s. Please inspect your container logs for more details., Details: Site stopped at 07/06/2026 09:49:19 (UTC), DetailsLevel: WARN
2026-07-06T09:49:21.8356718+00:00 ContainerStatus: State: Blocked, Action: None, LastError: ContainerTimeout, LastErrorTimestamp: 07/06/2026 09:49:19, LastErrorDetails: Container did not start within expected time limit of 230s. Please inspect your container logs for more details., Details: Site is blocked due to multiple, consecutive cold start failures. Site scheduled to be unblocked at 07/06/2026 09:50:19, DetailsLevel: WARN
2026-07-06T09:49:21.8358027+00:00 ContainerStatus: Start site prohibitted because the site is being blocked.
2026-07-06T09:49:48.7337535+00:00 ContainerStatus: State: Blocked, Action: None, LastError: ContainerTimeout, LastErrorTimestamp: 07/06/2026 09:49:19, LastErrorDetails: Container did not start within expected time limit of 230s. Please inspect your container logs for more details., Details: Site is blocked due to multiple, consecutive cold start failures. Site scheduled to be unblocked at 07/06/2026 09:50:19, DetailsLevel: WARN
2026-07-06T09:49:48.7338154+00:00 ContainerStatus: Start site prohibitted because the site is being blocked.
2026-07-06T09:49:49.0726281+00:00 ContainerStatus: State: Blocked, Action: None, LastError: ContainerTimeout, LastErrorTimestamp: 07/06/2026 09:49:19, LastErrorDetails: Container did not start within expected time limit of 230s. Please inspect your container logs for more details., Details: Site is blocked due to multiple, consecutive cold start failures. Site scheduled to be unblocked at 07/06/2026 09:50:19, DetailsLevel: WARN
2026-07-06T09:49:49.0726831+00:00 ContainerStatus: Start site prohibitted because the site is being blocked.
2026-07-06T09:50:09.4283958+00:00 ContainerStatus: State: Blocked, Action: None, LastError: ContainerTimeout, LastErrorTimestamp: 07/06/2026 09:49:19, LastErrorDetails: Container did not start within expected time limit of 230s. Please inspect your container logs for more details., Details: Site is blocked due to multiple, consecutive cold start failures. Site scheduled to be unblocked at 07/06/2026 09:50:19, DetailsLevel: WARN
2026-07-06T09:50:09.4284542+00:00 ContainerStatus: Start site prohibitted because the site is being blocked.
2026-07-06T09:50:09.8241368+00:00 ContainerStatus: State: Blocked, Action: None, LastError: ContainerTimeout, LastErrorTimestamp: 07/06/2026 09:49:19, LastErrorDetails: Container did not start within expected time limit of 230s. Please inspect your container logs for more details., Details: Site is blocked due to multiple, consecutive cold start failures. Site scheduled to be unblocked at 07/06/2026 09:50:19, DetailsLevel: WARN
2026-07-06T09:50:09.8241896+00:00 ContainerStatus: Start site prohibitted because the site is being blocked.
2026-07-06T09:50:19.8637049+00:00 ContainerStatus: Site: qsaid-wi-api is unblocked.
2026-07-06T09:50:27.3786443+00:00 ContainerStatus: State: Starting, Action: EstablishingSiteNetworks, LastError: ContainerTimeout, LastErrorTimestamp: 07/06/2026 09:49:19, LastErrorDetails: Container did not start within expected time limit of 230s. Please inspect your container logs for more details., Details: Site is blocked due to multiple, consecutive cold start failures. Site scheduled to be unblocked at 07/06/2026 09:50:19, DetailsLevel: WARN
2026-07-06T09:50:28.8271763+00:00 ContainerStatus: State: Starting, Action: StartingSiteContainers, LastError: ContainerTimeout, LastErrorTimestamp: 07/06/2026 09:49:19, LastErrorDetails: Container did not start within expected time limit of 230s. Please inspect your container logs for more details., Details: Site is blocked due to multiple, consecutive cold start failures. Site scheduled to be unblocked at 07/06/2026 09:50:19, DetailsLevel: WARN
2026-07-06T09:50:28.8273750+00:00 ContainerStatus: Container start method called.
2026-07-06T09:50:28.8274514+00:00 ContainerStatus: State: Starting, Action: PullingImage, LastError: ContainerTimeout, LastErrorTimestamp: 07/06/2026 09:49:19, LastErrorDetails: Container did not start within expected time limit of 230s. Please inspect your container logs for more details., Details: Pulling image qsaidacr.azurecr.io/qsaid-wi-api:latest for qsaid-wi-api., DetailsLevel: INFO
2026-07-06T09:50:28.8275543+00:00 ContainerStatus: Establishing network.
2026-07-06T09:50:28.8755195+00:00 ContainerStatus: Pulling image: qsaidacr.azurecr.io/qsaid-wi-api:latest.
2026-07-06T09:50:29.1579065+00:00 ContainerStatus: Container is starting.
2026-07-06T09:50:29.1580444+00:00 ContainerStatus: State: Starting, Action: MountingVolumes, LastError: ContainerTimeout, LastErrorTimestamp: 07/06/2026 09:49:19, LastErrorDetails: Container did not start within expected time limit of 230s. Please inspect your container logs for more details., Details: Mounting volumes for qsaid-wi-api., DetailsLevel: INFO
2026-07-06T09:50:29.1583619+00:00 ContainerStatus: Establishing user namespace if not established already.
2026-07-06T09:50:29.1584837+00:00 ContainerStatus: Establishing network if not established already.
2026-07-06T09:50:29.1586144+00:00 ContainerStatus: Mounting volumes.
2026-07-06T09:50:29.1588136+00:00 ContainerStatus: Nested mountpoint volatile/logs
2026-07-06T09:50:29.1791090+00:00 ContainerStatus: Nested mountpoint 
2026-07-06T09:50:29.1986830+00:00 ContainerStatus: Nested mountpoint 
2026-07-06T09:50:29.2679784+00:00 ContainerStatus: State: Starting, Action: CreatingContainer, LastError: ContainerTimeout, LastErrorTimestamp: 07/06/2026 09:49:19, LastErrorDetails: Container did not start within expected time limit of 230s. Please inspect your container logs for more details., Details: Finished pulling container image and mounting volumes for qsaid-wi-api. Allocatinng the rest of the container resources to finish container creation., DetailsLevel: INFO
2026-07-06T09:50:29.2681088+00:00 ContainerStatus: Creating container.
2026-07-06T09:50:29.2682267+00:00 ContainerStatus: Creating pipes for streaming container io.
2026-07-06T09:50:29.2693909+00:00 ContainerStatus: Creating stdout named pipe at /podr/container/pipe/f455d2682009_qsaid-wi-api/stdout_1e02f61d239c440080c835652269f16c.
2026-07-06T09:50:29.2696209+00:00 ContainerStatus: Successfully created stdout named pipe at: /podr/container/pipe/f455d2682009_qsaid-wi-api/stdout_1e02f61d239c440080c835652269f16c.
2026-07-06T09:50:29.2772266+00:00 ContainerStatus: Opening named pipe /podr/container/pipe/f455d2682009_qsaid-wi-api/stdout_1e02f61d239c440080c835652269f16c for reading in non-blocking mode.
2026-07-06T09:50:29.2866557+00:00 ContainerStatus: Successfully opened named pipe: /podr/container/pipe/f455d2682009_qsaid-wi-api/stdout_1e02f61d239c440080c835652269f16c.
2026-07-06T09:50:29.2868906+00:00 ContainerStatus: Successfully removed non-blocking flag from /podr/container/pipe/f455d2682009_qsaid-wi-api/stdout_1e02f61d239c440080c835652269f16c.
2026-07-06T09:50:29.2999388+00:00 ContainerStatus: Creating stderr named pipe at /podr/container/pipe/f455d2682009_qsaid-wi-api/stderr_2dcb423fede14a938aaa39fd87b1595f.
2026-07-06T09:50:29.3171408+00:00 ContainerStatus: Successfully created stderr named pipe at: /podr/container/pipe/f455d2682009_qsaid-wi-api/stderr_2dcb423fede14a938aaa39fd87b1595f.
2026-07-06T09:50:29.3172783+00:00 ContainerStatus: Opening named pipe /podr/container/pipe/f455d2682009_qsaid-wi-api/stderr_2dcb423fede14a938aaa39fd87b1595f for reading in non-blocking mode.
2026-07-06T09:50:29.3173900+00:00 ContainerStatus: Successfully opened named pipe: /podr/container/pipe/f455d2682009_qsaid-wi-api/stderr_2dcb423fede14a938aaa39fd87b1595f.
2026-07-06T09:50:29.3177380+00:00 ContainerStatus: Successfully removed non-blocking flag from /podr/container/pipe/f455d2682009_qsaid-wi-api/stderr_2dcb423fede14a938aaa39fd87b1595f.
2026-07-06T09:50:29.3178985+00:00 ContainerStatus: Creating container with image: qsaidacr.azurecr.io/qsaid-wi-api:latest from registry: qsaidacr.azurecr.io and fully qualified image name: qsaidacr.azurecr.io/qsaid-wi-api:latest
2026-07-06T09:50:30.5261736+00:00 ContainerStatus: Starting container: f455d2682009_qsaid-wi-api.
2026-07-06T09:50:30.6411146+00:00 ContainerStatus: Starting watchers and probes.
2026-07-06T09:50:30.6422812+00:00 ContainerStatus: Starting metrics collection.
2026-07-06T09:50:30.6603068+00:00 ContainerStatus: Container is running.
2026-07-06T09:50:30.6610676+00:00 ContainerStatus: State: Starting, Action: CreatingContainer, LastError: ContainerTimeout, LastErrorTimestamp: 07/06/2026 09:49:19, LastErrorDetails: Container did not start within expected time limit of 230s. Please inspect your container logs for more details., Details: Container qsaid-wi-api successfully created and is running., DetailsLevel: INFO
2026-07-06T09:50:30.7416913+00:00 ContainerStream: scripts/startup.sh: 2: set: Illegal option -
2026-07-06T09:50:30.7920021+00:00 ContainerStatus: Container start method finished after 1964 ms.
2026-07-06T09:50:30.7922100+00:00 ContainerStatus: State: Starting, Action: InitiatingSiteWarmUpProbe, LastError: ContainerTimeout, LastErrorTimestamp: 07/06/2026 09:49:19, LastErrorDetails: Container did not start within expected time limit of 230s. Please inspect your container logs for more details., Details: Container qsaid-wi-api successfully created and is running., DetailsLevel: INFO
2026-07-06T09:50:30.7922318+00:00 ContainerStatus: State: Starting, Action: WaitingForSiteWarmUpProbeSuccess, LastError: ContainerTimeout, LastErrorTimestamp: 07/06/2026 09:49:19, LastErrorDetails: Container did not start within expected time limit of 230s. Please inspect your container logs for more details., Details: Pinging warmup path to ensure container is ready to receive requests., DetailsLevel: INFO
2026-07-06T09:50:30.8309898+00:00 ContainerStatus: Container has finished running with exit code: 2.
2026-07-06T09:50:30.8333119+00:00 ContainerStatus: Container is terminating. Grace period: 5 seconds.
2026-07-06T09:50:30.8917714+00:00 ContainerStatus: Stop and delete container. Retry count = 0
2026-07-06T09:50:30.8921748+00:00 ContainerStatus: Stopping container: f455d2682009_qsaid-wi-api.
2026-07-06T09:50:31.1336449+00:00 ContainerStatus: Deleting container: f455d2682009_qsaid-wi-api. Retry count = 0
2026-07-06T09:50:31.6584072+00:00 ContainerStatus: Container spec TerminationMessagePolicy  path 
2026-07-06T09:50:31.6586760+00:00 ContainerStatus: Container is terminated. Total time elapsed: 825 ms.
2026-07-06T09:50:31.6592735+00:00 ContainerStatus: Site container: qsaid-wi-api terminated during site startup.
2026-07-06T09:50:31.6593933+00:00 ContainerStatus: State: Stopping, Action: CancellingStartup, LastError: ContainerTimeout, LastErrorTimestamp: 07/06/2026 09:49:19, LastErrorDetails: Container did not start within expected time limit of 230s. Please inspect your container logs for more details., Details: Site container: qsaid-wi-api terminated during site startup. Cancelling site startup., DetailsLevel: ERR
2026-07-06T09:50:31.6601039+00:00 ContainerStatus: Site startup probe failed after 0.7894029 seconds.
2026-07-06T09:50:31.9406478+00:00 ContainerStatus: State: Stopping, Action: CancellingStartup, LastError: ContainerTimeout, LastErrorTimestamp: 07/06/2026 09:50:31, LastErrorDetails: Container did not start within expected time limit of 230s. Please inspect your container logs for more details., Details: Site container: qsaid-wi-api terminated during site startup. Cancelling site startup., DetailsLevel: ERR
2026-07-06T09:50:31.9501443+00:00 ContainerStatus: Failed to start site. Revert by stopping site.
2026-07-06T09:50:31.9505141+00:00 ContainerStatus: State: Stopping, Action: StoppingSite, LastError: ContainerTimeout, LastErrorTimestamp: 07/06/2026 09:50:31, LastErrorDetails: Container did not start within expected time limit of 230s. Please inspect your container logs for more details., Details: Site container: qsaid-wi-api terminated during site startup. Cancelling site startup., DetailsLevel: ERR
2026-07-06T09:50:31.9510930+00:00 ContainerStatus: State: Stopping, Action: StoppingSiteContainers, LastError: ContainerTimeout, LastErrorTimestamp: 07/06/2026 09:50:31, LastErrorDetails: Container did not start within expected time limit of 230s. Please inspect your container logs for more details., Details: Site container: qsaid-wi-api terminated during site startup. Cancelling site startup., DetailsLevel: ERR
2026-07-06T09:50:31.9511199+00:00 ContainerStatus: Site: qsaid-wi-api stopped.
