frame,t_sec,pairing,source,x1,y1,x2,y2,score
0,0.0,A,scrfd,1746.5,168.6,2123.2,638.1,0.879
0,0.0,A,scrfd,531.3,624.9,864.4,1044.6,0.811
0,0.0,A,scrfd,2911.3,550.8,3230.6,1021.6,0.769
0,0.0,A,scrfd,3056.4,684.8,3344.8,1207.6,0.608
0,0.0,B,both_agree,1746.5,168.6,2123.2,638.1,0.879
0,0.0,B,both_agree,531.3,624.9,864.4,1044.6,0.811
0,0.0,B,both_agree,2911.3,550.8,3230.6,1021.6,0.769
0,0.0,B,both_agree,3056.4,684.8,3344.8,1207.6,0.608
1,0.04,A,scrfd,1746.6,168.9,2122.8,639.3,0.878
1,0.04,A,scrfd,531.8,625.5,864.4,1044.3,0.813
1,0.04,A,scrfd,2905.1,550.3,3233.3,1017.9,0.8
1,0.04,A,scrfd,3058.1,681.4,3349.7,1202.1,0.575
1,0.04,B,both_agree,1746.6,168.9,2122.8,639.3,0.878
1,0.04,B,both_agree,531.8,625.5,864.4,1044.3,0.813
1,0.04,B,both_agree,2905.1,550.3,3233.3,1017.9,0.8
1,0.04,B,both_agree,3058.1,681.4,3349.7,1202.1,0.575
2,0.08,A,scrfd,1746.9,171.1,2122.7,640.9,0.875
2,0.08,A,scrfd,531.9,626.1,864.8,1045.1,0.809
2,0.08,A,scrfd,2896.1,550.5,3227.4,1012.9,0.801
2,0.08,A,scrfd,3061.6,675.8,3352.9,1200.8,0.601
2,0.08,B,both_agree,1746.9,171.1,2122.7,640.9,0.875
2,0.08,B,both_agree,531.9,626.1,864.8,1045.1,0.809
2,0.08,B,both_agree,2896.1,550.5,3227.4,1012.9,0.801
2,0.08,B,both_agree,3061.6,675.8,3352.9,1200.8,0.601
3,0.12,A,scrfd,1746.8,170.7,2122.7,642.0,0.876
3,0.12,A,scrfd,532.3,626.9,864.9,1045.4,0.808
3,0.12,A,scrfd,2893.8,546.0,3216.9,1010.6,0.796
3,0.12,A,scrfd,3068.1,678.1,3358.9,1197.1,0.609
3,0.12,B,both_agree,1746.8,170.7,2122.7,642.0,0.876
3,0.12,B,both_agree,532.3,626.9,864.9,1045.4,0.808
3,0.12,B,both_agree,2893.8,546.0,3216.9,1010.6,0.796
3,0.12,B,both_agree,3068.1,678.1,3358.9,1197.1,0.609
4,0.16,A,scrfd,1747.2,169.9,2123.1,642.9,0.876
4,0.16,A,scrfd,532.6,628.1,864.9,1045.6,0.806
4,0.16,A,scrfd,2889.2,545.7,3203.7,1008.1,0.783
4,0.16,A,scrfd,3069.2,676.6,3359.7,1193.4,0.602
4,0.16,B,both_agree,1747.2,169.9,2123.1,642.9,0.876
4,0.16,B,both_agree,532.6,628.1,864.9,1045.6,0.806
4,0.16,B,both_agree,2889.2,545.7,3203.7,1008.1,0.783
4,0.16,B,both_agree,3069.2,676.6,3359.7,1193.4,0.602
5,0.2,A,scrfd,1747.3,172.0,2122.9,643.2,0.877
5,0.2,A,scrfd,532.7,628.5,864.9,1046.6,0.802
5,0.2,A,scrfd,2882.6,545.9,3192.3,1007.0,0.776
5,0.2,A,scrfd,3069.9,674.1,3361.7,1192.8,0.599
5,0.2,B,both_agree,1747.3,172.0,2122.9,643.2,0.877
5,0.2,B,both_agree,532.7,628.5,864.9,1046.6,0.802
5,0.2,B,both_agree,2882.6,545.9,3192.3,1007.0,0.776
5,0.2,B,both_agree,3069.9,674.1,3361.7,1192.8,0.599
6,0.24,A,scrfd,1746.9,173.9,2121.6,643.2,0.875
6,0.24,A,scrfd,533.2,629.5,864.8,1046.6,0.801
6,0.24,A,scrfd,2874.7,551.9,3191.9,994.2,0.782
6,0.24,A,scrfd,3071.1,666.3,3367.8,1185.9,0.605
6,0.24,B,both_agree,1746.9,173.9,2121.6,643.2,0.875
6,0.24,B,both_agree,533.2,629.5,864.8,1046.6,0.801
6,0.24,B,both_agree,2874.7,551.9,3191.9,994.2,0.782
6,0.24,B,both_agree,3071.1,666.3,3367.8,1185.9,0.605
7,0.28,A,scrfd,1746.8,176.6,2120.5,642.7,0.872
7,0.28,A,scrfd,2865.1,546.7,3188.8,997.8,0.806
7,0.28,A,scrfd,534.0,629.5,864.9,1047.0,0.802
7,0.28,A,scrfd,3072.2,670.8,3368.0,1181.1,0.59
7,0.28,B,both_agree,1746.8,176.6,2120.5,642.7,0.872
7,0.28,B,both_agree,2865.1,546.7,3188.8,997.8,0.806
7,0.28,B,both_agree,534.0,629.5,864.9,1047.0,0.802
7,0.28,B,both_agree,3072.2,670.8,3368.0,1181.1,0.59
8,0.32,A,scrfd,1746.7,177.6,2120.8,642.3,0.868
8,0.32,A,scrfd,534.5,630.4,864.9,1047.1,0.801
8,0.32,A,scrfd,2856.4,550.2,3181.3,990.1,0.798
8,0.32,A,scrfd,3061.3,662.8,3369.9,1177.5,0.646
8,0.32,B,both_agree,1746.7,177.6,2120.8,642.3,0.868
8,0.32,B,both_agree,534.5,630.4,864.9,1047.1,0.801
8,0.32,B,both_agree,2856.4,550.2,3181.3,990.1,0.798
8,0.32,B,both_agree,3061.3,662.8,3369.9,1177.5,0.646
9,0.36,A,scrfd,1745.5,178.2,2121.0,642.3,0.865
9,0.36,A,scrfd,2850.8,548.5,3174.1,984.6,0.813
9,0.36,A,scrfd,535.2,629.8,865.2,1047.2,0.803
9,0.36,A,scrfd,3058.5,658.2,3371.3,1180.1,0.653
9,0.36,B,both_agree,1745.5,178.2,2121.0,642.3,0.865
9,0.36,B,both_agree,2850.8,548.5,3174.1,984.6,0.813
9,0.36,B,both_agree,535.2,629.8,865.2,1047.2,0.803
9,0.36,B,both_agree,3058.5,658.2,3371.3,1180.1,0.653
10,0.4,A,scrfd,1744.7,173.7,2120.6,643.3,0.87
10,0.4,A,scrfd,2846.1,547.0,3170.1,983.6,0.805
10,0.4,A,scrfd,535.6,630.3,865.5,1047.2,0.804
10,0.4,A,scrfd,3064.8,665.1,3368.2,1180.8,0.612
10,0.4,B,both_agree,1744.7,173.7,2120.6,643.3,0.87
10,0.4,B,both_agree,2846.1,547.0,3170.1,983.6,0.805
10,0.4,B,both_agree,535.6,630.3,865.5,1047.2,0.804
10,0.4,B,both_agree,3064.8,665.1,3368.2,1180.8,0.612
11,0.44,A,scrfd,1743.8,174.3,2117.9,644.3,0.869
11,0.44,A,scrfd,535.8,630.8,865.8,1046.5,0.806
11,0.44,A,scrfd,2842.2,546.9,3164.3,982.4,0.795
11,0.44,A,scrfd,3064.6,672.2,3364.0,1184.9,0.579
11,0.44,A,orphan_safetynet,1120.5,906.6,1553.8,1365.2,0.355
11,0.44,B,both_agree,1743.8,174.3,2117.9,644.3,0.869
11,0.44,B,both_agree,535.8,630.8,865.8,1046.5,0.806
11,0.44,B,both_agree,2842.2,546.9,3164.3,982.4,0.795
11,0.44,B,both_agree,3064.6,672.2,3364.0,1184.9,0.579
12,0.48,A,scrfd,1744.0,176.6,2116.4,643.2,0.868
12,0.48,A,scrfd,535.8,630.8,865.9,1045.6,0.809
12,0.48,A,scrfd,2838.9,546.6,3157.2,980.9,0.787
12,0.48,A,scrfd,3059.5,666.7,3362.7,1185.7,0.58
12,0.48,A,orphan_safetynet,1105.9,922.1,1558.9,1379.0,0.456
12,0.48,B,both_agree,1744.0,176.6,2116.4,643.2,0.868
12,0.48,B,both_agree,535.8,630.8,865.9,1045.6,0.809
12,0.48,B,both_agree,2838.9,546.6,3157.2,980.9,0.787
12,0.48,B,both_agree,3059.5,666.7,3362.7,1185.7,0.58
13,0.52,A,scrfd,1743.8,173.1,2115.0,642.3,0.869
13,0.52,A,scrfd,2831.9,546.9,3150.7,973.9,0.814
13,0.52,A,scrfd,536.6,630.8,866.3,1045.5,0.812
13,0.52,A,scrfd,3056.9,667.4,3363.5,1183.0,0.565
13,0.52,A,orphan_safetynet,1107.5,920.3,1562.6,1377.5,0.52
13,0.52,B,both_agree,1743.8,173.1,2115.0,642.3,0.869
13,0.52,B,both_agree,2831.9,546.9,3150.7,973.9,0.814
13,0.52,B,both_agree,536.6,630.8,866.3,1045.5,0.812
13,0.52,B,both_agree,3056.9,667.4,3363.5,1183.0,0.565
14,0.56,A,scrfd,1742.8,171.5,2116.0,640.2,0.868
14,0.56,A,scrfd,2825.8,542.6,3144.0,970.6,0.826
14,0.56,A,scrfd,536.3,630.8,866.7,1045.7,0.811
14,0.56,A,scrfd,3053.7,661.7,3363.2,1180.7,0.54
14,0.56,A,orphan_safetynet,1109.2,914.6,1561.2,1373.7,0.521
14,0.56,B,both_agree,1742.8,171.5,2116.0,640.2,0.868
14,0.56,B,both_agree,2825.8,542.6,3144.0,970.6,0.826
14,0.56,B,both_agree,536.3,630.8,866.7,1045.7,0.811
14,0.56,B,both_agree,3053.7,661.7,3363.2,1180.7,0.54
15,0.6,A,scrfd,1742.4,172.0,2114.2,638.2,0.87
15,0.6,A,scrfd,2817.7,538.1,3139.1,970.5,0.824
15,0.6,A,scrfd,536.6,631.1,867.2,1046.0,0.811
15,0.6,A,scrfd,3053.8,664.0,3360.5,1180.0,0.509
15,0.6,A,orphan_safetynet,1106.9,909.2,1559.5,1371.2,0.516
15,0.6,B,both_agree,1742.4,172.0,2114.2,638.2,0.87
15,0.6,B,both_agree,2817.7,538.1,3139.1,970.5,0.824
15,0.6,B,both_agree,536.6,631.1,867.2,1046.0,0.811
15,0.6,B,both_agree,3053.8,664.0,3360.5,1180.0,0.509
16,0.64,A,scrfd,1740.3,173.3,2114.0,636.0,0.87
16,0.64,A,scrfd,537.4,630.5,867.4,1046.2,0.813
16,0.64,A,scrfd,2806.7,531.6,3136.2,967.5,0.806
16,0.64,A,orphan_safetynet,1105.7,906.5,1559.1,1369.3,0.529
16,0.64,B,both_agree,1740.3,173.3,2114.0,636.0,0.87
16,0.64,B,both_agree,537.4,630.5,867.4,1046.2,0.813
16,0.64,B,both_agree,2806.7,531.6,3136.2,967.5,0.806
16,0.64,B,yoloface_only,3061.8,671.0,3346.8,1198.7,0.572
17,0.68,A,scrfd,1738.4,166.6,2113.1,636.9,0.872
17,0.68,A,scrfd,538.4,631.3,867.4,1045.2,0.815
17,0.68,A,scrfd,2801.6,527.7,3128.2,963.5,0.79
17,0.68,A,orphan_safetynet,1104.8,906.6,1559.7,1369.4,0.502
17,0.68,B,both_agree,1738.4,166.6,2113.1,636.9,0.872
17,0.68,B,both_agree,538.4,631.3,867.4,1045.2,0.815
17,0.68,B,both_agree,2801.6,527.7,3128.2,963.5,0.79
17,0.68,B,yoloface_only,3056.1,638.4,3347.4,1211.6,0.585
18,0.72,A,scrfd,1737.3,163.7,2112.9,635.0,0.873
18,0.72,A,scrfd,538.9,630.8,867.9,1045.9,0.813
18,0.72,A,scrfd,2798.9,523.3,3121.5,963.9,0.784
18,0.72,A,orphan_safetynet,1107.5,906.5,1558.2,1369.3,0.459
18,0.72,B,both_agree,1737.3,163.7,2112.9,635.0,0.873
18,0.72,B,both_agree,538.9,630.8,867.9,1045.9,0.813
18,0.72,B,both_agree,2798.9,523.3,3121.5,963.9,0.784
18,0.72,B,yoloface_only,3055.4,636.3,3348.0,1214.7,0.577
19,0.76,A,scrfd,1736.5,160.6,2113.8,631.1,0.872
19,0.76,A,scrfd,539.0,630.5,868.3,1046.3,0.81
19,0.76,A,scrfd,2794.8,520.2,3114.9,959.6,0.797
19,0.76,A,orphan_safetynet,1107.9,907.7,1557.7,1370.0,0.483
19,0.76,B,both_agree,1736.5,160.6,2113.8,631.1,0.872
19,0.76,B,both_agree,539.0,630.5,868.3,1046.3,0.81
19,0.76,B,both_agree,2794.8,520.2,3114.9,959.6,0.797
19,0.76,B,yoloface_only,3055.4,636.9,3346.7,1211.8,0.588
20,0.8,A,scrfd,1735.0,161.9,2114.1,630.8,0.874
20,0.8,A,scrfd,539.1,630.6,868.9,1045.9,0.81
20,0.8,A,scrfd,2791.6,519.7,3108.2,956.1,0.791
20,0.8,A,scrfd,3050.8,653.6,3366.1,1179.9,0.533
20,0.8,A,orphan_safetynet,1109.9,910.5,1557.2,1371.8,0.478
20,0.8,B,both_agree,1735.0,161.9,2114.1,630.8,0.874
20,0.8,B,both_agree,539.1,630.6,868.9,1045.9,0.81
20,0.8,B,both_agree,2791.6,519.7,3108.2,956.1,0.791
20,0.8,B,both_agree,3050.8,653.6,3366.1,1179.9,0.533
21,0.84,A,scrfd,1733.7,161.6,2112.9,630.9,0.873
21,0.84,A,scrfd,2789.3,517.7,3099.8,955.9,0.818
21,0.84,A,scrfd,539.4,629.9,869.3,1046.7,0.809
21,0.84,A,scrfd,3053.1,652.1,3366.3,1179.4,0.556
21,0.84,A,orphan_safetynet,1109.3,912.4,1556.5,1373.3,0.494
21,0.84,B,both_agree,1733.7,161.6,2112.9,630.9,0.873
21,0.84,B,both_agree,2789.3,517.7,3099.8,955.9,0.818
21,0.84,B,both_agree,539.4,629.9,869.3,1046.7,0.809
21,0.84,B,both_agree,3053.1,652.1,3366.3,1179.4,0.556
22,0.88,A,scrfd,1733.3,159.2,2112.4,631.0,0.875
22,0.88,A,scrfd,2778.1,516.3,3096.0,956.5,0.822
22,0.88,A,scrfd,540.0,630.5,869.4,1047.5,0.806
22,0.88,A,scrfd,3051.8,648.1,3365.7,1179.7,0.577
22,0.88,A,orphan_safetynet,1108.5,912.5,1555.9,1373.2,0.5
22,0.88,B,both_agree,1733.3,159.2,2112.4,631.0,0.875
22,0.88,B,both_agree,2778.1,516.3,3096.0,956.5,0.822
22,0.88,B,both_agree,540.0,630.5,869.4,1047.5,0.806
22,0.88,B,both_agree,3051.8,648.1,3365.7,1179.7,0.577
23,0.92,A,scrfd,1732.5,158.3,2111.0,630.9,0.874
23,0.92,A,scrfd,2777.8,515.8,3090.8,956.3,0.826
23,0.92,A,scrfd,540.4,630.2,869.4,1048.4,0.803
23,0.92,A,scrfd,3053.9,653.1,3360.4,1178.1,0.579
23,0.92,A,orphan_safetynet,1111.1,910.2,1552.8,1371.4,0.514
23,0.92,B,both_agree,1732.5,158.3,2111.0,630.9,0.874
23,0.92,B,both_agree,2777.8,515.8,3090.8,956.3,0.826
23,0.92,B,both_agree,540.4,630.2,869.4,1048.4,0.803
23,0.92,B,both_agree,3053.9,653.1,3360.4,1178.1,0.579
24,0.96,A,scrfd,1731.4,151.7,2110.0,632.1,0.876
24,0.96,A,scrfd,2769.1,515.8,3087.4,956.4,0.819
24,0.96,A,scrfd,539.8,631.0,869.7,1048.8,0.8
24,0.96,A,scrfd,3053.2,655.6,3355.0,1180.2,0.58
24,0.96,A,orphan_safetynet,1109.4,913.8,1549.8,1373.7,0.486
24,0.96,B,both_agree,1731.4,151.7,2110.0,632.1,0.876
24,0.96,B,both_agree,2769.1,515.8,3087.4,956.4,0.819
24,0.96,B,both_agree,539.8,631.0,869.7,1048.8,0.8
24,0.96,B,both_agree,3053.2,655.6,3355.0,1180.2,0.58
25,1.0,A,scrfd,1730.2,151.4,2109.3,631.8,0.876
25,1.0,A,scrfd,2762.8,517.2,3078.5,957.0,0.821
25,1.0,A,scrfd,536.9,632.4,871.1,1046.3,0.801
25,1.0,A,scrfd,3052.9,657.3,3353.9,1184.3,0.588
25,1.0,A,orphan_safetynet,1106.8,915.0,1550.9,1374.9,0.479
25,1.0,B,both_agree,1730.2,151.4,2109.3,631.8,0.876
25,1.0,B,both_agree,2762.8,517.2,3078.5,957.0,0.821
25,1.0,B,both_agree,536.9,632.4,871.1,1046.3,0.801
25,1.0,B,both_agree,3052.9,657.3,3353.9,1184.3,0.588
26,1.04,A,scrfd,1730.0,150.3,2108.7,631.9,0.877
26,1.04,A,scrfd,2754.2,517.2,3074.3,959.0,0.809
26,1.04,A,scrfd,537.7,632.7,871.4,1046.7,0.805
26,1.04,A,scrfd,3052.7,649.6,3351.4,1190.7,0.59
26,1.04,A,orphan_safetynet,1110.0,914.4,1550.6,1374.7,0.444
26,1.04,B,both_agree,1730.0,150.3,2108.7,631.9,0.877
26,1.04,B,both_agree,2754.2,517.2,3074.3,959.0,0.809
26,1.04,B,both_agree,537.7,632.7,871.4,1046.7,0.805
26,1.04,B,both_agree,3052.7,649.6,3351.4,1190.7,0.59
27,1.08,A,scrfd,1730.2,150.2,2108.0,631.5,0.875
27,1.08,A,scrfd,2749.3,518.0,3070.6,957.3,0.81
27,1.08,A,scrfd,537.5,632.0,871.5,1047.3,0.803
27,1.08,A,scrfd,3053.5,658.5,3346.4,1196.1,0.594
27,1.08,A,orphan_safetynet,1107.2,916.2,1551.4,1375.3,0.404
27,1.08,B,both_agree,1730.2,150.2,2108.0,631.5,0.875
27,1.08,B,both_agree,2749.3,518.0,3070.6,957.3,0.81
27,1.08,B,both_agree,537.5,632.0,871.5,1047.3,0.803
27,1.08,B,both_agree,3053.5,658.5,3346.4,1196.1,0.594
28,1.12,A,scrfd,1730.4,149.0,2107.0,631.2,0.875
28,1.12,A,scrfd,537.9,631.5,871.9,1047.1,0.802
28,1.12,A,scrfd,2749.7,517.6,3066.2,957.5,0.802
28,1.12,A,scrfd,3054.3,661.1,3345.5,1193.6,0.6
28,1.12,A,orphan_safetynet,1107.1,917.0,1546.9,1375.6,0.345
28,1.12,B,both_agree,1730.4,149.0,2107.0,631.2,0.875
28,1.12,B,both_agree,537.9,631.5,871.9,1047.1,0.802
28,1.12,B,both_agree,2749.7,517.6,3066.2,957.5,0.802
28,1.12,B,both_agree,3054.3,661.1,3345.5,1193.6,0.6
29,1.16,A,scrfd,1730.3,148.1,2108.4,630.8,0.877
29,1.16,A,scrfd,538.6,631.0,872.1,1047.3,0.802
29,1.16,A,scrfd,2745.5,521.5,3059.6,955.9,0.789
29,1.16,A,scrfd,3052.7,662.7,3345.9,1191.7,0.621
29,1.16,B,both_agree,1730.3,148.1,2108.4,630.8,0.877
29,1.16,B,both_agree,538.6,631.0,872.1,1047.3,0.802
29,1.16,B,both_agree,2745.5,521.5,3059.6,955.9,0.789
29,1.16,B,both_agree,3052.7,662.7,3345.9,1191.7,0.621
30,1.2,A,scrfd,1730.9,146.5,2109.9,630.2,0.878
30,1.2,A,scrfd,2741.3,521.7,3056.1,955.7,0.807
30,1.2,A,scrfd,543.2,629.5,870.8,1049.7,0.803
30,1.2,A,scrfd,3050.6,664.9,3346.1,1195.3,0.616
30,1.2,B,both_agree,1730.9,146.5,2109.9,630.2,0.878
30,1.2,B,both_agree,2741.3,521.7,3056.1,955.7,0.807
30,1.2,B,both_agree,543.2,629.5,870.8,1049.7,0.803
30,1.2,B,both_agree,3050.6,664.9,3346.1,1195.3,0.616
31,1.24,A,scrfd,1732.5,145.1,2109.9,629.4,0.877
31,1.24,A,scrfd,2735.0,520.4,3051.9,957.8,0.815
31,1.24,A,scrfd,543.0,628.8,870.9,1049.8,0.803
31,1.24,A,scrfd,3048.2,663.1,3346.4,1195.7,0.617
31,1.24,B,both_agree,1732.5,145.1,2109.9,629.4,0.877
31,1.24,B,both_agree,2735.0,520.4,3051.9,957.8,0.815
31,1.24,B,both_agree,543.0,628.8,870.9,1049.8,0.803
31,1.24,B,both_agree,3048.2,663.1,3346.4,1195.7,0.617
32,1.28,A,scrfd,1735.3,141.1,2110.6,630.6,0.88
32,1.28,A,scrfd,2735.2,521.4,3047.0,956.5,0.818
32,1.28,A,scrfd,543.4,628.7,871.1,1049.3,0.805
32,1.28,A,scrfd,3047.0,662.8,3345.8,1194.3,0.626
32,1.28,B,both_agree,1735.3,141.1,2110.6,630.6,0.88
32,1.28,B,both_agree,2735.2,521.4,3047.0,956.5,0.818
32,1.28,B,both_agree,543.4,628.7,871.1,1049.3,0.805
32,1.28,B,both_agree,3047.0,662.8,3345.8,1194.3,0.626
33,1.32,A,scrfd,1736.1,139.6,2112.4,629.5,0.879
33,1.32,A,scrfd,2729.5,521.3,3043.6,958.9,0.807
33,1.32,A,scrfd,543.3,628.3,871.3,1049.3,0.805
33,1.32,A,scrfd,3044.5,663.6,3343.1,1201.9,0.621
33,1.32,B,both_agree,1736.1,139.6,2112.4,629.5,0.879
33,1.32,B,both_agree,2729.5,521.3,3043.6,958.9,0.807
33,1.32,B,both_agree,543.3,628.3,871.3,1049.3,0.805
33,1.32,B,both_agree,3044.5,663.6,3343.1,1201.9,0.621
34,1.36,A,scrfd,1738.1,136.2,2113.1,624.7,0.879
34,1.36,A,scrfd,543.2,627.8,871.4,1048.9,0.807
34,1.36,A,scrfd,2724.9,519.5,3039.5,963.0,0.801
34,1.36,A,scrfd,3044.5,662.5,3341.3,1200.5,0.601
34,1.36,B,both_agree,1738.1,136.2,2113.1,624.7,0.879
34,1.36,B,both_agree,543.2,627.8,871.4,1048.9,0.807
34,1.36,B,both_agree,2724.9,519.5,3039.5,963.0,0.801
34,1.36,B,both_agree,3044.5,662.5,3341.3,1200.5,0.601
35,1.4,A,scrfd,1740.5,136.8,2115.6,623.0,0.876
35,1.4,A,scrfd,543.4,628.1,871.5,1049.1,0.807
35,1.4,A,scrfd,2716.5,517.2,3038.0,966.9,0.788
35,1.4,A,scrfd,3045.2,661.5,3340.9,1200.1,0.603
35,1.4,B,both_agree,1740.5,136.8,2115.6,623.0,0.876
35,1.4,B,both_agree,543.4,628.1,871.5,1049.1,0.807
35,1.4,B,both_agree,2716.5,517.2,3038.0,966.9,0.788
35,1.4,B,both_agree,3045.2,661.5,3340.9,1200.1,0.603
36,1.44,A,scrfd,1741.8,134.6,2119.0,624.2,0.878
36,1.44,A,scrfd,543.3,627.1,871.7,1049.2,0.807
36,1.44,A,scrfd,2714.2,520.3,3033.9,970.0,0.791
36,1.44,A,scrfd,3042.9,660.4,3337.9,1202.0,0.584
36,1.44,B,both_agree,1741.8,134.6,2119.0,624.2,0.878
36,1.44,B,both_agree,543.3,627.1,871.7,1049.2,0.807
36,1.44,B,both_agree,2714.2,520.3,3033.9,970.0,0.791
36,1.44,B,both_agree,3042.9,660.4,3337.9,1202.0,0.584
37,1.48,A,scrfd,1742.7,133.8,2122.1,625.3,0.879
37,1.48,A,scrfd,543.4,627.0,871.6,1049.1,0.808
37,1.48,A,scrfd,2708.4,522.7,3030.4,970.5,0.788
37,1.48,A,scrfd,3043.4,661.0,3336.2,1201.8,0.57
37,1.48,B,both_agree,1742.7,133.8,2122.1,625.3,0.879
37,1.48,B,both_agree,543.4,627.0,871.6,1049.1,0.808
37,1.48,B,both_agree,2708.4,522.7,3030.4,970.5,0.788
37,1.48,B,both_agree,3043.4,661.0,3336.2,1201.8,0.57
38,1.52,A,scrfd,1743.7,136.1,2122.8,625.5,0.878
38,1.52,A,scrfd,543.2,626.3,871.7,1049.5,0.807
38,1.52,A,scrfd,2706.0,522.8,3025.6,973.5,0.778
38,1.52,A,scrfd,3047.6,664.6,3334.5,1206.2,0.574
38,1.52,B,both_agree,1743.7,136.1,2122.8,625.5,0.878
38,1.52,B,both_agree,543.2,626.3,871.7,1049.5,0.807
38,1.52,B,both_agree,2706.0,522.8,3025.6,973.5,0.778
38,1.52,B,both_agree,3047.6,664.6,3334.5,1206.2,0.574
39,1.56,A,scrfd,1743.7,142.7,2122.6,624.2,0.875
39,1.56,A,scrfd,543.2,625.6,871.6,1049.5,0.809
39,1.56,A,scrfd,2700.1,522.2,3024.0,975.8,0.792
39,1.56,A,scrfd,3043.9,664.4,3336.5,1201.4,0.6
39,1.56,B,both_agree,1743.7,142.7,2122.6,624.2,0.875
39,1.56,B,both_agree,543.2,625.6,871.6,1049.5,0.809
39,1.56,B,both_agree,2700.1,522.2,3024.0,975.8,0.792
39,1.56,B,both_agree,3043.9,664.4,3336.5,1201.4,0.6
40,1.6,A,scrfd,1742.7,144.6,2121.7,624.5,0.875
40,1.6,A,scrfd,544.0,625.5,871.9,1048.6,0.811
40,1.6,A,scrfd,2697.0,520.9,3020.4,979.0,0.797
40,1.6,A,scrfd,3046.1,662.9,3337.3,1203.2,0.604
40,1.6,B,both_agree,1742.7,144.6,2121.7,624.5,0.875
40,1.6,B,both_agree,544.0,625.5,871.9,1048.6,0.811
40,1.6,B,both_agree,2697.0,520.9,3020.4,979.0,0.797
40,1.6,B,both_agree,3046.1,662.9,3337.3,1203.2,0.604
41,1.64,A,scrfd,1741.1,145.7,2120.2,622.7,0.869
41,1.64,A,scrfd,543.5,625.1,872.0,1048.8,0.811
41,1.64,A,scrfd,2695.8,521.2,3016.1,978.9,0.781
41,1.64,A,scrfd,3047.0,660.5,3336.5,1204.0,0.603
41,1.64,B,both_agree,1741.1,145.7,2120.2,622.7,0.869
41,1.64,B,both_agree,543.5,625.1,872.0,1048.8,0.811
41,1.64,B,both_agree,2695.8,521.2,3016.1,978.9,0.781
41,1.64,B,both_agree,3047.0,660.5,3336.5,1204.0,0.603
42,1.68,A,scrfd,1737.8,145.7,2117.5,622.9,0.871
42,1.68,A,scrfd,543.6,624.9,872.0,1048.5,0.812
42,1.68,A,scrfd,2693.0,521.4,3010.1,975.1,0.766
42,1.68,A,scrfd,3045.4,652.5,3337.4,1204.3,0.607
42,1.68,B,both_agree,1737.8,145.7,2117.5,622.9,0.871
42,1.68,B,both_agree,543.6,624.9,872.0,1048.5,0.812
42,1.68,B,both_agree,2693.0,521.4,3010.1,975.1,0.766
42,1.68,B,both_agree,3045.4,652.5,3337.4,1204.3,0.607
43,1.72,A,scrfd,1731.7,141.5,2115.0,624.3,0.875
43,1.72,A,scrfd,543.0,624.9,872.1,1049.0,0.811
43,1.72,A,scrfd,2685.5,520.2,3006.0,969.3,0.764
43,1.72,A,scrfd,3046.6,657.3,3330.8,1211.7,0.602
43,1.72,B,both_agree,1731.7,141.5,2115.0,624.3,0.875
43,1.72,B,both_agree,543.0,624.9,872.1,1049.0,0.811
43,1.72,B,both_agree,2685.5,520.2,3006.0,969.3,0.764
43,1.72,B,both_agree,3046.6,657.3,3330.8,1211.7,0.602
44,1.76,A,scrfd,1723.5,138.3,2110.4,625.3,0.882
44,1.76,A,scrfd,543.2,624.8,871.7,1049.3,0.81
44,1.76,A,scrfd,2680.2,516.9,3001.4,968.3,0.769
44,1.76,A,scrfd,3045.9,657.3,3331.3,1215.5,0.637
44,1.76,B,both_agree,1723.5,138.3,2110.4,625.3,0.882
44,1.76,B,both_agree,543.2,624.8,871.7,1049.3,0.81
44,1.76,B,both_agree,2680.2,516.9,3001.4,968.3,0.769
44,1.76,B,both_agree,3045.9,657.3,3331.3,1215.5,0.637
45,1.8,A,scrfd,1719.3,135.5,2103.0,622.7,0.891
45,1.8,A,scrfd,542.8,625.4,871.6,1049.9,0.806
45,1.8,A,scrfd,2680.1,517.5,2994.0,966.9,0.773
45,1.8,A,scrfd,3038.6,659.2,3327.9,1221.5,0.617
45,1.8,B,both_agree,1719.3,135.5,2103.0,622.7,0.891
45,1.8,B,both_agree,542.8,625.4,871.6,1049.9,0.806
45,1.8,B,both_agree,2680.1,517.5,2994.0,966.9,0.773
45,1.8,B,both_agree,3038.6,659.2,3327.9,1221.5,0.617
46,1.84,A,scrfd,1711.4,129.2,2094.8,616.8,0.891
46,1.84,A,scrfd,542.5,625.5,871.4,1050.5,0.803
46,1.84,A,scrfd,2672.9,514.3,2988.6,964.3,0.783
46,1.84,A,scrfd,3032.6,652.1,3333.7,1223.8,0.653
46,1.84,B,both_agree,1711.4,129.2,2094.8,616.8,0.891
46,1.84,B,both_agree,542.5,625.5,871.4,1050.5,0.803
46,1.84,B,both_agree,2672.9,514.3,2988.6,964.3,0.783
46,1.84,B,both_agree,3032.6,652.1,3333.7,1223.8,0.653
47,1.88,A,scrfd,1703.2,124.4,2086.7,611.2,0.902
47,1.88,A,scrfd,543.0,626.7,871.2,1050.8,0.8
47,1.88,A,scrfd,2668.5,514.0,2984.3,964.1,0.777
47,1.88,A,scrfd,3029.6,658.7,3330.1,1230.4,0.65
47,1.88,B,both_agree,1703.2,124.4,2086.7,611.2,0.902
47,1.88,B,both_agree,543.0,626.7,871.2,1050.8,0.8
47,1.88,B,both_agree,2668.5,514.0,2984.3,964.1,0.777
47,1.88,B,both_agree,3029.6,658.7,3330.1,1230.4,0.65
48,1.92,A,scrfd,1696.7,111.8,2074.6,604.7,0.892
48,1.92,A,scrfd,543.4,627.4,871.2,1050.4,0.799
48,1.92,A,scrfd,2665.7,509.5,2981.2,967.2,0.78
48,1.92,A,scrfd,3026.7,659.7,3328.4,1233.7,0.668
48,1.92,B,both_agree,1696.7,111.8,2074.6,604.7,0.892
48,1.92,B,both_agree,543.4,627.4,871.2,1050.4,0.799
48,1.92,B,both_agree,2665.7,509.5,2981.2,967.2,0.78
48,1.92,B,both_agree,3026.7,659.7,3328.4,1233.7,0.668
49,1.96,A,scrfd,1678.8,100.7,2066.9,594.9,0.894
49,1.96,A,scrfd,543.2,627.5,871.2,1051.0,0.797
49,1.96,A,scrfd,2663.3,508.8,2977.0,966.0,0.78
49,1.96,A,scrfd,3020.6,666.3,3325.4,1236.7,0.68
49,1.96,B,both_agree,1678.8,100.7,2066.9,594.9,0.894
49,1.96,B,both_agree,543.2,627.5,871.2,1051.0,0.797
49,1.96,B,both_agree,2663.3,508.8,2977.0,966.0,0.78
49,1.96,B,both_agree,3020.6,666.3,3325.4,1236.7,0.68
50,2.0,A,scrfd,1668.5,98.9,2057.3,586.8,0.896
50,2.0,A,scrfd,543.6,627.1,871.0,1051.0,0.799
50,2.0,A,scrfd,2659.2,506.0,2973.0,965.7,0.772
50,2.0,A,scrfd,3018.1,671.7,3318.0,1241.6,0.66
50,2.0,B,both_agree,1668.5,98.9,2057.3,586.8,0.896
50,2.0,B,both_agree,543.6,627.1,871.0,1051.0,0.799
50,2.0,B,both_agree,2659.2,506.0,2973.0,965.7,0.772
50,2.0,B,both_agree,3018.1,671.7,3318.0,1241.6,0.66
51,2.04,A,scrfd,1657.7,91.1,2041.3,579.4,0.885
51,2.04,A,scrfd,543.3,626.4,871.2,1051.3,0.8
51,2.04,A,scrfd,2655.8,505.1,2969.5,965.0,0.762
51,2.04,A,scrfd,3015.3,672.7,3321.7,1244.4,0.687
51,2.04,B,both_agree,1657.7,91.1,2041.3,579.4,0.885
51,2.04,B,both_agree,543.3,626.4,871.2,1051.3,0.8
51,2.04,B,both_agree,2655.8,505.1,2969.5,965.0,0.762
51,2.04,B,both_agree,3015.3,672.7,3321.7,1244.4,0.687
52,2.08,A,scrfd,1645.1,74.4,2028.0,579.1,0.88
52,2.08,A,scrfd,543.6,627.3,871.3,1050.3,0.803
52,2.08,A,scrfd,2653.7,503.5,2965.9,965.8,0.746
52,2.08,A,scrfd,3011.1,668.3,3321.4,1251.1,0.702
52,2.08,B,both_agree,1645.1,74.4,2028.0,579.1,0.88
52,2.08,B,both_agree,543.6,627.3,871.3,1050.3,0.803
52,2.08,B,both_agree,2653.7,503.5,2965.9,965.8,0.746
52,2.08,B,both_agree,3011.1,668.3,3321.4,1251.1,0.702
53,2.12,A,scrfd,1624.9,72.1,2011.9,571.7,0.885
53,2.12,A,scrfd,543.9,627.9,871.7,1049.8,0.803
53,2.12,A,scrfd,2653.5,503.3,2962.5,965.7,0.752
53,2.12,A,scrfd,3006.9,667.1,3322.7,1258.6,0.7
53,2.12,B,both_agree,1624.9,72.1,2011.9,571.7,0.885
53,2.12,B,both_agree,543.9,627.9,871.7,1049.8,0.803
53,2.12,B,both_agree,2653.5,503.3,2962.5,965.7,0.752
53,2.12,B,both_agree,3006.9,667.1,3322.7,1258.6,0.7
54,2.16,A,scrfd,1611.3,64.2,1999.8,565.5,0.89
54,2.16,A,scrfd,544.2,629.0,871.6,1049.2,0.805
54,2.16,A,scrfd,2645.3,506.2,2960.4,969.4,0.752
54,2.16,A,scrfd,3003.2,662.7,3321.6,1271.4,0.711
54,2.16,B,both_agree,1611.3,64.2,1999.8,565.5,0.89
54,2.16,B,both_agree,544.2,629.0,871.6,1049.2,0.805
54,2.16,B,both_agree,2645.3,506.2,2960.4,969.4,0.752
54,2.16,B,both_agree,3003.2,662.7,3321.6,1271.4,0.711
55,2.2,A,scrfd,1593.3,58.4,1984.1,560.6,0.893
55,2.2,A,scrfd,543.8,630.1,871.5,1049.5,0.801
55,2.2,A,scrfd,2647.7,507.3,2962.0,967.4,0.746
55,2.2,A,scrfd,2999.8,666.7,3321.3,1279.5,0.714
55,2.2,B,both_agree,1593.3,58.4,1984.1,560.6,0.893
55,2.2,B,both_agree,543.8,630.1,871.5,1049.5,0.801
55,2.2,B,both_agree,2647.7,507.3,2962.0,967.4,0.746
55,2.2,B,both_agree,2999.8,666.7,3321.3,1279.5,0.714
56,2.24,A,scrfd,1575.9,56.9,1962.2,559.2,0.898
56,2.24,A,scrfd,543.5,630.7,871.3,1049.4,0.802
56,2.24,A,scrfd,2642.5,513.2,2957.9,973.6,0.755
56,2.24,A,scrfd,2996.6,675.4,3319.0,1282.0,0.722
56,2.24,B,both_agree,1575.9,56.9,1962.2,559.2,0.898
56,2.24,B,both_agree,543.5,630.7,871.3,1049.4,0.802
56,2.24,B,both_agree,2642.5,513.2,2957.9,973.6,0.755
56,2.24,B,both_agree,2996.6,675.4,3319.0,1282.0,0.722
57,2.28,A,scrfd,1557.6,54.6,1945.7,556.1,0.893
57,2.28,A,scrfd,540.8,634.6,872.0,1046.5,0.81
57,2.28,A,scrfd,2640.1,514.4,2958.2,982.6,0.775
57,2.28,A,scrfd,2993.7,676.0,3314.9,1286.6,0.726
57,2.28,B,both_agree,1557.6,54.6,1945.7,556.1,0.893
57,2.28,B,both_agree,540.8,634.6,872.0,1046.5,0.81
57,2.28,B,both_agree,2640.1,514.4,2958.2,982.6,0.775
57,2.28,B,both_agree,2993.7,676.0,3314.9,1286.6,0.726
58,2.32,A,scrfd,1535.3,54.3,1926.8,552.9,0.896
58,2.32,A,scrfd,541.3,636.5,871.8,1046.9,0.82
58,2.32,A,scrfd,2641.2,518.8,2959.6,983.0,0.773
58,2.32,A,scrfd,2989.7,677.4,3316.8,1289.4,0.723
58,2.32,B,both_agree,1535.3,54.3,1926.8,552.9,0.896
58,2.32,B,both_agree,541.3,636.5,871.8,1046.9,0.82
58,2.32,B,both_agree,2641.2,518.8,2959.6,983.0,0.773
58,2.32,B,both_agree,2989.7,677.4,3316.8,1289.4,0.723
59,2.36,A,scrfd,1515.2,49.6,1906.0,552.7,0.894
59,2.36,A,scrfd,541.4,638.6,871.9,1046.7,0.825
59,2.36,A,scrfd,2641.2,522.5,2960.9,984.9,0.783
59,2.36,A,scrfd,2991.1,682.5,3313.6,1289.8,0.723
59,2.36,B,both_agree,1515.2,49.6,1906.0,552.7,0.894
59,2.36,B,both_agree,541.4,638.6,871.9,1046.7,0.825
59,2.36,B,both_agree,2641.2,522.5,2960.9,984.9,0.783
59,2.36,B,both_agree,2991.1,682.5,3313.6,1289.8,0.723
60,2.4,A,scrfd,1491.9,49.2,1883.7,554.1,0.905
60,2.4,A,scrfd,541.4,639.9,872.0,1047.2,0.829
60,2.4,A,scrfd,2643.6,525.5,2961.7,985.1,0.777
60,2.4,A,scrfd,2987.7,683.1,3314.1,1289.8,0.72
60,2.4,B,both_agree,1491.9,49.2,1883.7,554.1,0.905
60,2.4,B,both_agree,541.4,639.9,872.0,1047.2,0.829
60,2.4,B,both_agree,2643.6,525.5,2961.7,985.1,0.777
60,2.4,B,both_agree,2987.7,683.1,3314.1,1289.8,0.72
61,2.44,A,scrfd,1466.7,40.2,1860.6,553.0,0.894
61,2.44,A,scrfd,542.3,640.3,871.9,1047.0,0.83
61,2.44,A,scrfd,2645.1,526.9,2962.1,985.1,0.771
61,2.44,A,scrfd,2982.6,689.2,3315.1,1293.1,0.726
61,2.44,B,both_agree,1466.7,40.2,1860.6,553.0,0.894
61,2.44,B,both_agree,542.3,640.3,871.9,1047.0,0.83
61,2.44,B,both_agree,2645.1,526.9,2962.1,985.1,0.771
61,2.44,B,both_agree,2982.6,689.2,3315.1,1293.1,0.726
62,2.48,A,scrfd,1445.4,42.8,1840.8,553.1,0.896
62,2.48,A,scrfd,542.7,639.9,872.3,1047.0,0.828
62,2.48,A,scrfd,2648.4,527.1,2963.6,983.8,0.764
62,2.48,A,scrfd,2985.1,688.2,3313.9,1290.7,0.725
62,2.48,B,both_agree,1445.4,42.8,1840.8,553.1,0.896
62,2.48,B,both_agree,542.7,639.9,872.3,1047.0,0.828
62,2.48,B,both_agree,2648.4,527.1,2963.6,983.8,0.764
62,2.48,B,both_agree,2985.1,688.2,3313.9,1290.7,0.725
63,2.52,A,scrfd,1416.9,41.8,1816.7,549.7,0.896
63,2.52,A,scrfd,543.8,638.8,872.5,1046.8,0.824
63,2.52,A,scrfd,2649.3,519.1,2964.0,984.9,0.773
63,2.52,A,scrfd,2982.9,688.1,3315.8,1290.5,0.726
63,2.52,B,both_agree,1416.9,41.8,1816.7,549.7,0.896
63,2.52,B,both_agree,543.8,638.8,872.5,1046.8,0.824
63,2.52,B,both_agree,2649.3,519.1,2964.0,984.9,0.773
63,2.52,B,both_agree,2982.9,688.1,3315.8,1290.5,0.726
64,2.56,A,scrfd,1391.6,34.0,1790.5,552.8,0.9
64,2.56,A,scrfd,544.6,637.6,872.5,1046.9,0.82
64,2.56,A,scrfd,2652.4,517.5,2966.8,985.7,0.777
64,2.56,A,scrfd,2984.9,687.7,3317.1,1290.0,0.73
64,2.56,B,both_agree,1391.6,34.0,1790.5,552.8,0.9
64,2.56,B,both_agree,544.6,637.6,872.5,1046.9,0.82
64,2.56,B,both_agree,2652.4,517.5,2966.8,985.7,0.777
64,2.56,B,both_agree,2984.9,687.7,3317.1,1290.0,0.73
65,2.6,A,scrfd,1365.6,35.7,1766.8,551.6,0.895
65,2.6,A,scrfd,545.5,635.4,872.6,1046.8,0.808
65,2.6,A,scrfd,2655.2,516.7,2967.7,984.9,0.774
65,2.6,A,scrfd,2985.9,680.0,3314.4,1292.6,0.734
65,2.6,B,both_agree,1365.6,35.7,1766.8,551.6,0.895
65,2.6,B,both_agree,545.5,635.4,872.6,1046.8,0.808
65,2.6,B,both_agree,2655.2,516.7,2967.7,984.9,0.774
65,2.6,B,both_agree,2985.9,680.0,3314.4,1292.6,0.734
66,2.64,A,scrfd,1333.3,37.9,1741.2,553.1,0.902
66,2.64,A,scrfd,546.3,634.7,872.9,1046.2,0.804
66,2.64,A,scrfd,2655.8,512.4,2969.0,985.8,0.78
66,2.64,A,scrfd,2986.4,676.9,3312.9,1287.4,0.735
66,2.64,B,both_agree,1333.3,37.9,1741.2,553.1,0.902
66,2.64,B,both_agree,546.3,634.7,872.9,1046.2,0.804
66,2.64,B,both_agree,2655.8,512.4,2969.0,985.8,0.78
66,2.64,B,both_agree,2986.4,676.9,3312.9,1287.4,0.735
67,2.68,A,scrfd,1305.0,34.6,1711.6,553.3,0.899
67,2.68,A,scrfd,550.1,633.4,872.3,1047.9,0.8
67,2.68,A,scrfd,2655.9,514.8,2972.9,981.9,0.779
67,2.68,A,scrfd,2987.9,670.8,3314.9,1292.1,0.744
67,2.68,B,both_agree,1305.0,34.6,1711.6,553.3,0.899
67,2.68,B,both_agree,550.1,633.4,872.3,1047.9,0.8
67,2.68,B,both_agree,2655.9,514.8,2972.9,981.9,0.779
67,2.68,B,both_agree,2987.9,670.8,3314.9,1292.1,0.744
68,2.72,A,scrfd,1277.3,37.4,1684.1,550.4,0.894
68,2.72,A,scrfd,551.0,631.7,872.6,1047.2,0.805
68,2.72,A,scrfd,2658.3,510.9,2977.3,978.6,0.777
68,2.72,A,scrfd,2988.8,676.0,3315.7,1289.8,0.75
68,2.72,B,both_agree,1277.3,37.4,1684.1,550.4,0.894
68,2.72,B,both_agree,551.0,631.7,872.6,1047.2,0.805
68,2.72,B,both_agree,2658.3,510.9,2977.3,978.6,0.777
68,2.72,B,both_agree,2988.8,676.0,3315.7,1289.8,0.75
69,2.76,A,scrfd,1248.8,30.0,1655.1,551.6,0.893
69,2.76,A,scrfd,551.9,628.1,873.2,1047.0,0.809
69,2.76,A,scrfd,2662.6,510.8,2982.2,977.4,0.774
69,2.76,A,scrfd,2991.1,678.0,3319.0,1290.4,0.757
69,2.76,B,both_agree,1248.8,30.0,1655.1,551.6,0.893
69,2.76,B,both_agree,551.9,628.1,873.2,1047.0,0.809
69,2.76,B,both_agree,2662.6,510.8,2982.2,977.4,0.774
69,2.76,B,both_agree,2991.1,678.0,3319.0,1290.4,0.757
70,2.8,A,scrfd,1216.9,28.8,1621.2,545.5,0.896
70,2.8,A,scrfd,552.2,628.5,874.2,1046.2,0.812
70,2.8,A,scrfd,2992.2,674.6,3322.7,1293.9,0.77
70,2.8,A,scrfd,2666.5,512.3,2988.1,976.7,0.766
70,2.8,B,both_agree,1216.9,28.8,1621.2,545.5,0.896
70,2.8,B,both_agree,552.2,628.5,874.2,1046.2,0.812
70,2.8,B,both_agree,2992.2,674.6,3322.7,1293.9,0.77
70,2.8,B,both_agree,2666.5,512.3,2988.1,976.7,0.766
71,2.84,A,scrfd,1190.9,32.2,1594.0,543.6,0.892
71,2.84,A,scrfd,553.1,626.7,875.5,1045.7,0.815
71,2.84,A,scrfd,2673.4,510.5,2993.6,976.0,0.773
71,2.84,A,scrfd,2994.5,676.0,3319.5,1291.9,0.765
71,2.84,B,both_agree,1190.9,32.2,1594.0,543.6,0.892
71,2.84,B,both_agree,553.1,626.7,875.5,1045.7,0.815
71,2.84,B,both_agree,2673.4,510.5,2993.6,976.0,0.773
71,2.84,B,both_agree,2994.5,676.0,3319.5,1291.9,0.765
72,2.88,A,scrfd,1155.1,30.5,1565.2,544.2,0.891
72,2.88,A,scrfd,553.5,627.3,876.7,1044.7,0.823
72,2.88,A,scrfd,2679.6,509.5,2998.5,978.2,0.783
72,2.88,A,scrfd,2993.8,672.2,3318.0,1287.7,0.761
72,2.88,B,both_agree,1155.1,30.5,1565.2,544.2,0.891
72,2.88,B,both_agree,553.5,627.3,876.7,1044.7,0.823
72,2.88,B,both_agree,2679.6,509.5,2998.5,978.2,0.783
72,2.88,B,both_agree,2993.8,672.2,3318.0,1287.7,0.761
73,2.92,A,scrfd,1119.2,26.0,1528.9,543.7,0.898
73,2.92,A,scrfd,553.4,623.2,879.1,1044.0,0.826
73,2.92,A,scrfd,2686.7,508.7,3006.1,979.7,0.79
73,2.92,A,scrfd,2995.1,672.0,3316.5,1282.6,0.757
73,2.92,B,both_agree,1119.2,26.0,1528.9,543.7,0.898
73,2.92,B,both_agree,553.4,623.2,879.1,1044.0,0.826
73,2.92,B,both_agree,2686.7,508.7,3006.1,979.7,0.79
73,2.92,B,both_agree,2995.1,672.0,3316.5,1282.6,0.757
74,2.96,A,scrfd,1090.1,24.2,1493.6,539.0,0.884
74,2.96,A,scrfd,553.9,620.4,881.7,1042.9,0.824
74,2.96,A,scrfd,2695.7,508.3,3011.8,978.2,0.78
74,2.96,A,scrfd,2998.2,668.1,3314.5,1280.7,0.751
74,2.96,B,both_agree,1090.1,24.2,1493.6,539.0,0.884
74,2.96,B,both_agree,553.9,620.4,881.7,1042.9,0.824
74,2.96,B,both_agree,2695.7,508.3,3011.8,978.2,0.78
74,2.96,B,both_agree,2998.2,668.1,3314.5,1280.7,0.751
75,3.0,A,scrfd,1058.4,22.7,1465.8,532.6,0.883
75,3.0,A,scrfd,554.0,621.0,884.3,1043.1,0.822
75,3.0,A,scrfd,2700.8,507.5,3022.1,980.4,0.794
75,3.0,A,scrfd,3000.5,676.1,3311.6,1277.8,0.746
75,3.0,B,both_agree,1058.4,22.7,1465.8,532.6,0.883
75,3.0,B,both_agree,554.0,621.0,884.3,1043.1,0.822
75,3.0,B,both_agree,2700.8,507.5,3022.1,980.4,0.794
75,3.0,B,both_agree,3000.5,676.1,3311.6,1277.8,0.746
76,3.04,A,scrfd,1026.6,20.7,1425.5,535.9,0.888
76,3.04,A,scrfd,555.1,620.8,887.6,1042.9,0.82
76,3.04,A,scrfd,2708.8,508.6,3029.0,980.3,0.802
76,3.04,A,scrfd,3002.6,685.7,3315.6,1274.1,0.745
76,3.04,B,both_agree,1026.6,20.7,1425.5,535.9,0.888
76,3.04,B,both_agree,555.1,620.8,887.6,1042.9,0.82
76,3.04,B,both_agree,2708.8,508.6,3029.0,980.3,0.802
76,3.04,B,both_agree,3002.6,685.7,3315.6,1274.1,0.745
77,3.08,A,scrfd,997.4,30.0,1394.2,533.2,0.881
77,3.08,A,scrfd,557.4,622.7,887.0,1042.4,0.817
77,3.08,A,scrfd,2715.1,507.6,3037.6,980.7,0.809
77,3.08,A,scrfd,3006.7,687.2,3312.9,1274.1,0.737
77,3.08,B,both_agree,997.4,30.0,1394.2,533.2,0.881
77,3.08,B,both_agree,557.4,622.7,887.0,1042.4,0.817
77,3.08,B,both_agree,2715.1,507.6,3037.6,980.7,0.809
77,3.08,B,both_agree,3006.7,687.2,3312.9,1274.1,0.737
78,3.12,A,scrfd,969.4,27.8,1364.8,528.5,0.886
78,3.12,A,scrfd,561.0,618.0,883.4,1042.2,0.814
78,3.12,A,scrfd,2722.7,507.1,3045.8,982.0,0.813
78,3.12,A,scrfd,3009.2,690.7,3314.5,1271.3,0.737
78,3.12,B,both_agree,969.4,27.8,1364.8,528.5,0.886
78,3.12,B,both_agree,561.0,618.0,883.4,1042.2,0.814
78,3.12,B,both_agree,2722.7,507.1,3045.8,982.0,0.813
78,3.12,B,both_agree,3009.2,690.7,3314.5,1271.3,0.737
79,3.16,A,scrfd,940.7,28.0,1329.4,531.9,0.871
79,3.16,A,scrfd,2734.7,509.8,3050.4,982.1,0.799
79,3.16,A,scrfd,561.9,620.5,890.7,1043.8,0.778
79,3.16,A,scrfd,3009.4,691.1,3317.9,1272.9,0.735
79,3.16,B,both_agree,940.7,28.0,1329.4,531.9,0.871
79,3.16,B,both_agree,2734.7,509.8,3050.4,982.1,0.799
79,3.16,B,both_agree,561.9,620.5,890.7,1043.8,0.778
79,3.16,B,both_agree,3009.4,691.1,3317.9,1272.9,0.735
80,3.2,A,scrfd,912.9,34.5,1291.0,529.1,0.866
80,3.2,A,scrfd,565.2,624.8,884.1,1041.8,0.793
80,3.2,A,scrfd,2741.9,512.8,3060.6,981.5,0.787
80,3.2,A,scrfd,3012.7,687.2,3316.9,1272.8,0.717
80,3.2,B,both_agree,912.9,34.5,1291.0,529.1,0.866
80,3.2,B,both_agree,565.2,624.8,884.1,1041.8,0.793
80,3.2,B,both_agree,2741.9,512.8,3060.6,981.5,0.787
80,3.2,B,both_agree,3012.7,687.2,3316.9,1272.8,0.717
81,3.24,A,scrfd,882.7,36.5,1257.1,524.3,0.867
81,3.24,A,scrfd,2745.7,517.7,3068.7,979.5,0.781
81,3.24,A,scrfd,567.4,624.9,883.8,1043.9,0.772
81,3.24,A,scrfd,3010.3,685.9,3317.1,1273.3,0.721
81,3.24,B,both_agree,882.7,36.5,1257.1,524.3,0.867
81,3.24,B,both_agree,2745.7,517.7,3068.7,979.5,0.781
81,3.24,B,both_agree,567.4,624.9,883.8,1043.9,0.772
81,3.24,B,both_agree,3010.3,685.9,3317.1,1273.3,0.721
82,3.28,A,scrfd,853.9,32.4,1219.7,524.4,0.851
82,3.28,A,scrfd,2753.0,513.9,3069.8,985.5,0.778
82,3.28,A,scrfd,3008.7,686.9,3316.3,1275.1,0.733
82,3.28,A,scrfd,569.9,614.0,892.1,1048.9,0.703
82,3.28,B,both_agree,853.9,32.4,1219.7,524.4,0.851
82,3.28,B,both_agree,2753.0,513.9,3069.8,985.5,0.778
82,3.28,B,both_agree,3008.7,686.9,3316.3,1275.1,0.733
82,3.28,B,both_agree,569.9,614.0,892.1,1048.9,0.703
83,3.32,A,scrfd,825.4,27.2,1179.9,523.1,0.849
83,3.32,A,scrfd,2761.1,513.6,3077.9,984.9,0.789
83,3.32,A,scrfd,3005.4,691.9,3313.0,1277.0,0.732
83,3.32,A,scrfd,571.2,611.1,896.3,1039.7,0.73
83,3.32,B,both_agree,825.4,27.2,1179.9,523.1,0.849
83,3.32,B,both_agree,2761.1,513.6,3077.9,984.9,0.789
83,3.32,B,both_agree,3005.4,691.9,3313.0,1277.0,0.732
83,3.32,B,both_agree,571.2,611.1,896.3,1039.7,0.73
84,3.36,A,scrfd,797.1,32.6,1144.8,518.7,0.843
84,3.36,A,scrfd,2767.6,515.2,3086.5,986.2,0.798
84,3.36,A,scrfd,582.2,616.9,875.0,1024.7,0.75
84,3.36,A,scrfd,3002.1,693.0,3314.3,1278.1,0.738
84,3.36,A,orphan_safetynet,1219.7,938.3,1955.1,1386.6,0.663
84,3.36,B,both_agree,797.1,32.6,1144.8,518.7,0.843
84,3.36,B,both_agree,2767.6,515.2,3086.5,986.2,0.798
84,3.36,B,both_agree,582.2,616.9,875.0,1024.7,0.75
84,3.36,B,both_agree,3002.1,693.0,3314.3,1278.1,0.738
85,3.4,A,scrfd,2775.3,515.0,3099.1,987.8,0.814
85,3.4,A,scrfd,773.3,32.8,1102.4,519.9,0.801
85,3.4,A,scrfd,1444.8,988.3,1612.2,1266.6,0.77
85,3.4,A,scrfd,3000.1,695.8,3312.6,1278.2,0.741
85,3.4,A,scrfd,590.7,619.4,880.0,1005.2,0.676
85,3.4,B,both_agree,2775.3,515.0,3099.1,987.8,0.814
85,3.4,B,both_agree,773.3,32.8,1102.4,519.9,0.801
85,3.4,B,both_agree,1444.8,988.3,1612.2,1266.6,0.77
85,3.4,B,both_agree,3000.1,695.8,3312.6,1278.2,0.741
85,3.4,B,scrfd_only,590.7,619.4,880.0,1005.2,0.676
86,3.44,A,scrfd,2780.0,515.1,3109.0,986.4,0.825
86,3.44,A,scrfd,1434.3,983.6,1613.8,1272.3,0.809
86,3.44,A,scrfd,739.6,34.1,1066.5,517.7,0.807
86,3.44,A,scrfd,3001.8,695.7,3313.3,1276.5,0.742
86,3.44,A,scrfd,596.2,612.8,877.3,998.1,0.523
86,3.44,B,both_agree,2780.0,515.1,3109.0,986.4,0.825
86,3.44,B,both_agree,1434.3,983.6,1613.8,1272.3,0.809
86,3.44,B,both_agree,739.6,34.1,1066.5,517.7,0.807
86,3.44,B,both_agree,3001.8,695.7,3313.3,1276.5,0.742
86,3.44,B,scrfd_only,596.2,612.8,877.3,998.1,0.523
87,3.48,A,scrfd,2788.7,518.3,3118.0,985.1,0.819
87,3.48,A,scrfd,1421.9,985.4,1614.8,1272.8,0.816
87,3.48,A,scrfd,705.2,45.6,1026.1,520.1,0.791
87,3.48,A,scrfd,3003.4,696.9,3313.1,1277.7,0.75
87,3.48,A,scrfd,604.1,609.7,858.3,990.8,0.515
87,3.48,B,both_agree,2788.7,518.3,3118.0,985.1,0.819
87,3.48,B,both_agree,1421.9,985.4,1614.8,1272.8,0.816
87,3.48,B,both_agree,705.2,45.6,1026.1,520.1,0.791
87,3.48,B,both_agree,3003.4,696.9,3313.1,1277.7,0.75
87,3.48,B,scrfd_only,604.1,609.7,858.3,990.8,0.515
88,3.52,A,scrfd,2793.8,520.0,3124.4,986.0,0.818
88,3.52,A,scrfd,1409.6,981.4,1616.9,1275.9,0.81
88,3.52,A,scrfd,675.2,40.7,985.4,525.3,0.778
88,3.52,A,scrfd,3004.2,697.9,3316.0,1278.5,0.751
88,3.52,B,both_agree,2793.8,520.0,3124.4,986.0,0.818
88,3.52,B,both_agree,1409.6,981.4,1616.9,1275.9,0.81
88,3.52,B,both_agree,675.2,40.7,985.4,525.3,0.778
88,3.52,B,both_agree,3004.2,697.9,3316.0,1278.5,0.751
89,3.56,A,scrfd,2801.8,523.8,3135.3,987.2,0.822
89,3.56,A,scrfd,1407.2,977.5,1619.5,1278.0,0.8
89,3.56,A,scrfd,3005.1,700.9,3318.5,1280.6,0.748
89,3.56,A,scrfd,643.9,46.6,942.7,524.9,0.719
89,3.56,B,both_agree,2801.8,523.8,3135.3,987.2,0.822
89,3.56,B,both_agree,1407.2,977.5,1619.5,1278.0,0.8
89,3.56,B,both_agree,3005.1,700.9,3318.5,1280.6,0.748
89,3.56,B,both_agree,643.9,46.6,942.7,524.9,0.719
90,3.6,A,scrfd,2808.3,527.2,3146.5,992.3,0.83
90,3.6,A,scrfd,1405.0,979.1,1620.4,1279.9,0.816
90,3.6,A,scrfd,3006.0,706.3,3320.8,1280.8,0.756
90,3.6,A,scrfd,614.8,63.4,907.6,525.4,0.698
90,3.6,A,orphan_safetynet,221.6,1407.0,729.3,1683.3,0.347
90,3.6,B,both_agree,2808.3,527.2,3146.5,992.3,0.83
90,3.6,B,both_agree,1405.0,979.1,1620.4,1279.9,0.816
90,3.6,B,both_agree,3006.0,706.3,3320.8,1280.8,0.756
90,3.6,B,both_agree,614.8,63.4,907.6,525.4,0.698
91,3.64,A,scrfd,1404.7,979.6,1621.0,1279.9,0.815
91,3.64,A,scrfd,2817.7,531.7,3149.3,992.3,0.811
91,3.64,A,scrfd,3006.3,714.8,3321.2,1280.1,0.748
91,3.64,A,scrfd,586.4,68.0,868.0,537.0,0.702
91,3.64,B,both_agree,1404.7,979.6,1621.0,1279.9,0.815
91,3.64,B,both_agree,2817.7,531.7,3149.3,992.3,0.811
91,3.64,B,both_agree,3006.3,714.8,3321.2,1280.1,0.748
91,3.64,B,both_agree,586.4,68.0,868.0,537.0,0.702
92,3.68,A,scrfd,1405.4,978.9,1620.9,1280.9,0.811
92,3.68,A,scrfd,2830.6,534.1,3158.8,993.6,0.801
92,3.68,A,scrfd,3005.5,716.4,3325.0,1278.7,0.757
92,3.68,A,scrfd,559.9,78.9,829.3,538.5,0.644
92,3.68,B,both_agree,1405.4,978.9,1620.9,1280.9,0.811
92,3.68,B,both_agree,2830.6,534.1,3158.8,993.6,0.801
92,3.68,B,both_agree,3005.5,716.4,3325.0,1278.7,0.757
92,3.68,B,both_agree,559.9,78.9,829.3,538.5,0.644
93,3.72,A,scrfd,1402.7,977.2,1620.1,1281.2,0.802
93,3.72,A,scrfd,2835.4,536.9,3169.8,992.0,0.8
93,3.72,A,scrfd,3006.0,714.8,3329.8,1277.1,0.771
93,3.72,A,scrfd,522.6,83.7,793.6,554.0,0.697
93,3.72,B,both_agree,1402.7,977.2,1620.1,1281.2,0.802
93,3.72,B,both_agree,2835.4,536.9,3169.8,992.0,0.8
93,3.72,B,both_agree,3006.0,714.8,3329.8,1277.1,0.771
93,3.72,B,both_agree,522.6,83.7,793.6,554.0,0.697
94,3.76,A,scrfd,1403.2,972.8,1621.7,1282.7,0.796
94,3.76,A,scrfd,2840.3,539.3,3173.6,991.8,0.794
94,3.76,A,scrfd,3009.9,715.6,3329.6,1278.2,0.764
94,3.76,A,scrfd,488.4,89.2,754.0,559.4,0.72
94,3.76,B,both_agree,1403.2,972.8,1621.7,1282.7,0.796
94,3.76,B,both_agree,2840.3,539.3,3173.6,991.8,0.794
94,3.76,B,both_agree,3009.9,715.6,3329.6,1278.2,0.764
94,3.76,B,both_agree,488.4,89.2,754.0,559.4,0.72
95,3.8,A,scrfd,1402.8,975.2,1621.9,1283.0,0.813
95,3.8,A,scrfd,2849.2,540.2,3181.1,993.1,0.792
95,3.8,A,scrfd,3012.4,717.9,3328.2,1278.4,0.765
95,3.8,A,scrfd,449.5,97.7,710.6,568.8,0.74
95,3.8,B,both_agree,1402.8,975.2,1621.9,1283.0,0.813
95,3.8,B,both_agree,2849.2,540.2,3181.1,993.1,0.792
95,3.8,B,both_agree,3012.4,717.9,3328.2,1278.4,0.765
95,3.8,B,both_agree,449.5,97.7,710.6,568.8,0.74
96,3.84,A,scrfd,1402.1,973.5,1622.1,1283.6,0.813
96,3.84,A,scrfd,2858.2,535.4,3193.3,994.3,0.797
96,3.84,A,scrfd,3013.3,716.3,3329.9,1277.5,0.776
96,3.84,A,scrfd,416.0,104.5,672.1,575.0,0.7
96,3.84,A,orphan_safetynet,1011.6,1262.9,1168.9,1327.8,0.326
96,3.84,B,both_agree,1402.1,973.5,1622.1,1283.6,0.813
96,3.84,B,both_agree,2858.2,535.4,3193.3,994.3,0.797
96,3.84,B,both_agree,3013.3,716.3,3329.9,1277.5,0.776
96,3.84,B,both_agree,416.0,104.5,672.1,575.0,0.7
97,3.88,A,scrfd,1401.4,972.0,1622.4,1283.8,0.812
97,3.88,A,scrfd,2872.7,530.4,3199.6,1002.5,0.802
97,3.88,A,scrfd,3016.4,718.0,3329.7,1277.3,0.78
97,3.88,A,scrfd,384.7,107.3,638.9,578.8,0.655
97,3.88,B,both_agree,1401.4,972.0,1622.4,1283.8,0.812
97,3.88,B,both_agree,2872.7,530.4,3199.6,1002.5,0.802
97,3.88,B,both_agree,3016.4,718.0,3329.7,1277.3,0.78
97,3.88,B,both_agree,384.7,107.3,638.9,578.8,0.655
98,3.92,A,scrfd,1401.9,972.6,1622.2,1283.3,0.813
98,3.92,A,scrfd,2881.1,532.6,3208.6,1000.2,0.798
98,3.92,A,scrfd,3019.7,718.3,3330.0,1277.4,0.769
98,3.92,A,scrfd,345.5,88.3,602.0,587.8,0.643
98,3.92,B,both_agree,1401.9,972.6,1622.2,1283.3,0.813
98,3.92,B,both_agree,2881.1,532.6,3208.6,1000.2,0.798
98,3.92,B,both_agree,3019.7,718.3,3330.0,1277.4,0.769
98,3.92,B,both_agree,345.5,88.3,602.0,587.8,0.643
99,3.96,A,scrfd,1401.2,971.3,1622.5,1283.4,0.803
99,3.96,A,scrfd,2884.4,531.7,3211.2,999.4,0.787
99,3.96,A,scrfd,3022.0,707.8,3331.3,1279.0,0.775
99,3.96,A,scrfd,310.1,94.7,563.6,595.0,0.657
99,3.96,A,orphan_safetynet,760.8,961.6,1206.0,1399.9,0.504
99,3.96,A,orphan_safetynet,846.8,1004.9,1205.7,1248.0,0.321
99,3.96,B,both_agree,1401.2,971.3,1622.5,1283.4,0.803
99,3.96,B,both_agree,2884.4,531.7,3211.2,999.4,0.787
99,3.96,B,both_agree,3022.0,707.8,3331.3,1279.0,0.775
99,3.96,B,both_agree,310.1,94.7,563.6,595.0,0.657
100,4.0,A,scrfd,1400.8,973.0,1622.5,1283.5,0.813
100,4.0,A,scrfd,721.6,627.4,988.6,1044.0,0.773
100,4.0,A,scrfd,2894.6,526.6,3214.0,1001.0,0.772
100,4.0,A,scrfd,3022.2,703.2,3329.9,1280.2,0.772
100,4.0,A,scrfd,287.6,101.0,524.5,599.0,0.624
100,4.0,B,both_agree,1400.8,973.0,1622.5,1283.5,0.813
100,4.0,B,both_agree,721.6,627.4,988.6,1044.0,0.773
100,4.0,B,both_agree,2894.6,526.6,3214.0,1001.0,0.772
100,4.0,B,both_agree,3022.2,703.2,3329.9,1280.2,0.772
100,4.0,B,both_agree,287.6,101.0,524.5,599.0,0.624
101,4.04,A,scrfd,717.3,623.5,1002.8,1041.4,0.852
101,4.04,A,scrfd,1401.3,973.0,1622.4,1283.6,0.812
101,4.04,A,scrfd,2895.6,531.9,3223.3,999.9,0.799
101,4.04,A,scrfd,3025.4,715.0,3332.0,1277.0,0.766
101,4.04,A,scrfd,257.0,116.9,493.1,591.0,0.632
101,4.04,B,both_agree,717.3,623.5,1002.8,1041.4,0.852
101,4.04,B,both_agree,1401.3,973.0,1622.4,1283.6,0.812
101,4.04,B,both_agree,2895.6,531.9,3223.3,999.9,0.799
101,4.04,B,both_agree,3025.4,715.0,3332.0,1277.0,0.766
101,4.04,B,both_agree,257.0,116.9,493.1,591.0,0.632
102,4.08,A,scrfd,715.7,626.4,1014.5,1035.8,0.859
102,4.08,A,scrfd,2899.6,528.4,3233.4,998.9,0.824
102,4.08,A,scrfd,1401.1,972.8,1622.2,1283.5,0.811
102,4.08,A,scrfd,3025.4,713.5,3334.2,1273.7,0.757
102,4.08,A,scrfd,219.5,138.8,448.8,597.2,0.655
102,4.08,B,both_agree,715.7,626.4,1014.5,1035.8,0.859
102,4.08,B,both_agree,2899.6,528.4,3233.4,998.9,0.824
102,4.08,B,both_agree,1401.1,972.8,1622.2,1283.5,0.811
102,4.08,B,both_agree,3025.4,713.5,3334.2,1273.7,0.757
102,4.08,B,both_agree,219.5,138.8,448.8,597.2,0.655
103,4.12,A,scrfd,715.7,616.9,1031.6,1033.2,0.866
103,4.12,A,scrfd,1401.2,973.2,1622.2,1283.8,0.811
103,4.12,A,scrfd,2906.8,524.3,3233.8,999.7,0.797
103,4.12,A,scrfd,3028.7,711.2,3330.5,1276.2,0.744
103,4.12,A,scrfd,184.5,134.8,418.1,601.4,0.654
103,4.12,B,both_agree,715.7,616.9,1031.6,1033.2,0.866
103,4.12,B,both_agree,1401.2,973.2,1622.2,1283.8,0.811
103,4.12,B,both_agree,2906.8,524.3,3233.8,999.7,0.797
103,4.12,B,both_agree,3028.7,711.2,3330.5,1276.2,0.744
103,4.12,B,both_agree,184.5,134.8,418.1,601.4,0.654
104,4.16,A,scrfd,719.4,623.7,1045.9,1032.2,0.868
104,4.16,A,scrfd,1401.2,973.7,1622.0,1283.6,0.811
104,4.16,A,scrfd,2921.0,527.1,3236.2,996.7,0.749
104,4.16,A,scrfd,3027.7,717.4,3328.4,1274.7,0.723
104,4.16,A,scrfd,158.0,150.2,384.1,595.6,0.629
104,4.16,B,both_agree,719.4,623.7,1045.9,1032.2,0.868
104,4.16,B,both_agree,1401.2,973.7,1622.0,1283.6,0.811
104,4.16,B,both_agree,2921.0,527.1,3236.2,996.7,0.749
104,4.16,B,both_agree,3027.7,717.4,3328.4,1274.7,0.723
104,4.16,B,both_agree,158.0,150.2,384.1,595.6,0.629
105,4.2,A,scrfd,727.5,618.5,1055.1,1029.3,0.865
105,4.2,A,scrfd,1401.6,974.1,1622.0,1283.1,0.81
105,4.2,A,scrfd,3027.6,708.1,3328.2,1277.7,0.727
105,4.2,A,scrfd,2928.8,523.3,3240.4,998.3,0.708
105,4.2,A,scrfd,132.1,131.1,349.7,596.1,0.604
105,4.2,B,both_agree,727.5,618.5,1055.1,1029.3,0.865
105,4.2,B,both_agree,1401.6,974.1,1622.0,1283.1,0.81
105,4.2,B,both_agree,3027.6,708.1,3328.2,1277.7,0.727
105,4.2,B,both_agree,2928.8,523.3,3240.4,998.3,0.708
105,4.2,B,both_agree,132.1,131.1,349.7,596.1,0.604
106,4.24,A,scrfd,739.5,613.8,1067.0,1026.4,0.872
106,4.24,A,scrfd,1402.0,974.2,1621.8,1282.9,0.804
106,4.24,A,scrfd,3025.1,698.0,3329.9,1280.2,0.718
106,4.24,A,scrfd,2936.4,516.4,3248.9,1008.8,0.664
106,4.24,A,scrfd,94.7,137.5,317.5,590.5,0.5
106,4.24,B,both_agree,739.5,613.8,1067.0,1026.4,0.872
106,4.24,B,both_agree,1402.0,974.2,1621.8,1282.9,0.804
106,4.24,B,both_agree,3025.1,698.0,3329.9,1280.2,0.718
106,4.24,B,both_agree,2936.4,516.4,3248.9,1008.8,0.664
106,4.24,B,scrfd_only,94.7,137.5,317.5,590.5,0.5
107,4.28,A,scrfd,755.3,609.8,1079.8,1021.6,0.874
107,4.28,A,scrfd,1402.5,974.8,1621.9,1282.8,0.807
107,4.28,A,scrfd,3017.1,688.4,3328.7,1282.6,0.727
107,4.28,A,scrfd,2946.5,507.2,3263.8,1022.4,0.567
107,4.28,A,scrfd,68.8,123.8,299.3,595.4,0.505
107,4.28,B,both_agree,755.3,609.8,1079.8,1021.6,0.874
107,4.28,B,both_agree,1402.5,974.8,1621.9,1282.8,0.807
107,4.28,B,both_agree,3017.1,688.4,3328.7,1282.6,0.727
107,4.28,B,both_agree,2946.5,507.2,3263.8,1022.4,0.567
107,4.28,B,both_agree,68.8,123.8,299.3,595.4,0.505
108,4.32,A,scrfd,764.4,605.2,1092.9,1019.1,0.857
108,4.32,A,scrfd,1402.0,976.6,1620.5,1282.4,0.807
108,4.32,A,scrfd,3010.5,664.3,3331.5,1285.9,0.711
108,4.32,A,scrfd,2959.3,487.9,3298.6,1058.7,0.523
108,4.32,A,orphan_safetynet,0,0,877.8,744.3,0.931
108,4.32,B,both_agree,764.4,605.2,1092.9,1019.1,0.857
108,4.32,B,both_agree,1402.0,976.6,1620.5,1282.4,0.807
108,4.32,B,both_agree,3010.5,664.3,3331.5,1285.9,0.711
108,4.32,B,both_agree,2959.3,487.9,3298.6,1058.7,0.523
109,4.36,A,scrfd,773.4,597.9,1101.7,1018.2,0.848
109,4.36,A,scrfd,1402.3,976.5,1620.7,1282.2,0.81
109,4.36,A,scrfd,3011.1,663.5,3328.2,1286.0,0.714
109,4.36,A,orphan_safetynet,0,0,873.4,741.2,0.92
109,4.36,B,both_agree,773.4,597.9,1101.7,1018.2,0.848
109,4.36,B,both_agree,1402.3,976.5,1620.7,1282.2,0.81
109,4.36,B,both_agree,3011.1,663.5,3328.2,1286.0,0.714
109,4.36,B,yoloface_only,2963.9,531.8,3289.3,971.1,0.538
110,4.4,A,scrfd,784.8,593.6,1115.0,1015.9,0.856
110,4.4,A,scrfd,1403.6,975.5,1620.7,1282.2,0.806
110,4.4,A,scrfd,3010.8,642.1,3329.9,1290.3,0.705
110,4.4,A,orphan_safetynet,0,0,1086.8,733.5,0.911
110,4.4,B,both_agree,784.8,593.6,1115.0,1015.9,0.856
110,4.4,B,both_agree,1403.6,975.5,1620.7,1282.2,0.806
110,4.4,B,both_agree,3010.8,642.1,3329.9,1290.3,0.705
110,4.4,B,yoloface_only,2972.3,531.3,3300.6,972.7,0.423
111,4.44,A,scrfd,795.4,591.4,1127.9,1017.1,0.859
111,4.44,A,scrfd,1404.3,975.3,1620.7,1282.1,0.802
111,4.44,A,scrfd,3009.1,635.3,3329.5,1292.1,0.697
111,4.44,A,orphan_safetynet,0,0,840.0,735.5,0.904
111,4.44,B,both_agree,795.4,591.4,1127.9,1017.1,0.859
111,4.44,B,both_agree,1404.3,975.3,1620.7,1282.1,0.802
111,4.44,B,both_agree,3009.1,635.3,3329.5,1292.1,0.697
111,4.44,B,yoloface_only,2977.1,533.2,3305.7,973.5,0.461
112,4.48,A,scrfd,810.0,590.2,1139.0,1019.1,0.859
112,4.48,A,scrfd,1404.5,974.8,1620.8,1282.0,0.796
112,4.48,A,scrfd,3007.1,638.9,3324.7,1290.8,0.695
112,4.48,A,orphan_safetynet,0,0,937.7,740.3,0.896
112,4.48,B,both_agree,810.0,590.2,1139.0,1019.1,0.859
112,4.48,B,both_agree,1404.5,974.8,1620.8,1282.0,0.796
112,4.48,B,both_agree,3007.1,638.9,3324.7,1290.8,0.695
113,4.52,A,scrfd,820.0,591.0,1149.7,1019.5,0.838
113,4.52,A,scrfd,1405.0,974.8,1621.0,1281.8,0.798
113,4.52,A,scrfd,3009.4,656.0,3323.9,1288.9,0.682
113,4.52,A,orphan_safetynet,0,0,724.2,740.9,0.918
113,4.52,B,both_agree,820.0,591.0,1149.7,1019.5,0.838
113,4.52,B,both_agree,1405.0,974.8,1621.0,1281.8,0.798
113,4.52,B,both_agree,3009.4,656.0,3323.9,1288.9,0.682
113,4.52,B,yoloface_only,3009.6,547.8,3299.8,918.3,0.455
114,4.56,A,scrfd,827.6,581.1,1163.0,1021.1,0.831
114,4.56,A,scrfd,1404.9,973.4,1621.2,1281.6,0.791
114,4.56,A,scrfd,3011.0,670.9,3324.2,1287.6,0.666
114,4.56,A,orphan_safetynet,0,0,681.3,745.1,0.925
114,4.56,B,both_agree,827.6,581.1,1163.0,1021.1,0.831
114,4.56,B,both_agree,1404.9,973.4,1621.2,1281.6,0.791
114,4.56,B,both_agree,3011.0,670.9,3324.2,1287.6,0.666
115,4.6,A,scrfd,839.6,581.7,1173.2,1018.1,0.84
115,4.6,A,scrfd,1404.9,970.8,1621.8,1281.9,0.791
115,4.6,A,scrfd,3002.1,642.4,3321.6,1291.8,0.687
115,4.6,A,orphan_safetynet,0,0,647.0,756.0,0.931
115,4.6,B,both_agree,839.6,581.7,1173.2,1018.1,0.84
115,4.6,B,both_agree,1404.9,970.8,1621.8,1281.9,0.791
115,4.6,B,both_agree,3002.1,642.4,3321.6,1291.8,0.687
116,4.64,A,scrfd,849.5,580.8,1184.2,1020.2,0.832
116,4.64,A,scrfd,1405.2,971.0,1621.8,1281.2,0.792
116,4.64,A,scrfd,2996.6,647.9,3320.7,1291.4,0.71
116,4.64,A,orphan_safetynet,0,0,629.3,766.1,0.93
116,4.64,B,both_agree,849.5,580.8,1184.2,1020.2,0.832
116,4.64,B,both_agree,1405.2,971.0,1621.8,1281.2,0.792
116,4.64,B,both_agree,2996.6,647.9,3320.7,1291.4,0.71
117,4.68,A,scrfd,862.7,581.6,1193.1,1021.1,0.818
117,4.68,A,scrfd,1406.4,971.7,1621.9,1281.0,0.793
117,4.68,A,scrfd,2995.7,642.9,3320.6,1292.6,0.72
117,4.68,A,orphan_safetynet,0,0,610.4,780.2,0.932
117,4.68,B,both_agree,862.7,581.6,1193.1,1021.1,0.818
117,4.68,B,both_agree,1406.4,971.7,1621.9,1281.0,0.793
117,4.68,B,both_agree,2995.7,642.9,3320.6,1292.6,0.72
118,4.72,A,scrfd,867.5,577.8,1205.1,1021.2,0.807
118,4.72,A,scrfd,1407.5,972.1,1622.2,1280.3,0.797
118,4.72,A,scrfd,2999.0,649.6,3317.1,1293.2,0.715
118,4.72,A,orphan_safetynet,0,0,575.6,791.0,0.934
118,4.72,B,both_agree,867.5,577.8,1205.1,1021.2,0.807
118,4.72,B,both_agree,1407.5,972.1,1622.2,1280.3,0.797
118,4.72,B,both_agree,2999.0,649.6,3317.1,1293.2,0.715
119,4.76,A,scrfd,882.2,575.6,1215.3,1025.6,0.825
119,4.76,A,scrfd,1407.9,971.5,1622.5,1280.3,0.799
119,4.76,A,scrfd,3001.5,656.7,3309.2,1294.5,0.703
119,4.76,A,orphan_safetynet,0,10.0,550.8,803.2,0.935
119,4.76,B,both_agree,882.2,575.6,1215.3,1025.6,0.825
119,4.76,B,both_agree,1407.9,971.5,1622.5,1280.3,0.799
119,4.76,B,both_agree,3001.5,656.7,3309.2,1294.5,0.703
120,4.8,A,scrfd,890.0,574.6,1226.7,1028.3,0.831
120,4.8,A,scrfd,1408.1,971.9,1622.5,1280.4,0.798
120,4.8,A,scrfd,2999.1,655.7,3307.8,1293.1,0.712
120,4.8,A,orphan_safetynet,0,30.0,532.7,814.8,0.929
120,4.8,B,both_agree,890.0,574.6,1226.7,1028.3,0.831
120,4.8,B,both_agree,1408.1,971.9,1622.5,1280.4,0.798
120,4.8,B,both_agree,2999.1,655.7,3307.8,1293.1,0.712
121,4.84,A,scrfd,894.8,572.5,1234.5,1030.0,0.844
121,4.84,A,scrfd,1408.1,974.5,1622.3,1280.3,0.8
121,4.84,A,scrfd,2999.2,667.1,3303.2,1290.2,0.708
121,4.84,A,orphan_safetynet,0,44.5,521.6,824.1,0.928
121,4.84,B,both_agree,894.8,572.5,1234.5,1030.0,0.844
121,4.84,B,both_agree,1408.1,974.5,1622.3,1280.3,0.8
121,4.84,B,both_agree,2999.2,667.1,3303.2,1290.2,0.708
122,4.88,A,scrfd,902.7,573.4,1243.3,1032.3,0.847
122,4.88,A,scrfd,1409.3,975.7,1622.4,1280.2,0.805
122,4.88,A,scrfd,2998.9,648.9,3302.5,1292.9,0.714
122,4.88,A,orphan_safetynet,0,64.8,514.9,838.3,0.925
122,4.88,B,both_agree,902.7,573.4,1243.3,1032.3,0.847
122,4.88,B,both_agree,1409.3,975.7,1622.4,1280.2,0.805
122,4.88,B,both_agree,2998.9,648.9,3302.5,1292.9,0.714
123,4.92,A,scrfd,910.5,574.7,1252.5,1033.0,0.841
123,4.92,A,scrfd,1410.2,976.9,1622.5,1280.1,0.805
123,4.92,A,scrfd,2998.3,649.5,3302.7,1291.9,0.718
123,4.92,A,orphan_safetynet,0,77.3,513.2,844.7,0.923
123,4.92,B,both_agree,910.5,574.7,1252.5,1033.0,0.841
123,4.92,B,both_agree,1410.2,976.9,1622.5,1280.1,0.805
123,4.92,B,both_agree,2998.3,649.5,3302.7,1291.9,0.718
124,4.96,A,scrfd,918.0,576.8,1261.6,1033.4,0.843
124,4.96,A,scrfd,1410.6,977.8,1622.4,1279.8,0.807
124,4.96,A,scrfd,2996.3,661.7,3303.2,1289.5,0.723
124,4.96,A,orphan_safetynet,0,82.6,512.1,849.4,0.921
124,4.96,B,both_agree,918.0,576.8,1261.6,1033.4,0.843
124,4.96,B,both_agree,1410.6,977.8,1622.4,1279.8,0.807
124,4.96,B,both_agree,2996.3,661.7,3303.2,1289.5,0.723
125,5.0,A,scrfd,924.7,575.5,1269.7,1034.8,0.851
125,5.0,A,scrfd,1409.2,976.1,1623.0,1282.0,0.811
125,5.0,A,scrfd,2996.3,655.0,3304.5,1292.1,0.729
125,5.0,A,orphan_safetynet,0,91.5,506.7,855.8,0.921
125,5.0,B,both_agree,924.7,575.5,1269.7,1034.8,0.851
125,5.0,B,both_agree,1409.2,976.1,1623.0,1282.0,0.811
125,5.0,B,both_agree,2996.3,655.0,3304.5,1292.1,0.729
126,5.04,A,scrfd,930.7,574.2,1277.2,1035.6,0.858
126,5.04,A,scrfd,1409.4,977.0,1623.0,1282.1,0.815
126,5.04,A,scrfd,2993.7,659.6,3303.0,1293.0,0.725
126,5.04,A,orphan_safetynet,0,100.1,501.4,860.6,0.921
126,5.04,B,both_agree,930.7,574.2,1277.2,1035.6,0.858
126,5.04,B,both_agree,1409.4,977.0,1623.0,1282.1,0.815
126,5.04,B,both_agree,2993.7,659.6,3303.0,1293.0,0.725
127,5.08,A,scrfd,935.7,574.3,1285.8,1036.8,0.865
127,5.08,A,scrfd,1408.4,974.2,1623.7,1282.8,0.805
127,5.08,A,scrfd,2990.4,666.8,3302.8,1294.3,0.729
127,5.08,A,orphan_safetynet,0,106.2,499.4,864.8,0.922
127,5.08,B,both_agree,935.7,574.3,1285.8,1036.8,0.865
127,5.08,B,both_agree,1408.4,974.2,1623.7,1282.8,0.805
127,5.08,B,both_agree,2990.4,666.8,3302.8,1294.3,0.729
128,5.12,A,scrfd,944.0,573.5,1294.3,1033.5,0.85
128,5.12,A,scrfd,1407.0,970.9,1624.3,1283.3,0.791
128,5.12,A,scrfd,2987.7,675.0,3304.5,1301.3,0.745
128,5.12,A,orphan_safetynet,0,111.0,500.0,866.5,0.921
128,5.12,B,both_agree,944.0,573.5,1294.3,1033.5,0.85
128,5.12,B,both_agree,1407.0,970.9,1624.3,1283.3,0.791
128,5.12,B,both_agree,2987.7,675.0,3304.5,1301.3,0.745
129,5.16,A,scrfd,950.9,563.7,1298.4,1028.4,0.857
129,5.16,A,scrfd,1408.4,969.3,1624.6,1284.3,0.798
129,5.16,A,scrfd,2983.5,679.2,3303.4,1305.7,0.751
129,5.16,A,orphan_safetynet,0,113.2,499.1,867.9,0.919
129,5.16,B,both_agree,950.9,563.7,1298.4,1028.4,0.857
129,5.16,B,both_agree,1408.4,969.3,1624.6,1284.3,0.798
129,5.16,B,both_agree,2983.5,679.2,3303.4,1305.7,0.751
130,5.2,A,scrfd,958.7,555.6,1307.2,1023.8,0.863
130,5.2,A,scrfd,1408.4,967.2,1625.3,1284.7,0.8
130,5.2,A,scrfd,2979.8,688.0,3302.7,1318.3,0.753
130,5.2,A,orphan_safetynet,0,124.1,498.3,877.8,0.919
130,5.2,B,both_agree,958.7,555.6,1307.2,1023.8,0.863
130,5.2,B,both_agree,1408.4,967.2,1625.3,1284.7,0.8
130,5.2,B,both_agree,2979.8,688.0,3302.7,1318.3,0.753
131,5.24,A,scrfd,966.3,547.3,1317.8,1018.1,0.866
131,5.24,A,scrfd,1410.3,968.9,1625.3,1284.3,0.801
131,5.24,A,scrfd,2977.8,686.8,3311.7,1331.8,0.757
131,5.24,A,orphan_safetynet,0,129.5,497.8,881.8,0.917
131,5.24,B,both_agree,966.3,547.3,1317.8,1018.1,0.866
131,5.24,B,both_agree,1410.3,968.9,1625.3,1284.3,0.801
131,5.24,B,both_agree,2977.8,686.8,3311.7,1331.8,0.757
132,5.28,A,scrfd,976.9,541.8,1330.1,1012.0,0.87
132,5.28,A,scrfd,1411.1,973.6,1624.7,1281.9,0.805
132,5.28,A,scrfd,2973.3,703.0,3301.5,1342.2,0.739
132,5.28,A,orphan_safetynet,0,136.2,492.4,884.7,0.914
132,5.28,B,both_agree,976.9,541.8,1330.1,1012.0,0.87
132,5.28,B,both_agree,1411.1,973.6,1624.7,1281.9,0.805
132,5.28,B,both_agree,2973.3,703.0,3301.5,1342.2,0.739
133,5.32,A,scrfd,983.1,536.5,1335.5,1005.6,0.875
133,5.32,A,scrfd,1410.7,972.5,1625.3,1282.7,0.801
133,5.32,A,scrfd,2971.4,716.1,3300.6,1350.4,0.748
133,5.32,A,orphan_safetynet,0,136.4,478.0,883.1,0.909
133,5.32,B,both_agree,983.1,536.5,1335.5,1005.6,0.875
133,5.32,B,both_agree,1410.7,972.5,1625.3,1282.7,0.801
133,5.32,B,both_agree,2971.4,716.1,3300.6,1350.4,0.748
134,5.36,A,scrfd,988.1,533.3,1344.4,1000.9,0.882
134,5.36,A,scrfd,1412.0,972.0,1625.2,1283.4,0.791
134,5.36,A,scrfd,2967.7,721.2,3309.2,1371.0,0.765
134,5.36,A,orphan_safetynet,0,139.1,466.9,884.5,0.906
134,5.36,B,both_agree,988.1,533.3,1344.4,1000.9,0.882
134,5.36,B,both_agree,1412.0,972.0,1625.2,1283.4,0.791
134,5.36,B,both_agree,2967.7,721.2,3309.2,1371.0,0.765
135,5.4,A,scrfd,1000.4,526.8,1353.8,996.3,0.877
135,5.4,A,scrfd,1410.0,974.9,1625.2,1281.8,0.797
135,5.4,A,scrfd,2958.8,727.8,3309.5,1376.4,0.794
135,5.4,A,orphan_safetynet,0,139.8,459.4,884.1,0.903
135,5.4,B,both_agree,1000.4,526.8,1353.8,996.3,0.877
135,5.4,B,both_agree,1410.0,974.9,1625.2,1281.8,0.797
135,5.4,B,both_agree,2958.8,727.8,3309.5,1376.4,0.794
136,5.44,A,scrfd,1008.2,521.7,1366.3,989.8,0.879
136,5.44,A,scrfd,1408.7,974.4,1625.9,1282.1,0.796
136,5.44,A,scrfd,2956.3,739.6,3312.0,1388.4,0.785
136,5.44,A,orphan_safetynet,0,145.1,447.1,887.7,0.901
136,5.44,B,both_agree,1008.2,521.7,1366.3,989.8,0.879
136,5.44,B,both_agree,1408.7,974.4,1625.9,1282.1,0.796
136,5.44,B,both_agree,2956.3,739.6,3312.0,1388.4,0.785
137,5.48,A,scrfd,1014.6,518.4,1374.6,987.2,0.886
137,5.48,A,scrfd,1409.5,973.0,1626.3,1282.4,0.8
137,5.48,A,scrfd,2949.0,758.2,3311.9,1394.6,0.794
137,5.48,A,orphan_safetynet,0,155.5,438.0,894.1,0.9
137,5.48,B,both_agree,1014.6,518.4,1374.6,987.2,0.886
137,5.48,B,both_agree,1409.5,973.0,1626.3,1282.4,0.8
137,5.48,B,both_agree,2949.0,758.2,3311.9,1394.6,0.794
138,5.52,A,scrfd,1023.7,515.1,1383.7,982.4,0.881
138,5.52,A,scrfd,1411.4,972.5,1626.8,1281.5,0.8
138,5.52,A,scrfd,2946.3,757.5,3310.9,1409.4,0.796
138,5.52,A,orphan_safetynet,0,163.8,430.4,898.5,0.898
138,5.52,B,both_agree,1023.7,515.1,1383.7,982.4,0.881
138,5.52,B,both_agree,1411.4,972.5,1626.8,1281.5,0.8
138,5.52,B,both_agree,2946.3,757.5,3310.9,1409.4,0.796
139,5.56,A,scrfd,1035.0,514.6,1394.3,980.2,0.868
139,5.56,A,scrfd,2928.1,771.2,3309.0,1410.5,0.809
139,5.56,A,scrfd,1408.9,971.4,1626.8,1282.1,0.804
139,5.56,A,orphan_safetynet,0,167.7,420.1,901.5,0.893
139,5.56,B,both_agree,1035.0,514.6,1394.3,980.2,0.868
139,5.56,B,both_agree,2928.1,771.2,3309.0,1410.5,0.809
139,5.56,B,both_agree,1408.9,971.4,1626.8,1282.1,0.804
140,5.6,A,scrfd,1047.0,515.5,1406.3,979.1,0.874
140,5.6,A,scrfd,2924.0,763.5,3303.8,1417.2,0.822
140,5.6,A,scrfd,1412.4,972.9,1626.1,1281.4,0.811
140,5.6,A,orphan_safetynet,0,175.9,407.8,906.5,0.889
140,5.6,B,both_agree,1047.0,515.5,1406.3,979.1,0.874
140,5.6,B,both_agree,2924.0,763.5,3303.8,1417.2,0.822
140,5.6,B,both_agree,1412.4,972.9,1626.1,1281.4,0.811
141,5.64,A,scrfd,1055.5,518.4,1418.8,976.1,0.873
141,5.64,A,scrfd,2921.1,767.5,3305.7,1424.7,0.821
141,5.64,A,scrfd,1416.8,973.0,1625.8,1281.0,0.813
141,5.64,A,orphan_safetynet,0,184.3,403.7,911.8,0.892
141,5.64,B,both_agree,1055.5,518.4,1418.8,976.1,0.873
141,5.64,B,both_agree,2921.1,767.5,3305.7,1424.7,0.821
141,5.64,B,both_agree,1416.8,973.0,1625.8,1281.0,0.813
142,5.68,A,scrfd,1067.1,518.0,1431.6,975.7,0.868
142,5.68,A,scrfd,2916.4,768.5,3303.2,1422.9,0.823
142,5.68,A,scrfd,1418.9,973.6,1624.7,1280.2,0.809
142,5.68,A,orphan_safetynet,0,194.4,401.1,918.4,0.892
142,5.68,B,both_agree,1067.1,518.0,1431.6,975.7,0.868
142,5.68,B,both_agree,2916.4,768.5,3303.2,1422.9,0.823
142,5.68,B,both_agree,1418.9,973.6,1624.7,1280.2,0.809
143,5.72,A,scrfd,1071.9,521.1,1448.8,976.5,0.878
143,5.72,A,scrfd,1419.4,972.2,1625.1,1281.5,0.817
143,5.72,A,scrfd,2916.1,771.9,3297.7,1424.2,0.816
143,5.72,A,orphan_safetynet,0,209.9,400.0,927.9,0.893
143,5.72,B,both_agree,1071.9,521.1,1448.8,976.5,0.878
143,5.72,B,both_agree,1419.4,972.2,1625.1,1281.5,0.817
143,5.72,B,both_agree,2916.1,771.9,3297.7,1424.2,0.816
144,5.76,A,scrfd,1084.1,521.0,1461.9,974.4,0.875
144,5.76,A,scrfd,1417.1,970.9,1625.7,1281.6,0.818
144,5.76,A,scrfd,2911.7,762.6,3286.9,1425.6,0.805
144,5.76,A,orphan_safetynet,0,228.4,400.6,939.5,0.892
144,5.76,B,both_agree,1084.1,521.0,1461.9,974.4,0.875
144,5.76,B,both_agree,1417.1,970.9,1625.7,1281.6,0.818
144,5.76,B,both_agree,2911.7,762.6,3286.9,1425.6,0.805
145,5.8,A,scrfd,1101.1,521.7,1474.5,975.5,0.881
145,5.8,A,scrfd,2910.0,758.9,3279.9,1428.4,0.808
145,5.8,A,scrfd,1423.4,970.2,1623.7,1281.4,0.799
145,5.8,A,orphan_safetynet,0,249.4,402.6,952.5,0.89
145,5.8,B,both_agree,1101.1,521.7,1474.5,975.5,0.881
145,5.8,B,both_agree,2910.0,758.9,3279.9,1428.4,0.808
145,5.8,B,both_agree,1423.4,970.2,1623.7,1281.4,0.799
146,5.84,A,scrfd,1108.3,527.1,1488.2,973.3,0.877
146,5.84,A,scrfd,2906.4,764.8,3277.0,1425.3,0.818
146,5.84,A,scrfd,1433.1,970.1,1621.2,1281.6,0.8
146,5.84,A,orphan_safetynet,0,279.3,409.7,959.8,0.889
146,5.84,B,both_agree,1108.3,527.1,1488.2,973.3,0.877
146,5.84,B,both_agree,2906.4,764.8,3277.0,1425.3,0.818
146,5.84,B,both_agree,1433.1,970.1,1621.2,1281.6,0.8
147,5.88,A,scrfd,1117.9,526.9,1503.3,972.0,0.874
147,5.88,A,scrfd,2897.9,766.7,3276.9,1425.0,0.822
147,5.88,A,scrfd,1440.2,970.8,1619.4,1278.8,0.794
147,5.88,A,orphan_safetynet,0,292.7,410.7,968.4,0.894
147,5.88,B,both_agree,1117.9,526.9,1503.3,972.0,0.874
147,5.88,B,both_agree,2897.9,766.7,3276.9,1425.0,0.822
147,5.88,B,both_agree,1440.2,970.8,1619.4,1278.8,0.794
148,5.92,A,scrfd,1130.3,519.8,1516.5,970.3,0.869
148,5.92,A,scrfd,2885.9,759.0,3269.9,1423.5,0.824
148,5.92,A,scrfd,1435.3,970.1,1617.4,1282.3,0.788
148,5.92,A,orphan_safetynet,0,313.0,411.6,981.9,0.893
148,5.92,B,both_agree,1130.3,519.8,1516.5,970.3,0.869
148,5.92,B,both_agree,2885.9,759.0,3269.9,1423.5,0.824
148,5.92,B,both_agree,1435.3,970.1,1617.4,1282.3,0.788
149,5.96,A,scrfd,1142.6,518.2,1526.0,965.8,0.87
149,5.96,A,scrfd,2878.5,756.9,3253.9,1420.4,0.819
149,5.96,A,scrfd,1434.9,971.3,1612.9,1279.3,0.754
149,5.96,A,orphan_safetynet,0,313.9,407.8,980.2,0.89
149,5.96,B,both_agree,1142.6,518.2,1526.0,965.8,0.87
149,5.96,B,both_agree,2878.5,756.9,3253.9,1420.4,0.819
149,5.96,B,both_agree,1434.9,971.3,1612.9,1279.3,0.754
150,6.0,A,scrfd,1153.4,514.3,1538.1,957.6,0.864
150,6.0,A,scrfd,2867.4,768.4,3246.0,1423.7,0.808
150,6.0,A,scrfd,1426.9,971.5,1609.7,1282.7,0.614
150,6.0,A,orphan_safetynet,0,318.0,405.2,982.8,0.883
150,6.0,B,both_agree,1153.4,514.3,1538.1,957.6,0.864
150,6.0,B,both_agree,2867.4,768.4,3246.0,1423.7,0.808
150,6.0,B,both_agree,1426.9,971.5,1609.7,1282.7,0.614
151,6.04,A,scrfd,1163.0,498.6,1551.0,956.4,0.855
151,6.04,A,scrfd,2866.9,782.2,3234.8,1427.0,0.788
151,6.04,A,orphan_safetynet,0,323.3,402.6,993.1,0.88
151,6.04,B,both_agree,1163.0,498.6,1551.0,956.4,0.855
151,6.04,B,both_agree,2866.9,782.2,3234.8,1427.0,0.788
152,6.08,A,scrfd,1176.2,484.2,1558.9,948.0,0.865
152,6.08,A,scrfd,2861.6,784.1,3219.1,1429.3,0.775
152,6.08,A,orphan_safetynet,0,337.4,404.1,999.0,0.882
152,6.08,B,both_agree,1176.2,484.2,1558.9,948.0,0.865
152,6.08,B,both_agree,2861.6,784.1,3219.1,1429.3,0.775
153,6.12,A,scrfd,1189.7,477.2,1571.6,940.1,0.876
153,6.12,A,scrfd,2854.4,789.5,3211.9,1431.1,0.772
153,6.12,A,orphan_safetynet,0,340.2,405.3,995.6,0.884
153,6.12,B,both_agree,1189.7,477.2,1571.6,940.1,0.876
153,6.12,B,both_agree,2854.4,789.5,3211.9,1431.1,0.772
154,6.16,A,scrfd,1207.9,468.5,1580.4,936.1,0.868
154,6.16,A,scrfd,2852.7,787.6,3200.0,1437.2,0.765
154,6.16,A,scrfd,2822.2,630.9,3139.8,1080.2,0.565
154,6.16,A,orphan_safetynet,0,345.4,406.2,999.9,0.887
154,6.16,B,both_agree,1207.9,468.5,1580.4,936.1,0.868
154,6.16,B,both_agree,2852.7,787.6,3200.0,1437.2,0.765
154,6.16,B,scrfd_only,2822.2,630.9,3139.8,1080.2,0.565
155,6.2,A,scrfd,1220.0,458.2,1592.5,937.6,0.873
155,6.2,A,scrfd,2844.1,767.2,3190.9,1446.9,0.772
155,6.2,A,scrfd,2801.8,636.8,3126.9,1080.8,0.606
155,6.2,A,orphan_safetynet,0,350.3,407.4,1005.5,0.889
155,6.2,B,both_agree,1220.0,458.2,1592.5,937.6,0.873
155,6.2,B,both_agree,2844.1,767.2,3190.9,1446.9,0.772
155,6.2,B,scrfd_only,2801.8,636.8,3126.9,1080.8,0.606
156,6.24,A,scrfd,1233.2,454.9,1604.4,932.4,0.867
156,6.24,A,scrfd,2830.1,748.4,3190.1,1457.4,0.786
156,6.24,A,orphan_safetynet,0,349.4,406.6,1007.7,0.889
156,6.24,B,both_agree,1233.2,454.9,1604.4,932.4,0.867
156,6.24,B,both_agree,2830.1,748.4,3190.1,1457.4,0.786
157,6.28,A,scrfd,1254.2,454.0,1617.1,931.7,0.865
157,6.28,A,scrfd,2823.6,753.8,3186.2,1464.3,0.802
157,6.28,A,scrfd,2766.2,648.4,3092.1,1100.4,0.521
157,6.28,A,orphan_safetynet,0,350.9,405.9,1006.6,0.886
157,6.28,B,both_agree,1254.2,454.0,1617.1,931.7,0.865
157,6.28,B,both_agree,2823.6,753.8,3186.2,1464.3,0.802
157,6.28,B,scrfd_only,2766.2,648.4,3092.1,1100.4,0.521
158,6.32,A,scrfd,1266.0,450.8,1631.9,929.8,0.873
158,6.32,A,scrfd,2816.9,762.1,3189.3,1468.5,0.822
158,6.32,A,scrfd,2747.9,662.9,3073.0,1105.2,0.526
158,6.32,A,orphan_safetynet,0,357.8,405.9,1011.4,0.879
158,6.32,B,both_agree,1266.0,450.8,1631.9,929.8,0.873
158,6.32,B,both_agree,2816.9,762.1,3189.3,1468.5,0.822
158,6.32,B,scrfd_only,2747.9,662.9,3073.0,1105.2,0.526
159,6.36,A,scrfd,1276.6,449.2,1646.2,928.6,0.881
159,6.36,A,scrfd,2816.1,767.2,3181.4,1466.5,0.824
159,6.36,A,scrfd,2726.1,660.7,3051.1,1113.7,0.567
159,6.36,A,orphan_safetynet,0,355.6,406.1,1011.8,0.877
159,6.36,B,both_agree,1276.6,449.2,1646.2,928.6,0.881
159,6.36,B,both_agree,2816.1,767.2,3181.4,1466.5,0.824
159,6.36,B,both_agree,2726.1,660.7,3051.1,1113.7,0.567
160,6.4,A,scrfd,1292.8,451.0,1660.2,931.3,0.885
160,6.4,A,scrfd,2814.6,766.4,3171.8,1465.0,0.808
160,6.4,A,scrfd,2712.1,634.0,3043.3,1171.2,0.564
160,6.4,A,orphan_safetynet,0,358.4,405.8,1015.7,0.886
160,6.4,B,both_agree,1292.8,451.0,1660.2,931.3,0.885
160,6.4,B,both_agree,2814.6,766.4,3171.8,1465.0,0.808
160,6.4,B,both_agree,2712.1,634.0,3043.3,1171.2,0.564
161,6.44,A,scrfd,1305.9,448.6,1674.2,935.9,0.888
161,6.44,A,scrfd,2800.9,767.2,3162.4,1462.6,0.781
161,6.44,A,scrfd,2697.2,640.8,3024.4,1179.0,0.534
161,6.44,A,orphan_safetynet,0,358.2,407.5,1015.9,0.882
161,6.44,B,both_agree,1305.9,448.6,1674.2,935.9,0.888
161,6.44,B,both_agree,2800.9,767.2,3162.4,1462.6,0.781
161,6.44,B,both_agree,2697.2,640.8,3024.4,1179.0,0.534
162,6.48,A,scrfd,1320.3,443.2,1688.2,936.8,0.881
162,6.48,A,scrfd,2801.2,772.7,3160.2,1449.3,0.767
162,6.48,A,scrfd,2684.5,622.0,3032.9,1276.6,0.554
162,6.48,A,orphan_safetynet,0,375.0,408.1,1026.5,0.883
162,6.48,B,both_agree,1320.3,443.2,1688.2,936.8,0.881
162,6.48,B,both_agree,2801.2,772.7,3160.2,1449.3,0.767
162,6.48,B,both_agree,2684.5,622.0,3032.9,1276.6,0.554
163,6.52,A,scrfd,1333.8,442.8,1703.5,935.1,0.876
163,6.52,A,scrfd,2803.7,779.7,3152.2,1443.9,0.76
163,6.52,A,scrfd,2674.2,683.1,2970.7,1146.3,0.608
163,6.52,A,orphan_safetynet,0,410.1,403.9,1050.4,0.89
163,6.52,B,both_agree,1333.8,442.8,1703.5,935.1,0.876
163,6.52,B,both_agree,2803.7,779.7,3152.2,1443.9,0.76
163,6.52,B,both_agree,2674.2,683.1,2970.7,1146.3,0.608
164,6.56,A,scrfd,1352.3,440.6,1717.5,932.6,0.88
164,6.56,A,scrfd,2802.9,791.1,3147.8,1438.1,0.753
164,6.56,A,scrfd,2661.6,693.8,2963.3,1132.4,0.638
164,6.56,A,orphan_safetynet,0,394.7,411.2,1045.2,0.888
164,6.56,B,both_agree,1352.3,440.6,1717.5,932.6,0.88
164,6.56,B,both_agree,2802.9,791.1,3147.8,1438.1,0.753
164,6.56,B,both_agree,2661.6,693.8,2963.3,1132.4,0.638
165,6.6,A,scrfd,1364.3,437.4,1732.4,927.7,0.878
165,6.6,A,scrfd,2797.6,804.3,3141.1,1425.6,0.777
165,6.6,A,scrfd,2645.6,695.7,2961.9,1135.3,0.725
165,6.6,A,orphan_safetynet,0,405.9,411.7,1048.0,0.893
165,6.6,B,both_agree,1364.3,437.4,1732.4,927.7,0.878
165,6.6,B,both_agree,2797.6,804.3,3141.1,1425.6,0.777
165,6.6,B,both_agree,2645.6,695.7,2961.9,1135.3,0.725
166,6.64,A,scrfd,1374.5,435.4,1747.4,921.2,0.882
166,6.64,A,scrfd,2794.2,797.5,3133.2,1413.4,0.786
166,6.64,A,scrfd,2636.9,696.7,2954.3,1136.9,0.724
166,6.64,A,orphan_safetynet,0,423.1,412.4,1057.5,0.896
166,6.64,B,both_agree,1374.5,435.4,1747.4,921.2,0.882
166,6.64,B,both_agree,2794.2,797.5,3133.2,1413.4,0.786
166,6.64,B,both_agree,2636.9,696.7,2954.3,1136.9,0.724
167,6.68,A,scrfd,1386.9,430.2,1761.7,918.5,0.886
167,6.68,A,scrfd,2626.8,711.2,2930.9,1108.1,0.829
167,6.68,A,scrfd,2797.6,789.1,3116.7,1397.3,0.761
167,6.68,A,orphan_safetynet,0,436.2,414.2,1065.5,0.897
167,6.68,B,both_agree,1386.9,430.2,1761.7,918.5,0.886
167,6.68,B,both_agree,2626.8,711.2,2930.9,1108.1,0.829
167,6.68,B,both_agree,2797.6,789.1,3116.7,1397.3,0.761
168,6.72,A,scrfd,1396.8,424.1,1772.0,914.5,0.894
168,6.72,A,scrfd,2618.2,715.4,2924.5,1108.3,0.817
168,6.72,A,scrfd,2798.3,783.7,3113.7,1376.9,0.729
168,6.72,A,orphan_safetynet,0,461.8,416.2,1078.2,0.902
168,6.72,B,both_agree,1396.8,424.1,1772.0,914.5,0.894
168,6.72,B,both_agree,2618.2,715.4,2924.5,1108.3,0.817
168,6.72,B,both_agree,2798.3,783.7,3113.7,1376.9,0.729
168,6.72,B,yoloface_only,84.9,612.5,244.4,940.8,0.408
169,6.76,A,scrfd,1410.9,419.3,1785.0,913.3,0.886
169,6.76,A,scrfd,2595.9,716.0,2923.1,1118.8,0.786
169,6.76,A,scrfd,2801.2,780.5,3104.1,1361.5,0.696
169,6.76,A,orphan_safetynet,0,477.5,426.3,1087.0,0.903
169,6.76,B,both_agree,1410.9,419.3,1785.0,913.3,0.886
169,6.76,B,both_agree,2595.9,716.0,2923.1,1118.8,0.786
169,6.76,B,both_agree,2801.2,780.5,3104.1,1361.5,0.696
169,6.76,B,yoloface_only,114.9,633.8,258.5,936.4,0.465
170,6.8,A,scrfd,1427.2,413.7,1798.3,914.6,0.885
170,6.8,A,scrfd,2589.6,717.9,2913.2,1119.6,0.835
170,6.8,A,scrfd,2809.4,783.0,3101.0,1343.3,0.65
170,6.8,A,orphan_safetynet,0,495.7,436.3,1094.3,0.901
170,6.8,B,both_agree,1427.2,413.7,1798.3,914.6,0.885
170,6.8,B,both_agree,2589.6,717.9,2913.2,1119.6,0.835
170,6.8,B,both_agree,2809.4,783.0,3101.0,1343.3,0.65
170,6.8,B,yoloface_only,127.5,658.3,271.0,942.5,0.418
171,6.84,A,scrfd,1437.5,411.8,1811.6,908.9,0.884
171,6.84,A,scrfd,2580.8,717.2,2906.4,1121.8,0.859
171,6.84,A,scrfd,2809.8,766.6,3106.8,1334.4,0.641
171,6.84,A,orphan_safetynet,0,503.2,443.6,1113.6,0.909
171,6.84,B,both_agree,1437.5,411.8,1811.6,908.9,0.884
171,6.84,B,both_agree,2580.8,717.2,2906.4,1121.8,0.859
171,6.84,B,both_agree,2809.8,766.6,3106.8,1334.4,0.641
171,6.84,B,yoloface_only,127.8,656.5,285.7,978.3,0.435
172,6.88,A,scrfd,1452.9,409.0,1821.5,909.4,0.879
172,6.88,A,scrfd,2570.5,719.1,2902.2,1126.0,0.843
172,6.88,A,scrfd,2810.0,762.2,3109.9,1331.4,0.618
172,6.88,A,orphan_safetynet,0,511.1,470.4,1110.9,0.908
172,6.88,B,both_agree,1452.9,409.0,1821.5,909.4,0.879
172,6.88,B,both_agree,2570.5,719.1,2902.2,1126.0,0.843
172,6.88,B,both_agree,2810.0,762.2,3109.9,1331.4,0.618
173,6.92,A,scrfd,1460.3,409.6,1835.6,904.4,0.875
173,6.92,A,scrfd,2561.8,725.6,2894.3,1121.6,0.85
173,6.92,A,scrfd,2813.4,748.0,3106.0,1324.8,0.57
173,6.92,A,orphan_safetynet,0,528.8,491.9,1132.6,0.908
173,6.92,B,both_agree,1460.3,409.6,1835.6,904.4,0.875
173,6.92,B,both_agree,2561.8,725.6,2894.3,1121.6,0.85
173,6.92,B,both_agree,2813.4,748.0,3106.0,1324.8,0.57
173,6.92,B,yoloface_only,164.2,699.1,313.6,996.9,0.444
174,6.96,A,scrfd,1472.7,408.1,1848.8,904.0,0.877
174,6.96,A,scrfd,2553.2,723.7,2887.3,1128.8,0.83
174,6.96,A,scrfd,2810.7,736.5,3102.8,1319.6,0.612
174,6.96,A,orphan_safetynet,0,524.1,519.7,1128.8,0.911
174,6.96,B,both_agree,1472.7,408.1,1848.8,904.0,0.877
174,6.96,B,both_agree,2553.2,723.7,2887.3,1128.8,0.83
174,6.96,B,both_agree,2810.7,736.5,3102.8,1319.6,0.612
174,6.96,B,yoloface_only,175.3,708.5,331.7,988.6,0.423
175,7.0,A,scrfd,1480.0,408.1,1858.0,899.7,0.885
175,7.0,A,scrfd,2545.9,730.5,2884.8,1131.8,0.771
175,7.0,A,scrfd,2812.4,721.6,3102.6,1314.3,0.578
175,7.0,A,orphan_safetynet,0,533.5,554.7,1135.1,0.917
175,7.0,B,both_agree,1480.0,408.1,1858.0,899.7,0.885
175,7.0,B,both_agree,2545.9,730.5,2884.8,1131.8,0.771
175,7.0,B,both_agree,2812.4,721.6,3102.6,1314.3,0.578
175,7.0,B,yoloface_only,199.5,699.4,346.1,994.9,0.476
176,7.04,A,scrfd,1486.6,406.9,1866.2,899.3,0.896
176,7.04,A,scrfd,2537.0,733.0,2880.6,1141.4,0.764
176,7.04,A,scrfd,2813.1,722.7,3100.3,1310.4,0.558
176,7.04,A,orphan_safetynet,0,529.2,573.2,1137.6,0.922
176,7.04,B,both_agree,1486.6,406.9,1866.2,899.3,0.896
176,7.04,B,both_agree,2537.0,733.0,2880.6,1141.4,0.764
176,7.04,B,both_agree,2813.1,722.7,3100.3,1310.4,0.558
176,7.04,B,yoloface_only,219.5,704.8,363.8,1003.2,0.497
177,7.08,A,scrfd,1496.1,404.9,1874.7,898.6,0.895
177,7.08,A,scrfd,2532.8,740.6,2880.9,1145.0,0.772
177,7.08,A,scrfd,2813.1,721.5,3097.6,1310.6,0.568
177,7.08,A,orphan_safetynet,0,529.5,592.2,1139.5,0.923
177,7.08,B,both_agree,1496.1,404.9,1874.7,898.6,0.895
177,7.08,B,both_agree,2532.8,740.6,2880.9,1145.0,0.772
177,7.08,B,both_agree,2813.1,721.5,3097.6,1310.6,0.568
177,7.08,B,yoloface_only,243.2,705.7,379.7,1007.1,0.551
178,7.12,A,scrfd,1505.8,399.3,1883.0,900.6,0.889
178,7.12,A,scrfd,2529.7,747.0,2872.3,1142.4,0.783
178,7.12,A,scrfd,2809.8,721.2,3099.4,1312.5,0.588
178,7.12,A,scrfd,253.8,711.6,392.7,1012.4,0.504
178,7.12,B,both_agree,1505.8,399.3,1883.0,900.6,0.889
178,7.12,B,both_agree,2529.7,747.0,2872.3,1142.4,0.783
178,7.12,B,both_agree,2809.8,721.2,3099.4,1312.5,0.588
178,7.12,B,both_agree,253.8,711.6,392.7,1012.4,0.504
179,7.16,A,scrfd,1514.0,397.8,1893.5,893.4,0.895
179,7.16,A,scrfd,2523.3,751.4,2872.3,1149.0,0.809
179,7.16,A,scrfd,2810.0,729.8,3097.3,1312.1,0.558
179,7.16,A,orphan_safetynet,0,546.1,622.4,1136.3,0.924
179,7.16,B,both_agree,1514.0,397.8,1893.5,893.4,0.895
179,7.16,B,both_agree,2523.3,751.4,2872.3,1149.0,0.809
179,7.16,B,both_agree,2810.0,729.8,3097.3,1312.1,0.558
179,7.16,B,yoloface_only,264.2,716.9,410.7,1015.9,0.545
180,7.2,A,scrfd,1521.5,397.2,1905.4,888.7,0.891
180,7.2,A,scrfd,2516.7,755.6,2863.1,1152.8,0.809
180,7.2,A,scrfd,2811.0,751.5,3105.4,1306.7,0.583
180,7.2,A,orphan_safetynet,0,550.0,642.4,1139.6,0.925
180,7.2,B,both_agree,1521.5,397.2,1905.4,888.7,0.891
180,7.2,B,both_agree,2516.7,755.6,2863.1,1152.8,0.809
180,7.2,B,both_agree,2811.0,751.5,3105.4,1306.7,0.583
180,7.2,B,yoloface_only,282.0,715.7,426.9,1013.4,0.558
181,7.24,A,scrfd,1529.1,390.5,1909.5,887.9,0.886
181,7.24,A,scrfd,2510.3,765.9,2854.6,1153.0,0.834
181,7.24,A,scrfd,2804.4,733.3,3097.9,1319.8,0.601
181,7.24,A,scrfd,295.5,721.2,441.0,1019.1,0.532
181,7.24,B,both_agree,1529.1,390.5,1909.5,887.9,0.886
181,7.24,B,both_agree,2510.3,765.9,2854.6,1153.0,0.834
181,7.24,B,both_agree,2804.4,733.3,3097.9,1319.8,0.601
181,7.24,B,both_agree,295.5,721.2,441.0,1019.1,0.532
182,7.28,A,scrfd,1531.5,381.8,1917.9,885.3,0.889
182,7.28,A,scrfd,2508.3,765.0,2844.0,1154.3,0.828
182,7.28,A,scrfd,2806.1,750.3,3106.6,1319.2,0.601
182,7.28,A,scrfd,313.4,728.1,456.4,1018.6,0.519
182,7.28,B,both_agree,1531.5,381.8,1917.9,885.3,0.889
182,7.28,B,both_agree,2508.3,765.0,2844.0,1154.3,0.828
182,7.28,B,both_agree,2806.1,750.3,3106.6,1319.2,0.601
182,7.28,B,both_agree,313.4,728.1,456.4,1018.6,0.519
183,7.32,A,scrfd,1537.2,376.2,1923.2,881.6,0.886
183,7.32,A,scrfd,2505.4,769.6,2832.8,1156.6,0.825
183,7.32,A,scrfd,2800.9,759.8,3102.5,1322.5,0.637
183,7.32,A,orphan_safetynet,0,553.8,710.3,1146.7,0.935
183,7.32,B,both_agree,1537.2,376.2,1923.2,881.6,0.886
183,7.32,B,both_agree,2505.4,769.6,2832.8,1156.6,0.825
183,7.32,B,both_agree,2800.9,759.8,3102.5,1322.5,0.637
183,7.32,B,yoloface_only,331.7,713.2,470.9,1011.0,0.556
184,7.36,A,scrfd,1545.8,368.9,1930.3,879.4,0.888
184,7.36,A,scrfd,2504.2,774.8,2821.7,1155.1,0.81
184,7.36,A,scrfd,2795.4,764.8,3099.2,1324.1,0.671
184,7.36,A,scrfd,337.4,727.7,485.0,1023.3,0.541
184,7.36,B,both_agree,1545.8,368.9,1930.3,879.4,0.888
184,7.36,B,both_agree,2504.2,774.8,2821.7,1155.1,0.81
184,7.36,B,both_agree,2795.4,764.8,3099.2,1324.1,0.671
184,7.36,B,both_agree,337.4,727.7,485.0,1023.3,0.541
185,7.4,A,scrfd,1550.5,366.4,1932.1,878.1,0.887
185,7.4,A,scrfd,2508.7,772.6,2812.1,1153.9,0.832
185,7.4,A,scrfd,2797.2,780.8,3096.7,1324.5,0.682
185,7.4,A,scrfd,354.2,730.2,501.6,1019.1,0.525
185,7.4,B,both_agree,1550.5,366.4,1932.1,878.1,0.887
185,7.4,B,both_agree,2508.7,772.6,2812.1,1153.9,0.832
185,7.4,B,both_agree,2797.2,780.8,3096.7,1324.5,0.682
185,7.4,B,both_agree,354.2,730.2,501.6,1019.1,0.525
186,7.44,A,scrfd,1553.5,365.8,1935.0,874.9,0.889
186,7.44,A,scrfd,2510.2,776.7,2798.2,1152.4,0.838
186,7.44,A,scrfd,2796.1,769.3,3091.0,1327.2,0.695
186,7.44,A,scrfd,377.5,735.5,514.2,1022.6,0.522
186,7.44,B,both_agree,1553.5,365.8,1935.0,874.9,0.889
186,7.44,B,both_agree,2510.2,776.7,2798.2,1152.4,0.838
186,7.44,B,both_agree,2796.1,769.3,3091.0,1327.2,0.695
186,7.44,B,both_agree,377.5,735.5,514.2,1022.6,0.522
187,7.48,A,scrfd,1555.0,365.4,1937.5,875.8,0.89
187,7.48,A,scrfd,2512.3,780.7,2786.8,1151.0,0.837
187,7.48,A,scrfd,2795.6,774.6,3084.2,1323.2,0.675
187,7.48,A,scrfd,384.9,734.2,531.7,1027.3,0.551
187,7.48,B,both_agree,1555.0,365.4,1937.5,875.8,0.89
187,7.48,B,both_agree,2512.3,780.7,2786.8,1151.0,0.837
187,7.48,B,both_agree,2795.6,774.6,3084.2,1323.2,0.675
187,7.48,B,both_agree,384.9,734.2,531.7,1027.3,0.551
188,7.52,A,scrfd,1556.5,362.3,1941.1,875.4,0.893
188,7.52,A,scrfd,2512.0,775.8,2769.3,1152.3,0.826
188,7.52,A,scrfd,2795.1,767.7,3080.3,1322.9,0.678
188,7.52,A,orphan_safetynet,0,568.0,782.5,1151.0,0.928
188,7.52,B,both_agree,1556.5,362.3,1941.1,875.4,0.893
188,7.52,B,both_agree,2512.0,775.8,2769.3,1152.3,0.826
188,7.52,B,both_agree,2795.1,767.7,3080.3,1322.9,0.678
188,7.52,B,yoloface_only,409.0,729.8,549.8,1012.0,0.486
189,7.56,A,scrfd,1560.2,364.1,1942.5,874.6,0.893
189,7.56,A,scrfd,2507.8,778.1,2765.5,1152.2,0.833
189,7.56,A,scrfd,2805.0,759.6,3079.1,1315.4,0.656
189,7.56,A,orphan_safetynet,0,579.0,812.8,1161.6,0.932
189,7.56,B,both_agree,1560.2,364.1,1942.5,874.6,0.893
189,7.56,B,both_agree,2507.8,778.1,2765.5,1152.2,0.833
189,7.56,B,both_agree,2805.0,759.6,3079.1,1315.4,0.656
189,7.56,B,yoloface_only,426.7,741.5,561.8,1020.3,0.522
190,7.6,A,scrfd,1561.3,361.7,1946.6,874.4,0.897
190,7.6,A,scrfd,2502.4,776.2,2758.0,1154.0,0.83
190,7.6,A,scrfd,2802.7,740.4,3083.9,1308.8,0.682
190,7.6,A,orphan_safetynet,0,589.6,824.4,1167.9,0.937
190,7.6,B,both_agree,1561.3,361.7,1946.6,874.4,0.897
190,7.6,B,both_agree,2502.4,776.2,2758.0,1154.0,0.83
190,7.6,B,both_agree,2802.7,740.4,3083.9,1308.8,0.682
190,7.6,B,yoloface_only,438.7,748.9,580.2,1042.5,0.498
191,7.64,A,scrfd,1561.4,361.5,1948.4,873.8,0.898
191,7.64,A,scrfd,2500.7,775.5,2748.4,1155.8,0.807
191,7.64,A,scrfd,2814.7,752.7,3079.8,1305.8,0.644
191,7.64,A,orphan_safetynet,0,589.3,839.8,1164.0,0.936
191,7.64,B,both_agree,1561.4,361.5,1948.4,873.8,0.898
191,7.64,B,both_agree,2500.7,775.5,2748.4,1155.8,0.807
191,7.64,B,both_agree,2814.7,752.7,3079.8,1305.8,0.644
191,7.64,B,yoloface_only,450.9,760.9,595.5,1054.7,0.513
192,7.68,A,scrfd,1562.9,361.4,1950.6,872.7,0.9
192,7.68,A,scrfd,2500.1,784.1,2737.0,1152.4,0.777
192,7.68,A,scrfd,2815.4,744.6,3085.0,1302.4,0.641
192,7.68,A,orphan_safetynet,0,608.4,865.4,1174.3,0.931
192,7.68,B,both_agree,1562.9,361.4,1950.6,872.7,0.9
192,7.68,B,both_agree,2500.1,784.1,2737.0,1152.4,0.777
192,7.68,B,both_agree,2815.4,744.6,3085.0,1302.4,0.641
192,7.68,B,yoloface_only,467.6,766.3,608.8,1057.9,0.448
193,7.72,A,scrfd,1564.6,361.0,1951.9,872.6,0.899
193,7.72,A,scrfd,2505.3,788.3,2728.2,1151.6,0.763
193,7.72,A,scrfd,2819.6,748.1,3084.3,1299.4,0.558
193,7.72,A,orphan_safetynet,0,624.3,881.3,1186.6,0.929
193,7.72,B,both_agree,1564.6,361.0,1951.9,872.6,0.899
193,7.72,B,both_agree,2505.3,788.3,2728.2,1151.6,0.763
193,7.72,B,both_agree,2819.6,748.1,3084.3,1299.4,0.558
193,7.72,B,yoloface_only,481.3,768.1,629.5,1079.6,0.42
194,7.76,A,scrfd,1565.4,360.6,1952.8,872.3,0.9
194,7.76,A,scrfd,2503.1,790.0,2725.1,1152.6,0.778
194,7.76,A,scrfd,2845.5,775.0,3086.4,1309.6,0.532
194,7.76,A,orphan_safetynet,0,634.6,903.0,1192.8,0.931
194,7.76,B,both_agree,1565.4,360.6,1952.8,872.3,0.9
194,7.76,B,both_agree,2503.1,790.0,2725.1,1152.6,0.778
194,7.76,B,both_agree,2845.5,775.0,3086.4,1309.6,0.532
195,7.8,A,scrfd,1565.3,361.3,1953.3,871.2,0.901
195,7.8,A,scrfd,2501.3,798.4,2715.8,1155.8,0.77
195,7.8,A,scrfd,2827.4,741.6,3092.2,1295.2,0.545
195,7.8,A,orphan_safetynet,0,647.4,919.8,1199.3,0.93
195,7.8,B,both_agree,1565.3,361.3,1953.3,871.2,0.901
195,7.8,B,both_agree,2501.3,798.4,2715.8,1155.8,0.77
195,7.8,B,both_agree,2827.4,741.6,3092.2,1295.2,0.545
195,7.8,B,yoloface_only,529.3,814.4,656.6,1091.6,0.404
196,7.84,A,scrfd,1566.1,360.7,1953.2,870.9,0.902
196,7.84,A,scrfd,2501.2,804.3,2710.6,1159.3,0.767
196,7.84,A,scrfd,2824.2,731.8,3095.2,1293.3,0.586
196,7.84,A,scrfd,536.4,832.8,674.1,1114.2,0.507
196,7.84,B,both_agree,1566.1,360.7,1953.2,870.9,0.902
196,7.84,B,both_agree,2501.2,804.3,2710.6,1159.3,0.767
196,7.84,B,both_agree,2824.2,731.8,3095.2,1293.3,0.586
196,7.84,B,both_agree,536.4,832.8,674.1,1114.2,0.507
197,7.88,A,scrfd,1566.4,361.2,1953.2,871.1,0.901
197,7.88,A,scrfd,2497.0,808.4,2707.4,1163.5,0.737
197,7.88,A,scrfd,2824.0,735.9,3095.7,1291.1,0.597
197,7.88,A,orphan_safetynet,35.5,703.8,960.8,1234.9,0.923
197,7.88,B,both_agree,1566.4,361.2,1953.2,871.1,0.901
197,7.88,B,both_agree,2497.0,808.4,2707.4,1163.5,0.737
197,7.88,B,both_agree,2824.0,735.9,3095.7,1291.1,0.597
197,7.88,B,yoloface_only,556.4,832.9,694.2,1129.3,0.481
198,7.92,A,scrfd,1566.8,361.2,1952.9,871.4,0.9
198,7.92,A,scrfd,2489.6,812.1,2700.2,1165.7,0.751
198,7.92,A,scrfd,2818.6,740.2,3096.4,1290.5,0.606
198,7.92,A,orphan_safetynet,68.6,720.4,978.2,1244.9,0.923
198,7.92,B,both_agree,1566.8,361.2,1952.9,871.4,0.9
198,7.92,B,both_agree,2489.6,812.1,2700.2,1165.7,0.751
198,7.92,B,both_agree,2818.6,740.2,3096.4,1290.5,0.606
198,7.92,B,yoloface_only,573.2,852.0,714.6,1133.4,0.42
199,7.96,A,scrfd,1567.2,362.4,1952.6,872.1,0.899
199,7.96,A,scrfd,2483.2,814.5,2690.0,1167.7,0.714
199,7.96,A,scrfd,2821.3,750.6,3097.6,1295.1,0.579
199,7.96,A,orphan_safetynet,96.1,723.5,997.0,1244.2,0.933
199,7.96,B,both_agree,1567.2,362.4,1952.6,872.1,0.899
199,7.96,B,both_agree,2483.2,814.5,2690.0,1167.7,0.714
199,7.96,B,both_agree,2821.3,750.6,3097.6,1295.1,0.579
199,7.96,B,yoloface_only,601.5,861.4,732.8,1133.1,0.486
200,8.0,A,scrfd,1567.7,363.2,1952.3,872.6,0.898
200,8.0,A,scrfd,2472.9,816.4,2685.9,1166.9,0.71
200,8.0,A,scrfd,2842.8,769.3,3085.2,1325.1,0.521
200,8.0,A,orphan_safetynet,126.4,724.9,1012.9,1248.2,0.931
200,8.0,B,both_agree,1567.7,363.2,1952.3,872.6,0.898
200,8.0,B,both_agree,2472.9,816.4,2685.9,1166.9,0.71
200,8.0,B,both_agree,2842.8,769.3,3085.2,1325.1,0.521
200,8.0,B,yoloface_only,619.1,867.0,746.9,1141.9,0.415
201,8.04,A,scrfd,1566.7,362.9,1952.3,872.7,0.899
201,8.04,A,scrfd,2469.9,824.6,2675.9,1168.5,0.712
201,8.04,A,scrfd,2818.7,768.3,3090.4,1302.1,0.54
201,8.04,A,scrfd,635.7,870.6,756.6,1146.2,0.511
201,8.04,B,both_agree,1566.7,362.9,1952.3,872.7,0.899
201,8.04,B,both_agree,2469.9,824.6,2675.9,1168.5,0.712
201,8.04,B,both_agree,2818.7,768.3,3090.4,1302.1,0.54
201,8.04,B,both_agree,635.7,870.6,756.6,1146.2,0.511
202,8.08,A,scrfd,1564.9,363.7,1952.2,872.4,0.899
202,8.08,A,scrfd,2463.1,821.5,2669.9,1175.1,0.715
202,8.08,A,scrfd,2817.5,764.2,3089.8,1302.2,0.569
202,8.08,A,scrfd,658.3,871.3,778.2,1146.4,0.539
202,8.08,B,both_agree,1564.9,363.7,1952.2,872.4,0.899
202,8.08,B,both_agree,2463.1,821.5,2669.9,1175.1,0.715
202,8.08,B,both_agree,2817.5,764.2,3089.8,1302.2,0.569
202,8.08,B,both_agree,658.3,871.3,778.2,1146.4,0.539
203,8.12,A,scrfd,1564.8,363.6,1951.6,871.2,0.9
203,8.12,A,scrfd,2456.5,819.9,2666.9,1184.6,0.711
203,8.12,A,scrfd,2817.7,767.6,3089.0,1309.2,0.591
203,8.12,A,scrfd,674.4,874.2,795.2,1149.9,0.518
203,8.12,B,both_agree,1564.8,363.6,1951.6,871.2,0.9
203,8.12,B,both_agree,2456.5,819.9,2666.9,1184.6,0.711
203,8.12,B,both_agree,2817.7,767.6,3089.0,1309.2,0.591
203,8.12,B,both_agree,674.4,874.2,795.2,1149.9,0.518
204,8.16,A,scrfd,1563.4,364.6,1950.8,870.2,0.898
204,8.16,A,scrfd,2449.5,832.0,2661.4,1184.0,0.742
204,8.16,A,scrfd,2811.6,770.7,3080.7,1305.9,0.602
204,8.16,A,orphan_safetynet,232.9,742.0,1073.1,1260.8,0.93
204,8.16,B,both_agree,1563.4,364.6,1950.8,870.2,0.898
204,8.16,B,both_agree,2449.5,832.0,2661.4,1184.0,0.742
204,8.16,B,both_agree,2811.6,770.7,3080.7,1305.9,0.602
204,8.16,B,yoloface_only,687.9,867.9,823.9,1135.6,0.525
205,8.2,A,scrfd,1562.8,363.5,1949.6,870.3,0.897
205,8.2,A,scrfd,2441.7,839.9,2649.0,1188.6,0.744
205,8.2,A,scrfd,2799.7,768.5,3075.7,1320.3,0.632
205,8.2,A,scrfd,713.2,873.1,837.8,1148.6,0.546
205,8.2,B,both_agree,1562.8,363.5,1949.6,870.3,0.897
205,8.2,B,both_agree,2441.7,839.9,2649.0,1188.6,0.744
205,8.2,B,both_agree,2799.7,768.5,3075.7,1320.3,0.632
205,8.2,B,both_agree,713.2,873.1,837.8,1148.6,0.546
206,8.24,A,scrfd,1562.0,362.7,1948.0,870.0,0.896
206,8.24,A,scrfd,2436.9,840.2,2627.7,1187.1,0.712
206,8.24,A,scrfd,2786.5,767.4,3071.8,1325.2,0.642
206,8.24,A,scrfd,729.9,878.9,854.0,1146.4,0.554
206,8.24,B,both_agree,1562.0,362.7,1948.0,870.0,0.896
206,8.24,B,both_agree,2436.9,840.2,2627.7,1187.1,0.712
206,8.24,B,both_agree,2786.5,767.4,3071.8,1325.2,0.642
206,8.24,B,both_agree,729.9,878.9,854.0,1146.4,0.554
207,8.28,A,scrfd,1559.0,359.2,1947.0,870.5,0.896
207,8.28,A,scrfd,2420.9,849.3,2619.8,1191.1,0.689
207,8.28,A,scrfd,2776.6,782.7,3068.3,1329.8,0.669
207,8.28,A,scrfd,750.5,867.8,876.6,1148.7,0.542
207,8.28,A,orphan_safetynet,3682.4,1040.2,3840,1228.8,0.33
207,8.28,B,both_agree,1559.0,359.2,1947.0,870.5,0.896
207,8.28,B,both_agree,2420.9,849.3,2619.8,1191.1,0.689
207,8.28,B,both_agree,2776.6,782.7,3068.3,1329.8,0.669
207,8.28,B,both_agree,750.5,867.8,876.6,1148.7,0.542
208,8.32,A,scrfd,1558.0,358.6,1944.4,871.2,0.894
208,8.32,A,scrfd,2766.8,792.0,3065.8,1351.4,0.694
208,8.32,A,scrfd,2411.4,850.5,2612.1,1202.6,0.687
208,8.32,A,scrfd,767.4,858.8,902.8,1146.3,0.637
208,8.32,A,orphan_safetynet,3704.7,1033.6,3840,1225.9,0.397
208,8.32,B,both_agree,1558.0,358.6,1944.4,871.2,0.894
208,8.32,B,both_agree,2766.8,792.0,3065.8,1351.4,0.694
208,8.32,B,both_agree,2411.4,850.5,2612.1,1202.6,0.687
208,8.32,B,both_agree,767.4,858.8,902.8,1146.3,0.637
209,8.36,A,scrfd,1558.2,356.4,1941.3,873.0,0.894
209,8.36,A,scrfd,2742.3,796.2,3061.7,1370.8,0.743
209,8.36,A,scrfd,2399.0,868.3,2593.5,1194.0,0.627
209,8.36,A,scrfd,778.6,855.4,916.3,1157.1,0.581
209,8.36,A,orphan_safetynet,3707.4,1025.2,3840,1221.4,0.483
209,8.36,B,both_agree,1558.2,356.4,1941.3,873.0,0.894
209,8.36,B,both_agree,2742.3,796.2,3061.7,1370.8,0.743
209,8.36,B,both_agree,2399.0,868.3,2593.5,1194.0,0.627
209,8.36,B,both_agree,778.6,855.4,916.3,1157.1,0.581
210,8.4,A,scrfd,1555.4,355.2,1939.3,873.1,0.895
210,8.4,A,scrfd,2725.0,799.5,3049.2,1381.7,0.723
210,8.4,A,scrfd,2391.2,875.4,2579.7,1202.7,0.65
210,8.4,A,scrfd,807.4,864.5,934.3,1153.7,0.571
210,8.4,A,orphan_safetynet,3711.9,1026.3,3840,1222.6,0.501
210,8.4,B,both_agree,1555.4,355.2,1939.3,873.1,0.895
210,8.4,B,both_agree,2725.0,799.5,3049.2,1381.7,0.723
210,8.4,B,both_agree,2391.2,875.4,2579.7,1202.7,0.65
210,8.4,B,both_agree,807.4,864.5,934.3,1153.7,0.571
211,8.44,A,scrfd,1554.0,355.4,1938.6,872.7,0.895
211,8.44,A,scrfd,2697.2,786.4,3037.5,1405.6,0.74
211,8.44,A,scrfd,2379.0,875.4,2571.6,1210.8,0.62
211,8.44,A,scrfd,817.2,863.9,954.3,1150.9,0.601
211,8.44,A,orphan_safetynet,3716.0,1026.0,3840,1222.6,0.53
211,8.44,B,both_agree,1554.0,355.4,1938.6,872.7,0.895
211,8.44,B,both_agree,2697.2,786.4,3037.5,1405.6,0.74
211,8.44,B,both_agree,2379.0,875.4,2571.6,1210.8,0.62
211,8.44,B,both_agree,817.2,863.9,954.3,1150.9,0.601
212,8.48,A,scrfd,1553.8,353.6,1939.4,871.6,0.896
212,8.48,A,scrfd,2682.9,799.3,3022.6,1420.1,0.726
212,8.48,A,scrfd,835.2,859.2,976.9,1156.5,0.606
212,8.48,A,scrfd,2367.3,892.0,2540.7,1205.0,0.588
212,8.48,A,orphan_safetynet,3713.4,1025.1,3840,1221.6,0.526
212,8.48,B,both_agree,1553.8,353.6,1939.4,871.6,0.896
212,8.48,B,both_agree,2682.9,799.3,3022.6,1420.1,0.726
212,8.48,B,both_agree,835.2,859.2,976.9,1156.5,0.606
212,8.48,B,both_agree,2367.3,892.0,2540.7,1205.0,0.588
213,8.52,A,scrfd,1553.8,353.2,1939.7,868.8,0.897
213,8.52,A,scrfd,2672.0,845.6,3009.0,1447.1,0.784
213,8.52,A,scrfd,2358.8,892.5,2524.9,1208.0,0.655
213,8.52,A,scrfd,862.8,868.5,993.4,1147.9,0.626
213,8.52,A,orphan_safetynet,3695.2,1018.5,3840,1216.8,0.503
213,8.52,B,both_agree,1553.8,353.2,1939.7,868.8,0.897
213,8.52,B,both_agree,2672.0,845.6,3009.0,1447.1,0.784
213,8.52,B,both_agree,2358.8,892.5,2524.9,1208.0,0.655
213,8.52,B,both_agree,862.8,868.5,993.4,1147.9,0.626
214,8.56,A,scrfd,1553.8,353.0,1939.8,867.2,0.896
214,8.56,A,scrfd,2649.9,897.7,2996.4,1459.4,0.778
214,8.56,A,scrfd,2350.2,881.2,2517.5,1209.9,0.637
214,8.56,A,scrfd,876.9,871.9,1017.0,1161.7,0.595
214,8.56,A,orphan_safetynet,3698.2,1019.1,3840,1215.4,0.503
214,8.56,B,both_agree,1553.8,353.0,1939.8,867.2,0.896
214,8.56,B,both_agree,2649.9,897.7,2996.4,1459.4,0.778
214,8.56,B,both_agree,2350.2,881.2,2517.5,1209.9,0.637
214,8.56,B,both_agree,876.9,871.9,1017.0,1161.7,0.595
215,8.6,A,scrfd,1556.5,352.6,1940.9,865.7,0.895
215,8.6,A,scrfd,2634.5,934.1,2993.3,1502.8,0.795
215,8.6,A,scrfd,901.5,869.3,1037.3,1161.2,0.624
215,8.6,A,scrfd,2336.1,883.0,2504.2,1214.2,0.607
215,8.6,A,orphan_safetynet,3621.5,1019.5,3840,1214.5,0.51
215,8.6,B,both_agree,1556.5,352.6,1940.9,865.7,0.895
215,8.6,B,both_agree,2634.5,934.1,2993.3,1502.8,0.795
215,8.6,B,both_agree,901.5,869.3,1037.3,1161.2,0.624
215,8.6,B,both_agree,2336.1,883.0,2504.2,1214.2,0.607
216,8.64,A,scrfd,1558.0,347.6,1942.8,865.9,0.898
216,8.64,A,scrfd,2605.6,943.6,2984.7,1529.4,0.786
216,8.64,A,scrfd,915.2,886.7,1056.6,1161.1,0.637
216,8.64,A,orphan_safetynet,3598.1,1018.5,3840,1214.1,0.534
216,8.64,B,both_agree,1558.0,347.6,1942.8,865.9,0.898
216,8.64,B,both_agree,2605.6,943.6,2984.7,1529.4,0.786
216,8.64,B,both_agree,915.2,886.7,1056.6,1161.1,0.637
216,8.64,B,yoloface_only,2327.4,894.7,2474.7,1180.7,0.41
217,8.68,A,scrfd,1557.2,347.6,1944.6,866.4,0.899
217,8.68,A,scrfd,2579.3,1018.7,2986.1,1543.8,0.772
217,8.68,A,scrfd,938.6,893.9,1080.0,1162.8,0.637
217,8.68,A,scrfd,2324.6,891.7,2485.6,1219.6,0.551
217,8.68,A,orphan_safetynet,3590.9,1017.6,3840,1214.1,0.405
217,8.68,B,both_agree,1557.2,347.6,1944.6,866.4,0.899
217,8.68,B,both_agree,2579.3,1018.7,2986.1,1543.8,0.772
217,8.68,B,both_agree,938.6,893.9,1080.0,1162.8,0.637
217,8.68,B,both_agree,2324.6,891.7,2485.6,1219.6,0.551
218,8.72,A,scrfd,1556.6,349.8,1946.3,865.3,0.899
218,8.72,A,scrfd,2559.0,1066.2,2975.7,1561.3,0.762
218,8.72,A,scrfd,963.8,909.9,1097.1,1179.3,0.625
218,8.72,A,scrfd,2312.3,898.1,2461.8,1217.2,0.545
218,8.72,B,both_agree,1556.6,349.8,1946.3,865.3,0.899
218,8.72,B,both_agree,2559.0,1066.2,2975.7,1561.3,0.762
218,8.72,B,both_agree,963.8,909.9,1097.1,1179.3,0.625
218,8.72,B,both_agree,2312.3,898.1,2461.8,1217.2,0.545
219,8.76,A,scrfd,1558.1,350.7,1947.0,864.6,0.898
219,8.76,A,scrfd,2538.9,1098.2,2955.6,1552.3,0.732
219,8.76,A,scrfd,979.0,921.5,1120.1,1192.7,0.643
219,8.76,B,both_agree,1558.1,350.7,1947.0,864.6,0.898
219,8.76,B,both_agree,2538.9,1098.2,2955.6,1552.3,0.732
219,8.76,B,both_agree,979.0,921.5,1120.1,1192.7,0.643
220,8.8,A,scrfd,1559.7,349.4,1947.5,864.4,0.899
220,8.8,A,scrfd,2539.0,1099.1,2927.3,1605.4,0.755
220,8.8,A,scrfd,1001.4,927.9,1137.0,1201.3,0.686
220,8.8,B,both_agree,1559.7,349.4,1947.5,864.4,0.899
220,8.8,B,both_agree,2539.0,1099.1,2927.3,1605.4,0.755
220,8.8,B,both_agree,1001.4,927.9,1137.0,1201.3,0.686
221,8.84,A,scrfd,1561.0,351.4,1948.1,864.3,0.899
221,8.84,A,scrfd,2530.8,1114.9,2930.9,1622.6,0.718
221,8.84,A,scrfd,1014.9,940.5,1160.6,1219.0,0.652
221,8.84,B,both_agree,1561.0,351.4,1948.1,864.3,0.899
221,8.84,B,both_agree,2530.8,1114.9,2930.9,1622.6,0.718
221,8.84,B,both_agree,1014.9,940.5,1160.6,1219.0,0.652
222,8.88,A,scrfd,1561.5,351.2,1949.3,864.7,0.9
222,8.88,A,scrfd,1042.8,955.8,1176.9,1217.7,0.668
222,8.88,A,scrfd,2527.7,1130.6,2919.4,1623.9,0.664
222,8.88,B,both_agree,1561.5,351.2,1949.3,864.7,0.9
222,8.88,B,both_agree,1042.8,955.8,1176.9,1217.7,0.668
222,8.88,B,both_agree,2527.7,1130.6,2919.4,1623.9,0.664
223,8.92,A,scrfd,1562.9,354.3,1950.2,864.7,0.899
223,8.92,A,scrfd,2513.9,1148.2,2930.5,1630.6,0.711
223,8.92,A,scrfd,1065.2,962.8,1196.7,1222.2,0.626
223,8.92,B,both_agree,1562.9,354.3,1950.2,864.7,0.899
223,8.92,B,both_agree,2513.9,1148.2,2930.5,1630.6,0.711
223,8.92,B,both_agree,1065.2,962.8,1196.7,1222.2,0.626
224,8.96,A,scrfd,1565.4,355.4,1953.4,863.1,0.9
224,8.96,A,scrfd,2515.8,1171.8,2937.2,1636.5,0.732
224,8.96,A,scrfd,1086.7,966.6,1224.8,1230.8,0.689
224,8.96,B,both_agree,1565.4,355.4,1953.4,863.1,0.9
224,8.96,B,both_agree,2515.8,1171.8,2937.2,1636.5,0.732
224,8.96,B,both_agree,1086.7,966.6,1224.8,1230.8,0.689
225,9.0,A,scrfd,1567.5,355.3,1957.6,862.6,0.9
225,9.0,A,scrfd,2509.4,1180.2,2930.6,1639.3,0.751
225,9.0,A,scrfd,1109.8,959.4,1245.0,1225.0,0.543
225,9.0,B,both_agree,1567.5,355.3,1957.6,862.6,0.9
225,9.0,B,both_agree,2509.4,1180.2,2930.6,1639.3,0.751
225,9.0,B,both_agree,1109.8,959.4,1245.0,1225.0,0.543
226,9.04,A,scrfd,1570.3,353.6,1962.4,864.0,0.9
226,9.04,A,scrfd,2512.3,1189.6,2933.7,1636.2,0.745
226,9.04,A,orphan_safetynet,1978.8,787.3,2716.8,1221.3,0.881
226,9.04,A,orphan_safetynet,777.6,828.4,1320.6,1319.9,0.848
226,9.04,B,both_agree,1570.3,353.6,1962.4,864.0,0.9
226,9.04,B,both_agree,2512.3,1189.6,2933.7,1636.2,0.745
226,9.04,B,yoloface_only,1126.2,960.4,1251.6,1212.1,0.551
227,9.08,A,scrfd,1572.5,356.5,1965.0,862.6,0.896
227,9.08,A,scrfd,2512.1,1194.4,2934.9,1641.1,0.716
227,9.08,A,orphan_safetynet,1980.3,789.6,2711.2,1221.3,0.878
227,9.08,A,orphan_safetynet,810.5,836.1,1325.8,1324.7,0.839
227,9.08,B,both_agree,1572.5,356.5,1965.0,862.6,0.896
227,9.08,B,both_agree,2512.1,1194.4,2934.9,1641.1,0.716
228,9.12,A,scrfd,1575.3,353.1,1970.0,864.2,0.893
228,9.12,A,scrfd,2513.8,1203.3,2934.0,1639.4,0.715
228,9.12,A,orphan_safetynet,1981.1,786.2,2707.0,1224.1,0.873
228,9.12,A,orphan_safetynet,847.4,833.5,1329.3,1322.1,0.814
228,9.12,B,both_agree,1575.3,353.1,1970.0,864.2,0.893
228,9.12,B,both_agree,2513.8,1203.3,2934.0,1639.4,0.715
229,9.16,A,scrfd,1577.5,350.9,1975.7,866.3,0.892
229,9.16,A,scrfd,2495.6,1197.5,2927.4,1637.2,0.739
229,9.16,A,orphan_safetynet,880.8,840.5,1360.2,1324.0,0.773
229,9.16,B,both_agree,1577.5,350.9,1975.7,866.3,0.892
229,9.16,B,both_agree,2495.6,1197.5,2927.4,1637.2,0.739
230,9.2,A,scrfd,1581.2,349.2,1978.5,866.5,0.893
230,9.2,A,scrfd,2503.3,1209.7,2923.9,1638.1,0.727
230,9.2,A,orphan_safetynet,1978.3,787.2,2706.0,1225.9,0.858
230,9.2,A,orphan_safetynet,900.8,855.4,1333.6,1310.2,0.752
230,9.2,B,both_agree,1581.2,349.2,1978.5,866.5,0.893
230,9.2,B,both_agree,2503.3,1209.7,2923.9,1638.1,0.727
231,9.24,A,scrfd,1582.9,348.0,1981.8,864.6,0.891
231,9.24,A,scrfd,2500.7,1190.7,2920.3,1648.7,0.787
231,9.24,A,orphan_safetynet,1982.2,790.9,2694.8,1230.3,0.856
231,9.24,A,orphan_safetynet,928.9,848.0,1349.7,1324.1,0.688
231,9.24,B,both_agree,1582.9,348.0,1981.8,864.6,0.891
231,9.24,B,both_agree,2500.7,1190.7,2920.3,1648.7,0.787
232,9.28,A,scrfd,1585.3,345.2,1984.8,868.2,0.89
232,9.28,A,scrfd,2498.1,1201.2,2898.9,1646.3,0.729
232,9.28,A,orphan_safetynet,1983.9,795.7,2686.8,1235.8,0.86
232,9.28,A,orphan_safetynet,952.8,852.0,1339.6,1309.5,0.545
232,9.28,B,both_agree,1585.3,345.2,1984.8,868.2,0.89
232,9.28,B,both_agree,2498.1,1201.2,2898.9,1646.3,0.729
233,9.32,A,scrfd,1588.4,343.4,1987.4,866.5,0.893
233,9.32,A,scrfd,2480.0,1207.1,2889.4,1627.9,0.69
233,9.32,A,orphan_safetynet,1978.2,794.9,2675.9,1238.9,0.881
233,9.32,A,orphan_safetynet,958.6,917.6,1409.9,1372.1,0.401
233,9.32,B,both_agree,1588.4,343.4,1987.4,866.5,0.893
233,9.32,B,both_agree,2480.0,1207.1,2889.4,1627.9,0.69
234,9.36,A,scrfd,1587.8,343.0,1990.2,864.7,0.894
234,9.36,A,scrfd,2480.4,1193.6,2885.1,1632.6,0.728
234,9.36,A,orphan_safetynet,1972.4,803.5,2673.8,1241.5,0.888
234,9.36,B,both_agree,1587.8,343.0,1990.2,864.7,0.894
234,9.36,B,both_agree,2480.4,1193.6,2885.1,1632.6,0.728
235,9.4,A,scrfd,1594.7,342.5,1992.6,862.9,0.891
235,9.4,A,scrfd,2467.5,1185.6,2879.8,1629.9,0.717
235,9.4,B,both_agree,1594.7,342.5,1992.6,862.9,0.891
235,9.4,B,both_agree,2467.5,1185.6,2879.8,1629.9,0.717
236,9.44,A,scrfd,1596.7,342.5,1994.5,862.1,0.89
236,9.44,A,scrfd,2460.7,1193.2,2885.1,1631.7,0.726
236,9.44,B,both_agree,1596.7,342.5,1994.5,862.1,0.89
236,9.44,B,both_agree,2460.7,1193.2,2885.1,1631.7,0.726
237,9.48,A,scrfd,1596.8,346.8,1996.6,861.5,0.89
237,9.48,A,scrfd,2469.6,1177.7,2883.5,1649.5,0.775
237,9.48,A,orphan_safetynet,1957.2,821.1,2666.6,1240.7,0.885
237,9.48,B,both_agree,1596.8,346.8,1996.6,861.5,0.89
237,9.48,B,both_agree,2469.6,1177.7,2883.5,1649.5,0.775
237,9.48,B,yoloface_only,2440.0,1175.4,2843.1,1585.8,0.412
238,9.52,A,scrfd,1600.1,347.9,1999.4,860.6,0.89
238,9.52,A,scrfd,2469.4,1183.2,2880.8,1650.4,0.776
238,9.52,B,both_agree,1600.1,347.9,1999.4,860.6,0.89
238,9.52,B,both_agree,2469.4,1183.2,2880.8,1650.4,0.776
239,9.56,A,scrfd,1600.8,345.4,2001.7,861.3,0.89
239,9.56,A,scrfd,2468.5,1185.0,2874.8,1645.4,0.758
239,9.56,B,both_agree,1600.8,345.4,2001.7,861.3,0.89
239,9.56,B,both_agree,2468.5,1185.0,2874.8,1645.4,0.758
240,9.6,A,scrfd,1602.0,349.3,2004.2,859.5,0.891
240,9.6,A,scrfd,2477.2,1186.3,2870.4,1636.6,0.741
240,9.6,B,both_agree,1602.0,349.3,2004.2,859.5,0.891
240,9.6,B,both_agree,2477.2,1186.3,2870.4,1636.6,0.741
241,9.64,A,scrfd,1605.7,349.1,2005.8,859.0,0.891
241,9.64,A,scrfd,2479.2,1176.5,2865.9,1635.6,0.722
241,9.64,B,both_agree,1605.7,349.1,2005.8,859.0,0.891
241,9.64,B,both_agree,2479.2,1176.5,2865.9,1635.6,0.722
242,9.68,A,scrfd,1606.8,344.7,2008.3,859.3,0.889
242,9.68,A,scrfd,2470.3,1142.5,2867.7,1640.6,0.722
242,9.68,B,both_agree,1606.8,344.7,2008.3,859.3,0.889
242,9.68,B,both_agree,2470.3,1142.5,2867.7,1640.6,0.722
243,9.72,A,scrfd,1607.1,345.2,2010.7,860.3,0.889
243,9.72,A,scrfd,2472.8,1136.9,2866.5,1636.1,0.746
243,9.72,B,both_agree,1607.1,345.2,2010.7,860.3,0.889
243,9.72,B,both_agree,2472.8,1136.9,2866.5,1636.1,0.746
244,9.76,A,scrfd,1608.3,346.1,2012.1,860.7,0.889
244,9.76,A,scrfd,2471.2,1141.1,2870.3,1628.2,0.738
244,9.76,B,both_agree,1608.3,346.1,2012.1,860.7,0.889
244,9.76,B,both_agree,2471.2,1141.1,2870.3,1628.2,0.738
245,9.8,A,scrfd,1609.5,345.5,2014.4,860.6,0.888
245,9.8,A,scrfd,2473.8,1136.3,2875.4,1626.5,0.755
245,9.8,B,both_agree,1609.5,345.5,2014.4,860.6,0.888
245,9.8,B,both_agree,2473.8,1136.3,2875.4,1626.5,0.755
246,9.84,A,scrfd,1610.1,343.3,2016.7,861.4,0.889
246,9.84,A,scrfd,2474.1,1128.1,2866.1,1631.2,0.744
246,9.84,B,both_agree,1610.1,343.3,2016.7,861.4,0.889
246,9.84,B,both_agree,2474.1,1128.1,2866.1,1631.2,0.744
247,9.88,A,scrfd,1613.0,343.7,2018.0,861.5,0.888
247,9.88,A,scrfd,2468.7,1113.1,2851.5,1627.3,0.75
247,9.88,B,both_agree,1613.0,343.7,2018.0,861.5,0.888
247,9.88,B,both_agree,2468.7,1113.1,2851.5,1627.3,0.75
248,9.92,A,scrfd,1613.9,343.3,2019.0,861.8,0.889
248,9.92,A,scrfd,2471.4,1104.2,2853.2,1633.1,0.762
248,9.92,B,both_agree,1613.9,343.3,2019.0,861.8,0.889
248,9.92,B,both_agree,2471.4,1104.2,2853.2,1633.1,0.762
249,9.96,A,scrfd,1615.2,342.9,2020.8,862.0,0.891
249,9.96,A,scrfd,2465.7,1099.9,2855.1,1641.5,0.758
249,9.96,B,both_agree,1615.2,342.9,2020.8,862.0,0.891
249,9.96,B,both_agree,2465.7,1099.9,2855.1,1641.5,0.758
250,10.0,A,scrfd,1615.6,341.0,2021.9,863.0,0.892
250,10.0,A,scrfd,2464.2,1105.2,2859.4,1636.8,0.747
250,10.0,B,both_agree,1615.6,341.0,2021.9,863.0,0.892
250,10.0,B,both_agree,2464.2,1105.2,2859.4,1636.8,0.747
251,10.04,A,scrfd,1615.9,340.3,2022.1,863.0,0.892
251,10.04,A,scrfd,2464.2,1097.4,2855.0,1637.5,0.749
251,10.04,B,both_agree,1615.9,340.3,2022.1,863.0,0.892
251,10.04,B,both_agree,2464.2,1097.4,2855.0,1637.5,0.749
252,10.08,A,scrfd,1615.8,340.0,2022.0,863.0,0.892
252,10.08,A,scrfd,2465.2,1103.1,2847.8,1637.3,0.736
252,10.08,B,both_agree,1615.8,340.0,2022.0,863.0,0.892
252,10.08,B,both_agree,2465.2,1103.1,2847.8,1637.3,0.736
253,10.12,A,scrfd,1615.6,340.9,2021.4,862.1,0.891
253,10.12,A,scrfd,2461.7,1108.3,2850.2,1633.0,0.725
253,10.12,B,both_agree,1615.6,340.9,2021.4,862.1,0.891
253,10.12,B,both_agree,2461.7,1108.3,2850.2,1633.0,0.725
254,10.16,A,scrfd,1613.8,340.8,2020.2,861.9,0.891
254,10.16,A,scrfd,2458.2,1097.5,2853.1,1632.5,0.741
254,10.16,B,both_agree,1613.8,340.8,2020.2,861.9,0.891
254,10.16,B,both_agree,2458.2,1097.5,2853.1,1632.5,0.741
255,10.2,A,scrfd,1612.1,340.2,2019.6,861.5,0.891
255,10.2,A,scrfd,2459.5,1099.2,2850.5,1629.1,0.728
255,10.2,B,both_agree,1612.1,340.2,2019.6,861.5,0.891
255,10.2,B,both_agree,2459.5,1099.2,2850.5,1629.1,0.728
256,10.24,A,scrfd,1610.6,338.9,2019.4,861.5,0.89
256,10.24,A,scrfd,2453.1,1099.2,2845.6,1619.4,0.724
256,10.24,B,both_agree,1610.6,338.9,2019.4,861.5,0.89
256,10.24,B,both_agree,2453.1,1099.2,2845.6,1619.4,0.724
257,10.28,A,scrfd,1610.9,338.1,2019.2,861.1,0.891
257,10.28,A,scrfd,2450.7,1098.7,2842.8,1609.0,0.724
257,10.28,B,both_agree,1610.9,338.1,2019.2,861.1,0.891
257,10.28,B,both_agree,2450.7,1098.7,2842.8,1609.0,0.724
258,10.32,A,scrfd,1610.8,337.6,2019.3,860.5,0.891
258,10.32,A,scrfd,2458.0,1093.0,2836.3,1606.9,0.723
258,10.32,B,both_agree,1610.8,337.6,2019.3,860.5,0.891
258,10.32,B,both_agree,2458.0,1093.0,2836.3,1606.9,0.723
259,10.36,A,scrfd,1610.8,338.1,2019.7,859.6,0.891
259,10.36,A,scrfd,2461.9,1079.5,2839.6,1611.8,0.718
259,10.36,B,both_agree,1610.8,338.1,2019.7,859.6,0.891
259,10.36,B,both_agree,2461.9,1079.5,2839.6,1611.8,0.718
260,10.4,A,scrfd,1611.6,338.4,2020.0,859.2,0.891
260,10.4,A,scrfd,2452.3,1076.5,2850.5,1610.1,0.739
260,10.4,B,both_agree,1611.6,338.4,2020.0,859.2,0.891
260,10.4,B,both_agree,2452.3,1076.5,2850.5,1610.1,0.739
261,10.44,A,scrfd,1611.2,338.6,2020.1,859.5,0.89
261,10.44,A,scrfd,2454.5,1078.9,2850.3,1612.5,0.742
261,10.44,B,both_agree,1611.2,338.6,2020.1,859.5,0.89
261,10.44,B,both_agree,2454.5,1078.9,2850.3,1612.5,0.742
262,10.48,A,scrfd,1612.3,339.1,2020.9,860.5,0.89
262,10.48,A,scrfd,2453.6,1079.9,2860.3,1614.2,0.749
262,10.48,B,both_agree,1612.3,339.1,2020.9,860.5,0.89
262,10.48,B,both_agree,2453.6,1079.9,2860.3,1614.2,0.749
263,10.52,A,scrfd,1613.0,339.1,2022.3,861.3,0.889
263,10.52,A,scrfd,2459.9,1072.1,2859.3,1619.5,0.742
263,10.52,B,both_agree,1613.0,339.1,2022.3,861.3,0.889
263,10.52,B,both_agree,2459.9,1072.1,2859.3,1619.5,0.742
264,10.56,A,scrfd,1613.1,339.7,2023.5,859.0,0.89
264,10.56,A,scrfd,2461.5,1066.7,2861.3,1625.8,0.746
264,10.56,B,both_agree,1613.1,339.7,2023.5,859.0,0.89
264,10.56,B,both_agree,2461.5,1066.7,2861.3,1625.8,0.746
265,10.6,A,scrfd,1612.7,340.5,2023.9,858.8,0.89
265,10.6,A,scrfd,2465.3,1062.2,2861.3,1631.1,0.747
265,10.6,B,both_agree,1612.7,340.5,2023.9,858.8,0.89
265,10.6,B,both_agree,2465.3,1062.2,2861.3,1631.1,0.747
266,10.64,A,scrfd,1612.5,341.2,2024.1,858.9,0.89
266,10.64,A,scrfd,2467.7,1058.3,2862.2,1634.7,0.746
266,10.64,B,both_agree,1612.5,341.2,2024.1,858.9,0.89
266,10.64,B,both_agree,2467.7,1058.3,2862.2,1634.7,0.746
267,10.68,A,scrfd,1612.8,342.1,2023.8,858.1,0.89
267,10.68,A,scrfd,2467.8,1051.0,2856.0,1633.4,0.745
267,10.68,B,both_agree,1612.8,342.1,2023.8,858.1,0.89
267,10.68,B,both_agree,2467.8,1051.0,2856.0,1633.4,0.745
268,10.72,A,scrfd,1611.5,341.9,2023.9,858.8,0.89
268,10.72,A,scrfd,2472.6,1048.6,2855.3,1624.8,0.749
268,10.72,B,both_agree,1611.5,341.9,2023.9,858.8,0.89
268,10.72,B,both_agree,2472.6,1048.6,2855.3,1624.8,0.749
269,10.76,A,scrfd,1611.5,342.2,2023.8,858.8,0.89
269,10.76,A,scrfd,2467.8,1056.2,2859.0,1618.8,0.758
269,10.76,B,both_agree,1611.5,342.2,2023.8,858.8,0.89
269,10.76,B,both_agree,2467.8,1056.2,2859.0,1618.8,0.758
270,10.8,A,scrfd,1611.7,343.0,2024.7,858.9,0.891
270,10.8,A,scrfd,2478.1,1063.5,2860.9,1611.0,0.76
270,10.8,A,orphan_safetynet,1959.4,1000.7,2251.4,1340.6,0.379
270,10.8,B,both_agree,1611.7,343.0,2024.7,858.9,0.891
270,10.8,B,both_agree,2478.1,1063.5,2860.9,1611.0,0.76
271,10.84,A,scrfd,1610.8,345.6,2025.2,858.3,0.894
271,10.84,A,scrfd,2486.7,1074.0,2870.6,1607.4,0.755
271,10.84,A,orphan_safetynet,1904.8,991.2,2308.8,1396.1,0.549
271,10.84,B,both_agree,1610.8,345.6,2025.2,858.3,0.894
271,10.84,B,both_agree,2486.7,1074.0,2870.6,1607.4,0.755
272,10.88,A,scrfd,1610.3,351.2,2024.8,856.8,0.897
272,10.88,A,scrfd,2494.9,1089.4,2876.1,1600.9,0.741
272,10.88,A,scrfd,2025.6,1090.2,2154.5,1322.7,0.617
272,10.88,B,both_agree,1610.3,351.2,2024.8,856.8,0.897
272,10.88,B,both_agree,2494.9,1089.4,2876.1,1600.9,0.741
272,10.88,B,both_agree,2025.6,1090.2,2154.5,1322.7,0.617
273,10.92,A,scrfd,1611.5,353.3,2024.7,855.4,0.897
273,10.92,A,scrfd,2493.7,1082.6,2877.3,1595.6,0.731
273,10.92,A,scrfd,2039.8,1092.9,2176.5,1329.4,0.669
273,10.92,A,orphan_safetynet,1787.1,763.8,2052.1,834.0,0.358
273,10.92,B,both_agree,1611.5,353.3,2024.7,855.4,0.897
273,10.92,B,both_agree,2493.7,1082.6,2877.3,1595.6,0.731
273,10.92,B,both_agree,2039.8,1092.9,2176.5,1329.4,0.669
274,10.96,A,scrfd,1612.1,355.6,2025.6,854.5,0.899
274,10.96,A,scrfd,2495.1,1073.3,2883.8,1592.1,0.741
274,10.96,A,scrfd,2063.0,1098.8,2190.2,1334.1,0.716
274,10.96,A,scrfd,1838.8,802.6,2058.3,1131.5,0.512
274,10.96,B,both_agree,1612.1,355.6,2025.6,854.5,0.899
274,10.96,B,both_agree,2495.1,1073.3,2883.8,1592.1,0.741
274,10.96,B,both_agree,2063.0,1098.8,2190.2,1334.1,0.716
274,10.96,B,scrfd_only,1838.8,802.6,2058.3,1131.5,0.512
275,11.0,A,scrfd,1612.2,358.0,2026.9,852.7,0.902
275,11.0,A,scrfd,1851.8,799.0,2060.6,1123.2,0.728
275,11.0,A,scrfd,2500.5,1064.0,2869.6,1582.4,0.716
275,11.0,A,scrfd,2076.3,1104.7,2211.7,1336.5,0.673
275,11.0,B,both_agree,1612.2,358.0,2026.9,852.7,0.902
275,11.0,B,both_agree,1851.8,799.0,2060.6,1123.2,0.728
275,11.0,B,both_agree,2500.5,1064.0,2869.6,1582.4,0.716
275,11.0,B,both_agree,2076.3,1104.7,2211.7,1336.5,0.673
276,11.04,A,scrfd,1612.7,358.9,2027.3,851.2,0.903
276,11.04,A,scrfd,2503.4,1072.9,2883.4,1575.8,0.747
276,11.04,A,scrfd,1864.8,799.9,2063.9,1106.9,0.742
276,11.04,A,scrfd,2102.2,1118.0,2228.0,1332.9,0.711
276,11.04,B,both_agree,1612.7,358.9,2027.3,851.2,0.903
276,11.04,B,both_agree,2503.4,1072.9,2883.4,1575.8,0.747
276,11.04,B,both_agree,1864.8,799.9,2063.9,1106.9,0.742
276,11.04,B,both_agree,2102.2,1118.0,2228.0,1332.9,0.711
277,11.08,A,scrfd,1613.2,358.4,2027.1,850.6,0.903
277,11.08,A,scrfd,1858.1,787.8,2080.0,1148.9,0.762
277,11.08,A,scrfd,2509.2,1047.9,2880.5,1584.4,0.745
277,11.08,A,scrfd,2120.6,1108.1,2251.1,1338.8,0.626
277,11.08,B,both_agree,1613.2,358.4,2027.1,850.6,0.903
277,11.08,B,both_agree,1858.1,787.8,2080.0,1148.9,0.762
277,11.08,B,both_agree,2509.2,1047.9,2880.5,1584.4,0.745
277,11.08,B,both_agree,2120.6,1108.1,2251.1,1338.8,0.626
278,11.12,A,scrfd,1612.8,359.0,2027.7,850.9,0.902
278,11.12,A,scrfd,1862.9,787.6,2090.3,1149.4,0.796
278,11.12,A,scrfd,2510.1,1054.1,2885.8,1565.2,0.744
278,11.12,A,scrfd,2137.9,1110.2,2272.9,1342.2,0.69
278,11.12,B,both_agree,1612.8,359.0,2027.7,850.9,0.902
278,11.12,B,both_agree,1862.9,787.6,2090.3,1149.4,0.796
278,11.12,B,both_agree,2510.1,1054.1,2885.8,1565.2,0.744
278,11.12,B,both_agree,2137.9,1110.2,2272.9,1342.2,0.69
279,11.16,A,scrfd,1613.3,361.0,2027.6,850.2,0.902
279,11.16,A,scrfd,1874.2,795.3,2100.8,1134.2,0.828
279,11.16,A,scrfd,2524.0,1068.7,2898.8,1553.1,0.749
279,11.16,A,scrfd,2160.1,1107.6,2290.4,1341.6,0.696
279,11.16,B,both_agree,1613.3,361.0,2027.6,850.2,0.902
279,11.16,B,both_agree,1874.2,795.3,2100.8,1134.2,0.828
279,11.16,B,both_agree,2524.0,1068.7,2898.8,1553.1,0.749
279,11.16,B,both_agree,2160.1,1107.6,2290.4,1341.6,0.696
280,11.2,A,scrfd,1614.2,360.1,2027.4,850.2,0.901
280,11.2,A,scrfd,1882.7,797.3,2109.4,1135.6,0.809
280,11.2,A,scrfd,2179.8,1114.8,2304.9,1339.3,0.729
280,11.2,A,scrfd,2532.5,1074.1,2903.5,1548.8,0.729
280,11.2,B,both_agree,1614.2,360.1,2027.4,850.2,0.901
280,11.2,B,both_agree,1882.7,797.3,2109.4,1135.6,0.809
280,11.2,B,both_agree,2179.8,1114.8,2304.9,1339.3,0.729
280,11.2,B,both_agree,2532.5,1074.1,2903.5,1548.8,0.729
281,11.24,A,scrfd,1614.1,362.1,2027.1,849.2,0.9
281,11.24,A,scrfd,1897.0,797.5,2119.0,1136.7,0.846
281,11.24,A,scrfd,2201.0,1120.3,2324.2,1338.7,0.759
281,11.24,A,scrfd,2537.9,1058.9,2899.4,1548.5,0.705
281,11.24,B,both_agree,1614.1,362.1,2027.1,849.2,0.9
281,11.24,B,both_agree,1897.0,797.5,2119.0,1136.7,0.846
281,11.24,B,both_agree,2201.0,1120.3,2324.2,1338.7,0.759
281,11.24,B,both_agree,2537.9,1058.9,2899.4,1548.5,0.705
282,11.28,A,scrfd,1614.3,363.2,2026.7,848.8,0.899
282,11.28,A,scrfd,1907.6,801.0,2127.1,1136.2,0.859
282,11.28,A,scrfd,2542.5,1015.4,2901.9,1552.8,0.74
282,11.28,A,scrfd,2215.8,1118.1,2347.8,1335.3,0.684
282,11.28,B,both_agree,1614.3,363.2,2026.7,848.8,0.899
282,11.28,B,both_agree,1907.6,801.0,2127.1,1136.2,0.859
282,11.28,B,both_agree,2542.5,1015.4,2901.9,1552.8,0.74
282,11.28,B,both_agree,2215.8,1118.1,2347.8,1335.3,0.684
283,11.32,A,scrfd,1614.9,361.2,2027.3,849.7,0.898
283,11.32,A,scrfd,1910.1,799.2,2138.0,1139.9,0.867
283,11.32,A,scrfd,2552.9,1004.9,2900.7,1557.1,0.747
283,11.32,A,scrfd,2236.2,1120.3,2367.4,1337.9,0.746
283,11.32,B,both_agree,1614.9,361.2,2027.3,849.7,0.898
283,11.32,B,both_agree,1910.1,799.2,2138.0,1139.9,0.867
283,11.32,B,both_agree,2552.9,1004.9,2900.7,1557.1,0.747
283,11.32,B,both_agree,2236.2,1120.3,2367.4,1337.9,0.746
284,11.36,A,scrfd,1615.4,360.5,2027.2,850.2,0.897
284,11.36,A,scrfd,1912.4,799.9,2149.1,1146.0,0.854
284,11.36,A,scrfd,2564.1,993.2,2907.4,1548.6,0.765
284,11.36,A,scrfd,2255.9,1119.7,2385.4,1333.2,0.747
284,11.36,B,both_agree,1615.4,360.5,2027.2,850.2,0.897
284,11.36,B,both_agree,1912.4,799.9,2149.1,1146.0,0.854
284,11.36,B,both_agree,2564.1,993.2,2907.4,1548.6,0.765
284,11.36,B,both_agree,2255.9,1119.7,2385.4,1333.2,0.747
285,11.4,A,scrfd,1615.5,361.7,2027.4,849.5,0.896
285,11.4,A,scrfd,1918.2,794.6,2158.3,1149.2,0.825
285,11.4,A,scrfd,2564.2,969.7,2903.3,1551.0,0.766
285,11.4,A,scrfd,2273.1,1123.3,2404.3,1332.1,0.742
285,11.4,B,both_agree,1615.5,361.7,2027.4,849.5,0.896
285,11.4,B,both_agree,1918.2,794.6,2158.3,1149.2,0.825
285,11.4,B,both_agree,2564.2,969.7,2903.3,1551.0,0.766
285,11.4,B,both_agree,2273.1,1123.3,2404.3,1332.1,0.742
286,11.44,A,scrfd,1615.1,362.3,2027.9,849.7,0.897
286,11.44,A,scrfd,1926.6,795.1,2163.9,1144.1,0.841
286,11.44,A,scrfd,2293.2,1120.7,2425.9,1333.2,0.767
286,11.44,A,scrfd,2575.1,970.1,2905.9,1552.9,0.758
286,11.44,B,both_agree,1615.1,362.3,2027.9,849.7,0.897
286,11.44,B,both_agree,1926.6,795.1,2163.9,1144.1,0.841
286,11.44,B,both_agree,2293.2,1120.7,2425.9,1333.2,0.767
286,11.44,B,both_agree,2575.1,970.1,2905.9,1552.9,0.758
287,11.48,A,scrfd,1615.9,362.7,2028.6,849.8,0.897
287,11.48,A,scrfd,1939.2,800.8,2173.0,1135.2,0.863
287,11.48,A,scrfd,2579.6,990.3,2917.1,1545.1,0.747
287,11.48,A,scrfd,2308.6,1122.3,2443.4,1325.1,0.716
287,11.48,B,both_agree,1615.9,362.7,2028.6,849.8,0.897
287,11.48,B,both_agree,1939.2,800.8,2173.0,1135.2,0.863
287,11.48,B,both_agree,2579.6,990.3,2917.1,1545.1,0.747
287,11.48,B,both_agree,2308.6,1122.3,2443.4,1325.1,0.716
288,11.52,A,scrfd,1616.2,362.2,2029.6,850.4,0.899
288,11.52,A,scrfd,1945.1,793.8,2179.7,1134.3,0.865
288,11.52,A,scrfd,2327.7,1123.9,2462.8,1326.7,0.753
288,11.52,A,scrfd,2586.5,982.2,2918.0,1544.6,0.74
288,11.52,B,both_agree,1616.2,362.2,2029.6,850.4,0.899
288,11.52,B,both_agree,1945.1,793.8,2179.7,1134.3,0.865
288,11.52,B,both_agree,2327.7,1123.9,2462.8,1326.7,0.753
288,11.52,B,both_agree,2586.5,982.2,2918.0,1544.6,0.74
289,11.56,A,scrfd,1615.9,360.8,2030.6,850.6,0.9
289,11.56,A,scrfd,1951.3,791.9,2185.2,1131.0,0.872
289,11.56,A,scrfd,2350.2,1120.4,2481.6,1326.2,0.757
289,11.56,A,scrfd,2589.4,979.2,2919.1,1548.2,0.719
289,11.56,B,both_agree,1615.9,360.8,2030.6,850.6,0.9
289,11.56,B,both_agree,1951.3,791.9,2185.2,1131.0,0.872
289,11.56,B,both_agree,2350.2,1120.4,2481.6,1326.2,0.757
289,11.56,B,both_agree,2589.4,979.2,2919.1,1548.2,0.719
290,11.6,A,scrfd,1616.0,360.1,2030.9,850.8,0.901
290,11.6,A,scrfd,1955.1,788.0,2192.1,1130.1,0.859
290,11.6,A,scrfd,2365.6,1118.8,2499.9,1326.2,0.76
290,11.6,A,scrfd,2591.9,977.0,2921.7,1549.5,0.71
290,11.6,B,both_agree,1616.0,360.1,2030.9,850.8,0.901
290,11.6,B,both_agree,1955.1,788.0,2192.1,1130.1,0.859
290,11.6,B,both_agree,2365.6,1118.8,2499.9,1326.2,0.76
290,11.6,B,both_agree,2591.9,977.0,2921.7,1549.5,0.71
291,11.64,A,scrfd,1615.8,360.4,2030.7,851.0,0.902
291,11.64,A,scrfd,1960.7,778.3,2198.6,1138.4,0.831
291,11.64,A,scrfd,2391.1,1121.6,2519.4,1327.4,0.76
291,11.64,A,scrfd,2592.2,982.1,2929.9,1555.1,0.699
291,11.64,B,both_agree,1615.8,360.4,2030.7,851.0,0.902
291,11.64,B,both_agree,1960.7,778.3,2198.6,1138.4,0.831
291,11.64,B,both_agree,2391.1,1121.6,2519.4,1327.4,0.76
291,11.64,B,both_agree,2592.2,982.1,2929.9,1555.1,0.699
292,11.68,A,scrfd,1616.7,362.7,2029.8,850.3,0.901
292,11.68,A,scrfd,1963.5,767.3,2206.9,1139.8,0.818
292,11.68,A,scrfd,2592.2,992.9,2928.6,1554.4,0.703
292,11.68,A,scrfd,2405.7,1120.3,2538.2,1325.1,0.673
292,11.68,B,both_agree,1616.7,362.7,2029.8,850.3,0.901
292,11.68,B,both_agree,1963.5,767.3,2206.9,1139.8,0.818
292,11.68,B,both_agree,2592.2,992.9,2928.6,1554.4,0.703
292,11.68,B,both_agree,2405.7,1120.3,2538.2,1325.1,0.673
293,11.72,A,scrfd,1617.3,362.4,2029.9,850.0,0.902
293,11.72,A,scrfd,1966.1,763.1,2215.8,1141.4,0.839
293,11.72,A,scrfd,2428.7,1121.9,2561.0,1324.1,0.719
293,11.72,A,scrfd,2589.1,995.3,2932.7,1560.4,0.705
293,11.72,B,both_agree,1617.3,362.4,2029.9,850.0,0.902
293,11.72,B,both_agree,1966.1,763.1,2215.8,1141.4,0.839
293,11.72,B,both_agree,2428.7,1121.9,2561.0,1324.1,0.719
293,11.72,B,both_agree,2589.1,995.3,2932.7,1560.4,0.705
294,11.76,A,scrfd,1618.5,362.9,2029.9,849.4,0.902
294,11.76,A,scrfd,1978.9,761.2,2225.6,1137.7,0.83
294,11.76,A,scrfd,2447.8,1124.3,2580.3,1324.9,0.696
294,11.76,A,scrfd,2591.7,1009.1,2934.8,1560.1,0.681
294,11.76,B,both_agree,1618.5,362.9,2029.9,849.4,0.902
294,11.76,B,both_agree,1978.9,761.2,2225.6,1137.7,0.83
294,11.76,B,both_agree,2447.8,1124.3,2580.3,1324.9,0.696
294,11.76,B,both_agree,2591.7,1009.1,2934.8,1560.1,0.681
295,11.8,A,scrfd,1618.3,364.1,2030.4,848.0,0.902
295,11.8,A,scrfd,1986.5,761.5,2233.1,1134.8,0.862
295,11.8,A,scrfd,2470.3,1131.6,2598.9,1319.6,0.707
295,11.8,A,scrfd,2589.2,1007.3,2927.0,1561.6,0.66
295,11.8,B,both_agree,1618.3,364.1,2030.4,848.0,0.902
295,11.8,B,both_agree,1986.5,761.5,2233.1,1134.8,0.862
295,11.8,B,both_agree,2470.3,1131.6,2598.9,1319.6,0.707
295,11.8,B,both_agree,2589.2,1007.3,2927.0,1561.6,0.66
296,11.84,A,scrfd,1618.6,364.4,2030.4,847.8,0.902
296,11.84,A,scrfd,1992.0,751.8,2242.8,1131.6,0.854
296,11.84,A,scrfd,2493.5,1131.7,2622.2,1327.5,0.681
296,11.84,A,scrfd,2587.0,1041.6,2925.7,1566.8,0.667
296,11.84,B,both_agree,1618.6,364.4,2030.4,847.8,0.902
296,11.84,B,both_agree,1992.0,751.8,2242.8,1131.6,0.854
296,11.84,B,both_agree,2493.5,1131.7,2622.2,1327.5,0.681
296,11.84,B,both_agree,2587.0,1041.6,2925.7,1566.8,0.667
297,11.88,A,scrfd,1618.1,366.5,2030.6,847.3,0.901
297,11.88,A,scrfd,2009.7,747.5,2251.8,1128.2,0.824
297,11.88,A,scrfd,2591.1,1046.2,2924.3,1562.2,0.63
297,11.88,A,scrfd,2510.5,1129.5,2627.1,1324.0,0.582
297,11.88,B,both_agree,1618.1,366.5,2030.6,847.3,0.901
297,11.88,B,both_agree,2009.7,747.5,2251.8,1128.2,0.824
297,11.88,B,both_agree,2591.1,1046.2,2924.3,1562.2,0.63
297,11.88,B,both_agree,2510.5,1129.5,2627.1,1324.0,0.582
298,11.92,A,scrfd,1617.5,364.0,2030.7,848.7,0.902
298,11.92,A,scrfd,2007.7,745.7,2263.0,1150.3,0.808
298,11.92,A,scrfd,2585.9,1068.3,2919.3,1566.0,0.64
298,11.92,B,both_agree,1617.5,364.0,2030.7,848.7,0.902
298,11.92,B,both_agree,2007.7,745.7,2263.0,1150.3,0.808
298,11.92,B,both_agree,2585.9,1068.3,2919.3,1566.0,0.64
299,11.96,A,scrfd,1617.2,357.6,2030.2,850.6,0.901
299,11.96,A,scrfd,2017.3,744.7,2269.9,1147.0,0.803
299,11.96,A,scrfd,2582.7,1056.9,2919.8,1565.2,0.652
299,11.96,B,both_agree,1617.2,357.6,2030.2,850.6,0.901
299,11.96,B,both_agree,2017.3,744.7,2269.9,1147.0,0.803
299,11.96,B,both_agree,2582.7,1056.9,2919.8,1565.2,0.652
300,12.0,A,scrfd,1616.5,357.7,2029.6,851.0,0.901
300,12.0,A,scrfd,2026.0,741.7,2280.1,1133.9,0.811
300,12.0,A,scrfd,2581.6,1012.0,2916.8,1563.2,0.656
300,12.0,B,both_agree,1616.5,357.7,2029.6,851.0,0.901
300,12.0,B,both_agree,2026.0,741.7,2280.1,1133.9,0.811
300,12.0,B,both_agree,2581.6,1012.0,2916.8,1563.2,0.656
301,12.04,A,scrfd,1615.2,358.2,2029.9,851.6,0.901
301,12.04,A,scrfd,2033.0,736.2,2291.4,1134.7,0.817
301,12.04,A,scrfd,2583.9,989.0,2916.1,1572.5,0.69
301,12.04,B,both_agree,1615.2,358.2,2029.9,851.6,0.901
301,12.04,B,both_agree,2033.0,736.2,2291.4,1134.7,0.817
301,12.04,B,both_agree,2583.9,989.0,2916.1,1572.5,0.69
302,12.08,A,scrfd,1614.5,358.9,2028.0,851.6,0.901
302,12.08,A,scrfd,2043.0,727.6,2299.9,1133.4,0.803
302,12.08,A,scrfd,2582.8,982.4,2910.7,1577.1,0.687
302,12.08,B,both_agree,1614.5,358.9,2028.0,851.6,0.901
302,12.08,B,both_agree,2043.0,727.6,2299.9,1133.4,0.803
302,12.08,B,both_agree,2582.8,982.4,2910.7,1577.1,0.687
303,12.12,A,scrfd,1613.0,356.4,2027.7,852.5,0.901
303,12.12,A,scrfd,2052.0,731.2,2307.1,1137.6,0.736
303,12.12,A,scrfd,2587.1,993.2,2922.6,1565.7,0.687
303,12.12,B,both_agree,1613.0,356.4,2027.7,852.5,0.901
303,12.12,B,both_agree,2052.0,731.2,2307.1,1137.6,0.736
303,12.12,B,both_agree,2587.1,993.2,2922.6,1565.7,0.687
304,12.16,A,scrfd,1611.5,356.4,2026.2,852.4,0.898
304,12.16,A,scrfd,2067.9,730.3,2314.1,1122.3,0.829
304,12.16,A,scrfd,2581.0,974.8,2916.9,1559.1,0.726
304,12.16,B,both_agree,1611.5,356.4,2026.2,852.4,0.898
304,12.16,B,both_agree,2067.9,730.3,2314.1,1122.3,0.829
304,12.16,B,both_agree,2581.0,974.8,2916.9,1559.1,0.726
305,12.2,A,scrfd,1610.1,357.5,2025.9,853.7,0.898
305,12.2,A,scrfd,2076.5,730.2,2320.7,1118.0,0.839
305,12.2,A,scrfd,2579.9,975.6,2913.8,1553.0,0.715
305,12.2,B,both_agree,1610.1,357.5,2025.9,853.7,0.898
305,12.2,B,both_agree,2076.5,730.2,2320.7,1118.0,0.839
305,12.2,B,both_agree,2579.9,975.6,2913.8,1553.0,0.715
306,12.24,A,scrfd,1608.7,358.4,2025.4,854.1,0.898
306,12.24,A,scrfd,2087.5,727.8,2329.0,1120.6,0.822
306,12.24,A,scrfd,2576.6,964.5,2907.8,1550.8,0.738
306,12.24,B,both_agree,1608.7,358.4,2025.4,854.1,0.898
306,12.24,B,both_agree,2087.5,727.8,2329.0,1120.6,0.822
306,12.24,B,both_agree,2576.6,964.5,2907.8,1550.8,0.738
307,12.28,A,scrfd,1608.1,358.7,2022.9,853.8,0.896
307,12.28,A,scrfd,2094.5,728.1,2338.8,1111.9,0.812
307,12.28,A,scrfd,2582.3,986.4,2911.9,1543.9,0.713
307,12.28,B,both_agree,1608.1,358.7,2022.9,853.8,0.896
307,12.28,B,both_agree,2094.5,728.1,2338.8,1111.9,0.812
307,12.28,B,both_agree,2582.3,986.4,2911.9,1543.9,0.713
308,12.32,A,scrfd,1608.5,361.4,2019.0,852.0,0.893
308,12.32,A,scrfd,2098.2,721.9,2349.2,1115.9,0.777
308,12.32,A,scrfd,2584.0,984.3,2910.9,1533.9,0.698
308,12.32,B,both_agree,1608.5,361.4,2019.0,852.0,0.893
308,12.32,B,scrfd_only,2098.2,721.9,2349.2,1115.9,0.777
308,12.32,B,both_agree,2584.0,984.3,2910.9,1533.9,0.698
309,12.36,A,scrfd,1607.6,362.8,2019.0,852.0,0.895
309,12.36,A,scrfd,2106.8,724.0,2356.5,1111.9,0.762
309,12.36,A,scrfd,2576.4,990.4,2908.7,1519.1,0.693
309,12.36,B,both_agree,1607.6,362.8,2019.0,852.0,0.895
309,12.36,B,both_agree,2106.8,724.0,2356.5,1111.9,0.762
309,12.36,B,both_agree,2576.4,990.4,2908.7,1519.1,0.693
310,12.4,A,scrfd,1606.6,362.5,2018.0,851.8,0.893
310,12.4,A,scrfd,2115.5,730.1,2363.4,1095.5,0.797
310,12.4,A,scrfd,2579.6,981.6,2904.9,1529.1,0.673
310,12.4,B,both_agree,1606.6,362.5,2018.0,851.8,0.893
310,12.4,B,both_agree,2115.5,730.1,2363.4,1095.5,0.797
310,12.4,B,both_agree,2579.6,981.6,2904.9,1529.1,0.673
311,12.44,A,scrfd,1605.1,360.9,2017.9,852.8,0.893
311,12.44,A,scrfd,2122.6,728.5,2372.4,1097.9,0.776
311,12.44,A,scrfd,2578.7,985.3,2904.7,1524.8,0.662
311,12.44,B,both_agree,1605.1,360.9,2017.9,852.8,0.893
311,12.44,B,both_agree,2122.6,728.5,2372.4,1097.9,0.776
311,12.44,B,both_agree,2578.7,985.3,2904.7,1524.8,0.662
312,12.48,A,scrfd,1604.2,358.6,2017.5,853.5,0.893
312,12.48,A,scrfd,2129.8,723.4,2383.0,1101.0,0.757
312,12.48,A,scrfd,2574.7,976.8,2904.0,1516.8,0.677
312,12.48,B,both_agree,1604.2,358.6,2017.5,853.5,0.893
312,12.48,B,both_agree,2129.8,723.4,2383.0,1101.0,0.757
312,12.48,B,both_agree,2574.7,976.8,2904.0,1516.8,0.677
313,12.52,A,scrfd,1604.0,360.4,2016.2,852.5,0.894
313,12.52,A,scrfd,2145.8,720.9,2393.6,1103.9,0.742
313,12.52,A,scrfd,2568.2,970.7,2901.6,1506.5,0.683
313,12.52,B,both_agree,1604.0,360.4,2016.2,852.5,0.894
313,12.52,B,both_agree,2145.8,720.9,2393.6,1103.9,0.742
313,12.52,B,both_agree,2568.2,970.7,2901.6,1506.5,0.683
314,12.56,A,scrfd,1603.7,359.5,2014.6,852.6,0.893
314,12.56,A,scrfd,2144.9,712.0,2406.1,1121.5,0.709
314,12.56,A,scrfd,2569.6,965.6,2897.9,1514.4,0.665
314,12.56,B,both_agree,1603.7,359.5,2014.6,852.6,0.893
314,12.56,B,both_agree,2144.9,712.0,2406.1,1121.5,0.709
314,12.56,B,both_agree,2569.6,965.6,2897.9,1514.4,0.665
315,12.6,A,scrfd,1602.9,361.0,2014.4,851.4,0.894
315,12.6,A,scrfd,2155.7,716.9,2410.4,1102.4,0.771
315,12.6,A,scrfd,2573.9,993.4,2900.8,1512.6,0.632
315,12.6,B,both_agree,1602.9,361.0,2014.4,851.4,0.894
315,12.6,B,both_agree,2155.7,716.9,2410.4,1102.4,0.771
315,12.6,B,both_agree,2573.9,993.4,2900.8,1512.6,0.632
316,12.64,A,scrfd,1603.3,360.2,2014.1,850.1,0.894
316,12.64,A,scrfd,2162.1,719.0,2420.1,1102.5,0.756
316,12.64,A,scrfd,2569.9,984.4,2900.8,1507.7,0.681
316,12.64,B,both_agree,1603.3,360.2,2014.1,850.1,0.894
316,12.64,B,both_agree,2162.1,719.0,2420.1,1102.5,0.756
316,12.64,B,both_agree,2569.9,984.4,2900.8,1507.7,0.681
317,12.68,A,scrfd,1602.5,359.8,2013.8,849.6,0.895
317,12.68,A,scrfd,2175.8,716.6,2433.8,1102.1,0.79
317,12.68,A,scrfd,2568.3,1006.6,2911.0,1501.9,0.669
317,12.68,B,both_agree,1602.5,359.8,2013.8,849.6,0.895
317,12.68,B,both_agree,2175.8,716.6,2433.8,1102.1,0.79
317,12.68,B,both_agree,2568.3,1006.6,2911.0,1501.9,0.669
318,12.72,A,scrfd,1602.2,356.6,2013.2,849.3,0.896
318,12.72,A,scrfd,2182.7,710.2,2443.9,1117.4,0.771
318,12.72,A,scrfd,2569.6,1000.6,2914.1,1517.0,0.675
318,12.72,B,both_agree,1602.2,356.6,2013.2,849.3,0.896
318,12.72,B,both_agree,2182.7,710.2,2443.9,1117.4,0.771
318,12.72,B,both_agree,2569.6,1000.6,2914.1,1517.0,0.675
319,12.76,A,scrfd,1602.1,358.1,2012.7,848.2,0.895
319,12.76,A,scrfd,2190.6,713.4,2459.8,1113.0,0.776
319,12.76,A,scrfd,2568.3,1004.9,2923.1,1524.7,0.661
319,12.76,B,both_agree,1602.1,358.1,2012.7,848.2,0.895
319,12.76,B,both_agree,2190.6,713.4,2459.8,1113.0,0.776
319,12.76,B,both_agree,2568.3,1004.9,2923.1,1524.7,0.661
320,12.8,A,scrfd,1602.5,356.5,2012.7,848.0,0.896
320,12.8,A,scrfd,2201.7,716.8,2464.1,1111.8,0.725
320,12.8,A,scrfd,2570.0,1043.0,2943.1,1521.0,0.665
320,12.8,B,both_agree,1602.5,356.5,2012.7,848.0,0.896
320,12.8,B,both_agree,2201.7,716.8,2464.1,1111.8,0.725
320,12.8,B,both_agree,2570.0,1043.0,2943.1,1521.0,0.665
321,12.84,A,scrfd,1602.0,356.0,2012.9,848.2,0.896
321,12.84,A,scrfd,2209.9,718.2,2476.6,1109.7,0.741
321,12.84,A,scrfd,2562.5,1025.1,2946.8,1524.8,0.703
321,12.84,B,both_agree,1602.0,356.0,2012.9,848.2,0.896
321,12.84,B,both_agree,2209.9,718.2,2476.6,1109.7,0.741
321,12.84,B,both_agree,2562.5,1025.1,2946.8,1524.8,0.703
322,12.88,A,scrfd,1601.4,355.7,2012.4,848.4,0.896
322,12.88,A,scrfd,2223.1,715.5,2486.3,1111.3,0.728
322,12.88,A,scrfd,2557.1,1009.4,2947.3,1527.9,0.72
322,12.88,B,both_agree,1601.4,355.7,2012.4,848.4,0.896
322,12.88,B,both_agree,2223.1,715.5,2486.3,1111.3,0.728
322,12.88,B,both_agree,2557.1,1009.4,2947.3,1527.9,0.72
323,12.92,A,scrfd,1600.9,358.4,2011.9,849.0,0.896
323,12.92,A,scrfd,2553.6,997.5,2952.2,1526.3,0.741
323,12.92,A,scrfd,2228.6,708.6,2502.4,1107.5,0.719
323,12.92,B,both_agree,1600.9,358.4,2011.9,849.0,0.896
323,12.92,B,both_agree,2553.6,997.5,2952.2,1526.3,0.741
323,12.92,B,both_agree,2228.6,708.6,2502.4,1107.5,0.719
324,12.96,A,scrfd,1600.5,356.5,2011.7,851.6,0.897
324,12.96,A,scrfd,2551.9,999.3,2952.1,1525.6,0.735
324,12.96,A,scrfd,2231.0,707.0,2509.6,1111.0,0.7
324,12.96,B,both_agree,1600.5,356.5,2011.7,851.6,0.897
324,12.96,B,both_agree,2551.9,999.3,2952.1,1525.6,0.735
324,12.96,B,both_agree,2231.0,707.0,2509.6,1111.0,0.7
325,13.0,A,scrfd,1600.5,355.6,2011.7,851.6,0.896
325,13.0,A,scrfd,2559.9,1011.8,2962.3,1527.9,0.75
325,13.0,A,scrfd,2273.6,715.1,2509.2,1092.7,0.615
325,13.0,B,both_agree,1600.5,355.6,2011.7,851.6,0.896
325,13.0,B,both_agree,2559.9,1011.8,2962.3,1527.9,0.75
325,13.0,B,both_agree,2273.6,715.1,2509.2,1092.7,0.615
326,13.04,A,scrfd,1600.9,349.1,2010.4,853.6,0.892
326,13.04,A,scrfd,2568.0,1006.1,2955.7,1533.3,0.741
326,13.04,A,scrfd,2259.0,711.4,2536.7,1101.8,0.655
326,13.04,B,both_agree,1600.9,349.1,2010.4,853.6,0.892
326,13.04,B,both_agree,2568.0,1006.1,2955.7,1533.3,0.741
326,13.04,B,both_agree,2259.0,711.4,2536.7,1101.8,0.655
327,13.08,A,scrfd,1601.6,347.3,2009.5,854.2,0.891
327,13.08,A,scrfd,2571.5,989.7,2952.2,1532.9,0.741
327,13.08,A,scrfd,2276.1,705.8,2550.5,1088.3,0.501
327,13.08,B,both_agree,1601.6,347.3,2009.5,854.2,0.891
327,13.08,B,both_agree,2571.5,989.7,2952.2,1532.9,0.741
327,13.08,B,both_agree,2276.1,705.8,2550.5,1088.3,0.501
328,13.12,A,scrfd,1600.6,350.7,2009.4,853.7,0.891
328,13.12,A,scrfd,2581.2,989.4,2949.5,1530.0,0.743
328,13.12,A,orphan_safetynet,1854.7,610.8,2815.2,1126.7,0.82
328,13.12,B,both_agree,1600.6,350.7,2009.4,853.7,0.891
328,13.12,B,both_agree,2581.2,989.4,2949.5,1530.0,0.743
328,13.12,B,yoloface_only,2285.0,712.8,2549.8,1079.9,0.663
329,13.16,A,scrfd,1600.4,361.2,2009.0,851.9,0.895
329,13.16,A,scrfd,2299.0,723.3,2557.4,1077.4,0.775
329,13.16,A,scrfd,2585.7,1018.9,2956.5,1519.7,0.732
329,13.16,B,both_agree,1600.4,361.2,2009.0,851.9,0.895
329,13.16,B,both_agree,2299.0,723.3,2557.4,1077.4,0.775
329,13.16,B,both_agree,2585.7,1018.9,2956.5,1519.7,0.732
330,13.2,A,scrfd,1600.3,357.6,2008.2,852.2,0.893
330,13.2,A,scrfd,2314.5,713.2,2573.3,1088.3,0.832
330,13.2,A,scrfd,2575.7,1007.9,2958.2,1513.0,0.737
330,13.2,B,both_agree,1600.3,357.6,2008.2,852.2,0.893
330,13.2,B,both_agree,2314.5,713.2,2573.3,1088.3,0.832
330,13.2,B,both_agree,2575.7,1007.9,2958.2,1513.0,0.737
331,13.24,A,scrfd,1599.6,355.9,2007.3,852.1,0.892
331,13.24,A,scrfd,2324.3,708.5,2582.7,1095.1,0.852
331,13.24,A,scrfd,2554.8,990.1,2959.0,1515.1,0.771
331,13.24,B,both_agree,1599.6,355.9,2007.3,852.1,0.892
331,13.24,B,both_agree,2324.3,708.5,2582.7,1095.1,0.852
331,13.24,B,both_agree,2554.8,990.1,2959.0,1515.1,0.771
332,13.28,A,scrfd,1599.5,353.8,2007.2,851.7,0.893
332,13.28,A,scrfd,2334.7,704.3,2592.9,1096.9,0.844
332,13.28,A,scrfd,2565.8,1016.6,2955.5,1500.7,0.73
332,13.28,B,both_agree,1599.5,353.8,2007.2,851.7,0.893
332,13.28,B,both_agree,2334.7,704.3,2592.9,1096.9,0.844
332,13.28,B,both_agree,2565.8,1016.6,2955.5,1500.7,0.73
333,13.32,A,scrfd,1599.2,353.3,2007.3,851.1,0.892
333,13.32,A,scrfd,2341.8,706.0,2602.3,1095.4,0.811
333,13.32,A,scrfd,2578.2,1020.6,2953.4,1504.9,0.723
333,13.32,B,both_agree,1599.2,353.3,2007.3,851.1,0.892
333,13.32,B,both_agree,2341.8,706.0,2602.3,1095.4,0.811
333,13.32,B,both_agree,2578.2,1020.6,2953.4,1504.9,0.723
334,13.36,A,scrfd,1599.4,351.1,2007.2,850.4,0.891
334,13.36,A,scrfd,2351.4,709.7,2617.5,1092.6,0.841
334,13.36,A,scrfd,2582.4,1005.2,2961.7,1513.6,0.746
334,13.36,B,both_agree,1599.4,351.1,2007.2,850.4,0.891
334,13.36,B,both_agree,2351.4,709.7,2617.5,1092.6,0.841
334,13.36,B,both_agree,2582.4,1005.2,2961.7,1513.6,0.746
335,13.4,A,scrfd,1600.1,351.5,2007.2,848.6,0.89
335,13.4,A,scrfd,2361.4,705.5,2626.8,1095.4,0.846
335,13.4,A,scrfd,2574.7,1022.4,2974.2,1514.5,0.765
335,13.4,B,both_agree,1600.1,351.5,2007.2,848.6,0.89
335,13.4,B,both_agree,2361.4,705.5,2626.8,1095.4,0.846
335,13.4,B,both_agree,2574.7,1022.4,2974.2,1514.5,0.765
336,13.44,A,scrfd,1601.5,350.8,2007.6,848.2,0.89
336,13.44,A,scrfd,2375.0,700.2,2637.0,1097.3,0.838
336,13.44,A,scrfd,2573.8,1015.1,2977.5,1519.6,0.779
336,13.44,B,both_agree,1601.5,350.8,2007.6,848.2,0.89
336,13.44,B,both_agree,2375.0,700.2,2637.0,1097.3,0.838
336,13.44,B,both_agree,2573.8,1015.1,2977.5,1519.6,0.779
337,13.48,A,scrfd,1603.8,351.0,2009.6,848.0,0.888
337,13.48,A,scrfd,2386.9,698.4,2646.9,1094.7,0.811
337,13.48,A,scrfd,2584.8,1020.9,2976.4,1509.9,0.714
337,13.48,B,both_agree,1603.8,351.0,2009.6,848.0,0.888
337,13.48,B,both_agree,2386.9,698.4,2646.9,1094.7,0.811
337,13.48,B,both_agree,2584.8,1020.9,2976.4,1509.9,0.714
338,13.52,A,scrfd,1604.5,350.4,2012.4,846.3,0.887
338,13.52,A,scrfd,2396.4,701.6,2662.5,1089.2,0.802
338,13.52,A,scrfd,2599.5,1029.3,2965.0,1497.7,0.674
338,13.52,B,both_agree,1604.5,350.4,2012.4,846.3,0.887
338,13.52,B,both_agree,2396.4,701.6,2662.5,1089.2,0.802
338,13.52,B,both_agree,2599.5,1029.3,2965.0,1497.7,0.674
339,13.56,A,scrfd,1606.7,350.1,2013.9,845.3,0.888
339,13.56,A,scrfd,2411.3,699.1,2671.8,1090.3,0.829
339,13.56,A,scrfd,2599.4,999.4,2979.6,1497.0,0.74
339,13.56,B,both_agree,1606.7,350.1,2013.9,845.3,0.888
339,13.56,B,both_agree,2411.3,699.1,2671.8,1090.3,0.829
339,13.56,B,both_agree,2599.4,999.4,2979.6,1497.0,0.74
340,13.6,A,scrfd,1607.3,348.3,2015.6,843.1,0.888
340,13.6,A,scrfd,2418.6,693.5,2685.0,1092.1,0.827
340,13.6,A,scrfd,2610.8,1003.0,2994.8,1485.9,0.735
340,13.6,A,orphan_safetynet,3395.2,1096.6,3581.4,1141.2,0.417
340,13.6,B,both_agree,1607.3,348.3,2015.6,843.1,0.888
340,13.6,B,both_agree,2418.6,693.5,2685.0,1092.1,0.827
340,13.6,B,both_agree,2610.8,1003.0,2994.8,1485.9,0.735
341,13.64,A,scrfd,1608.0,348.9,2017.6,842.0,0.888
341,13.64,A,scrfd,2431.8,690.4,2691.2,1086.0,0.811
341,13.64,A,scrfd,2612.0,993.9,2994.9,1492.4,0.743
341,13.64,A,orphan_safetynet,3388.9,1094.9,3607.2,1143.2,0.517
341,13.64,B,both_agree,1608.0,348.9,2017.6,842.0,0.888
341,13.64,B,both_agree,2431.8,690.4,2691.2,1086.0,0.811
341,13.64,B,both_agree,2612.0,993.9,2994.9,1492.4,0.743
342,13.68,A,scrfd,1608.8,348.7,2018.9,842.0,0.89
342,13.68,A,scrfd,2444.0,693.4,2700.0,1082.5,0.802
342,13.68,A,scrfd,2627.9,1008.4,2994.2,1473.6,0.666
342,13.68,A,orphan_safetynet,3387.8,1088.8,3633.5,1142.5,0.672
342,13.68,B,both_agree,1608.8,348.7,2018.9,842.0,0.89
342,13.68,B,both_agree,2444.0,693.4,2700.0,1082.5,0.802
342,13.68,B,both_agree,2627.9,1008.4,2994.2,1473.6,0.666
343,13.72,A,scrfd,1608.7,348.7,2018.9,842.6,0.889
343,13.72,A,scrfd,2452.3,693.2,2710.9,1080.0,0.823
343,13.72,A,scrfd,2635.7,981.4,2995.3,1480.4,0.636
343,13.72,A,scrfd,3484.1,1125.2,3638.6,1339.0,0.558
343,13.72,B,both_agree,1608.7,348.7,2018.9,842.6,0.889
343,13.72,B,both_agree,2452.3,693.2,2710.9,1080.0,0.823
343,13.72,B,both_agree,2635.7,981.4,2995.3,1480.4,0.636
343,13.72,B,both_agree,3484.1,1125.2,3638.6,1339.0,0.558
344,13.76,A,scrfd,1608.6,346.9,2018.4,845.8,0.89
344,13.76,A,scrfd,2463.9,688.6,2720.7,1079.2,0.852
344,13.76,A,scrfd,2626.1,971.5,3006.5,1471.5,0.692
344,13.76,A,scrfd,3494.9,1121.5,3655.4,1343.2,0.628
344,13.76,B,both_agree,1608.6,346.9,2018.4,845.8,0.89
344,13.76,B,both_agree,2463.9,688.6,2720.7,1079.2,0.852
344,13.76,B,both_agree,2626.1,971.5,3006.5,1471.5,0.692
344,13.76,B,both_agree,3494.9,1121.5,3655.4,1343.2,0.628
345,13.8,A,scrfd,1607.4,347.7,2016.7,848.0,0.891
345,13.8,A,scrfd,2472.2,685.7,2728.1,1076.8,0.832
345,13.8,A,scrfd,2620.4,934.7,3015.9,1488.1,0.767
345,13.8,A,scrfd,3506.7,1122.1,3680.5,1357.9,0.656
345,13.8,B,both_agree,1607.4,347.7,2016.7,848.0,0.891
345,13.8,B,both_agree,2472.2,685.7,2728.1,1076.8,0.832
345,13.8,B,both_agree,2620.4,934.7,3015.9,1488.1,0.767
345,13.8,B,both_agree,3506.7,1122.1,3680.5,1357.9,0.656
346,13.84,A,scrfd,1606.8,349.1,2014.5,848.5,0.89
346,13.84,A,scrfd,2482.1,682.9,2736.3,1075.0,0.826
346,13.84,A,scrfd,2633.5,934.6,3015.1,1448.0,0.686
346,13.84,A,scrfd,3520.8,1119.1,3696.2,1364.4,0.671
346,13.84,B,both_agree,1606.8,349.1,2014.5,848.5,0.89
346,13.84,B,both_agree,2482.1,682.9,2736.3,1075.0,0.826
346,13.84,B,both_agree,2633.5,934.6,3015.1,1448.0,0.686
346,13.84,B,both_agree,3520.8,1119.1,3696.2,1364.4,0.671
347,13.88,A,scrfd,1605.0,349.8,2013.6,848.8,0.889
347,13.88,A,scrfd,2487.1,678.8,2743.3,1072.3,0.802
347,13.88,A,scrfd,2648.0,914.9,3015.7,1456.0,0.718
347,13.88,A,scrfd,3541.2,1124.2,3711.3,1350.1,0.707
347,13.88,B,both_agree,1605.0,349.8,2013.6,848.8,0.889
347,13.88,B,both_agree,2487.1,678.8,2743.3,1072.3,0.802
347,13.88,B,both_agree,2648.0,914.9,3015.7,1456.0,0.718
347,13.88,B,both_agree,3541.2,1124.2,3711.3,1350.1,0.707
348,13.92,A,scrfd,1604.2,349.9,2011.4,849.3,0.888
348,13.92,A,scrfd,2494.9,678.8,2752.3,1067.8,0.811
348,13.92,A,scrfd,2640.2,891.8,3015.8,1468.5,0.749
348,13.92,A,scrfd,3558.7,1124.9,3732.9,1358.5,0.734
348,13.92,B,both_agree,1604.2,349.9,2011.4,849.3,0.888
348,13.92,B,both_agree,2494.9,678.8,2752.3,1067.8,0.811
348,13.92,B,both_agree,2640.2,891.8,3015.8,1468.5,0.749
348,13.92,B,both_agree,3558.7,1124.9,3732.9,1358.5,0.734
349,13.96,A,scrfd,1603.5,347.4,2010.0,850.2,0.887
349,13.96,A,scrfd,2496.5,677.1,2761.9,1065.9,0.82
349,13.96,A,scrfd,2643.7,859.9,3020.5,1466.8,0.731
349,13.96,A,scrfd,3573.8,1125.6,3751.4,1367.7,0.717
349,13.96,B,both_agree,1603.5,347.4,2010.0,850.2,0.887
349,13.96,B,both_agree,2496.5,677.1,2761.9,1065.9,0.82
349,13.96,B,both_agree,2643.7,859.9,3020.5,1466.8,0.731
349,13.96,B,both_agree,3573.8,1125.6,3751.4,1367.7,0.717
350,14.0,A,scrfd,1602.7,350.3,2009.6,849.7,0.887
350,14.0,A,scrfd,2508.9,670.7,2774.4,1065.0,0.827
350,14.0,A,scrfd,3593.8,1133.1,3771.4,1359.3,0.745
350,14.0,A,scrfd,2648.1,878.5,3043.4,1439.2,0.736
350,14.0,B,both_agree,1602.7,350.3,2009.6,849.7,0.887
350,14.0,B,both_agree,2508.9,670.7,2774.4,1065.0,0.827
350,14.0,B,both_agree,3593.8,1133.1,3771.4,1359.3,0.745
350,14.0,B,both_agree,2648.1,878.5,3043.4,1439.2,0.736
351,14.04,A,scrfd,1602.7,348.4,2009.3,849.7,0.89
351,14.04,A,scrfd,2517.0,661.5,2784.8,1068.0,0.787
351,14.04,A,scrfd,3611.1,1133.5,3796.4,1373.1,0.745
351,14.04,A,scrfd,2664.2,904.5,3054.4,1430.2,0.74
351,14.04,B,both_agree,1602.7,348.4,2009.3,849.7,0.89
351,14.04,B,both_agree,2517.0,661.5,2784.8,1068.0,0.787
351,14.04,B,both_agree,3611.1,1133.5,3796.4,1373.1,0.745
351,14.04,B,both_agree,2664.2,904.5,3054.4,1430.2,0.74
352,14.08,A,scrfd,1602.3,346.2,2009.2,850.2,0.89
352,14.08,A,scrfd,2525.9,658.4,2794.3,1066.0,0.767
352,14.08,A,scrfd,2674.6,894.0,3053.3,1415.0,0.696
352,14.08,A,scrfd,3636.1,1145.3,3810.9,1360.8,0.695
352,14.08,B,both_agree,1602.3,346.2,2009.2,850.2,0.89
352,14.08,B,both_agree,2525.9,658.4,2794.3,1066.0,0.767
352,14.08,B,both_agree,2674.6,894.0,3053.3,1415.0,0.696
352,14.08,B,both_agree,3636.1,1145.3,3810.9,1360.8,0.695
353,14.12,A,scrfd,1602.1,346.1,2008.9,849.8,0.891
353,14.12,A,scrfd,2526.4,655.2,2797.5,1067.4,0.748
353,14.12,A,scrfd,2683.1,881.6,3064.6,1405.5,0.723
353,14.12,A,scrfd,3655.3,1144.3,3836.7,1375.8,0.7
353,14.12,B,both_agree,1602.1,346.1,2008.9,849.8,0.891
353,14.12,B,both_agree,2526.4,655.2,2797.5,1067.4,0.748
353,14.12,B,both_agree,2683.1,881.6,3064.6,1405.5,0.723
353,14.12,B,both_agree,3655.3,1144.3,3836.7,1375.8,0.7
354,14.16,A,scrfd,1601.3,345.7,2008.1,848.8,0.892
354,14.16,A,scrfd,2533.4,662.5,2811.8,1061.8,0.743
354,14.16,A,scrfd,2685.1,878.4,3064.8,1399.7,0.723
354,14.16,A,scrfd,3671.2,1152.3,3840,1365.0,0.637
354,14.16,B,both_agree,1601.3,345.7,2008.1,848.8,0.892
354,14.16,B,both_agree,2533.4,662.5,2811.8,1061.8,0.743
354,14.16,B,both_agree,2685.1,878.4,3064.8,1399.7,0.723
354,14.16,B,both_agree,3671.2,1152.3,3840,1365.0,0.637
355,14.2,A,scrfd,1600.6,346.6,2007.6,847.9,0.891
355,14.2,A,scrfd,2538.2,661.9,2818.4,1058.9,0.779
355,14.2,A,scrfd,2683.4,854.0,3080.2,1399.7,0.755
355,14.2,A,scrfd,3690.6,1150.2,3840,1369.0,0.636
355,14.2,B,both_agree,1600.6,346.6,2007.6,847.9,0.891
355,14.2,B,both_agree,2538.2,661.9,2818.4,1058.9,0.779
355,14.2,B,both_agree,2683.4,854.0,3080.2,1399.7,0.755
355,14.2,B,scrfd_only,3690.6,1150.2,3840,1369.0,0.636
356,14.24,A,scrfd,1600.2,345.8,2007.3,847.6,0.892
356,14.24,A,scrfd,2694.4,850.7,3086.7,1393.2,0.752
356,14.24,A,scrfd,2547.5,656.1,2827.9,1056.3,0.746
356,14.24,A,scrfd,3703.8,1142.0,3840,1386.2,0.583
356,14.24,B,both_agree,1600.2,345.8,2007.3,847.6,0.892
356,14.24,B,both_agree,2694.4,850.7,3086.7,1393.2,0.752
356,14.24,B,both_agree,2547.5,656.1,2827.9,1056.3,0.746
356,14.24,B,both_agree,3703.8,1142.0,3840,1386.2,0.583
357,14.28,A,scrfd,1599.2,340.5,2006.6,850.1,0.893
357,14.28,A,scrfd,2702.4,832.5,3094.6,1400.9,0.758
357,14.28,A,scrfd,2545.2,656.6,2830.9,1053.5,0.679
357,14.28,A,orphan_safetynet,3668.7,1115.3,3840,1167.3,0.648
357,14.28,A,orphan_safetynet,3663.5,1103.8,3840,1233.8,0.435
357,14.28,B,both_agree,1599.2,340.5,2006.6,850.1,0.893
357,14.28,B,both_agree,2702.4,832.5,3094.6,1400.9,0.758
357,14.28,B,both_agree,2545.2,656.6,2830.9,1053.5,0.679
