2026-07-06T09:18:10.4452854Z State: Starting, Action: EstablishingSiteNetworks, LastError: , LastErrorTimestamp: 01/01/0001 00:00:00, LastErrorDetails: , Details: , DetailsLevel: INFO
2026-07-06T09:18:13.5811709Z State: Starting, Action: StartingSiteContainers, LastError: , LastErrorTimestamp: 01/01/0001 00:00:00, LastErrorDetails: , Details: , DetailsLevel: INFO
2026-07-06T09:18:13.6098056Z Container start method called.
2026-07-06T09:18:13.6392647Z State: Starting, Action: PullingImage, LastError: , LastErrorTimestamp: 01/01/0001 00:00:00, LastErrorDetails: , Details: Pulling image qsaidacr.azurecr.io/qsaid-wi-api:latest for qsaid-wi-api., DetailsLevel: INFO
2026-07-06T09:18:13.6394722Z Establishing network.
2026-07-06T09:18:13.6407137Z Pulling image: qsaidacr.azurecr.io/qsaid-wi-api:latest.
2026-07-06T09:18:15.6204519Z Container pull image failed with reason: ImagePullFailure. Revert by terminate.
2026-07-06T09:18:15.6493272Z Container is terminating. Grace period: 5 seconds.
2026-07-06T09:18:15.6510241Z Container spec TerminationMessagePolicy  path 
2026-07-06T09:18:15.6690639Z Container is terminated. Total time elapsed: 10 ms.
2026-07-06T09:18:15.6695628Z Site container: qsaid-wi-api terminated during site startup.
2026-07-06T09:18:15.6710351Z State: Stopping, Action: CancellingStartup, LastError: , LastErrorTimestamp: 01/01/0001 00:00:00, LastErrorDetails: , Details: Site container: qsaid-wi-api terminated during site startup. Cancelling site startup., DetailsLevel: ERR
2026-07-06T09:18:15.7612638Z State: Stopping, Action: CancellingStartup, LastError: ImagePullUnauthorizedFailure, LastErrorTimestamp: 07/06/2026 09:18:15, LastErrorDetails: Failed to pull image: qsaidacr.azurecr.io/qsaid-wi-api:latest. Image pull failed with forbidden or unauthorized. Check registry credentials., Details: Site container: qsaid-wi-api terminated during site startup. Cancelling site startup., DetailsLevel: ERR
2026-07-06T09:18:15.8214782Z Failed to start site. Revert by stopping site.
2026-07-06T09:18:15.8534237Z State: Stopping, Action: StoppingSite, LastError: ImagePullUnauthorizedFailure, LastErrorTimestamp: 07/06/2026 09:18:15, LastErrorDetails: Failed to pull image: qsaidacr.azurecr.io/qsaid-wi-api:latest. Image pull failed with forbidden or unauthorized. Check registry credentials., Details: Site container: qsaid-wi-api terminated during site startup. Cancelling site startup., DetailsLevel: ERR
2026-07-06T09:18:15.8696311Z State: Stopping, Action: StoppingSiteContainers, LastError: ImagePullUnauthorizedFailure, LastErrorTimestamp: 07/06/2026 09:18:15, LastErrorDetails: Failed to pull image: qsaidacr.azurecr.io/qsaid-wi-api:latest. Image pull failed with forbidden or unauthorized. Check registry credentials., Details: Site container: qsaid-wi-api terminated during site startup. Cancelling site startup., DetailsLevel: ERR
2026-07-06T09:18:15.8705820Z Site: qsaid-wi-api stopped.
2026-07-06T09:18:15.9115364Z State: Stopping, Action: UnmountingVolumes, LastError: ImagePullUnauthorizedFailure, LastErrorTimestamp: 07/06/2026 09:18:15, LastErrorDetails: Failed to pull image: qsaidacr.azurecr.io/qsaid-wi-api:latest. Image pull failed with forbidden or unauthorized. Check registry credentials., Details: Site container: qsaid-wi-api terminated during site startup. Cancelling site startup., DetailsLevel: ERR
2026-07-06T09:18:16.1646983Z State: Stopping, Action: StoppingSiteNetworks, LastError: ImagePullUnauthorizedFailure, LastErrorTimestamp: 07/06/2026 09:18:15, LastErrorDetails: Failed to pull image: qsaidacr.azurecr.io/qsaid-wi-api:latest. Image pull failed with forbidden or unauthorized. Check registry credentials., Details: Site container: qsaid-wi-api terminated during site startup. Cancelling site startup., DetailsLevel: ERR
2026-07-06T09:18:16.4169233Z State: Stopped, Action: None, LastError: ImagePullUnauthorizedFailure, LastErrorTimestamp: 07/06/2026 09:18:15, LastErrorDetails: Failed to pull image: qsaidacr.azurecr.io/qsaid-wi-api:latest. Image pull failed with forbidden or unauthorized. Check registry credentials., Details: Site stopped at 07/06/2026 09:18:16 (UTC), DetailsLevel: ERR
2026-07-06T09:18:17.3230778Z State: Stopped, Action: None, LastError: ImagePullUnauthorizedFailure, LastErrorTimestamp: 07/06/2026 09:18:15, LastErrorDetails: Failed to pull image: qsaidacr.azurecr.io/qsaid-wi-api:latest. Image pull failed with forbidden or unauthorized. Check registry credentials., Details: Site stopped at 07/06/2026 09:18:16 (UTC), DetailsLevel: ERR
2026-07-06T09:18:22.3752224Z State: Starting, Action: EstablishingSiteNetworks, LastError: ImagePullUnauthorizedFailure, LastErrorTimestamp: 07/06/2026 09:18:15, LastErrorDetails: Failed to pull image: qsaidacr.azurecr.io/qsaid-wi-api:latest. Image pull failed with forbidden or unauthorized. Check registry credentials., Details: Site stopped at 07/06/2026 09:18:16 (UTC), DetailsLevel: ERR
2026-07-06T09:18:23.5119872Z State: Starting, Action: StartingSiteContainers, LastError: ImagePullUnauthorizedFailure, LastErrorTimestamp: 07/06/2026 09:18:15, LastErrorDetails: Failed to pull image: qsaidacr.azurecr.io/qsaid-wi-api:latest. Image pull failed with forbidden or unauthorized. Check registry credentials., Details: Site stopped at 07/06/2026 09:18:16 (UTC), DetailsLevel: ERR
2026-07-06T09:18:23.5124159Z Container start method called.
2026-07-06T09:18:23.5128229Z State: Starting, Action: PullingImage, LastError: ImagePullUnauthorizedFailure, LastErrorTimestamp: 07/06/2026 09:18:15, LastErrorDetails: Failed to pull image: qsaidacr.azurecr.io/qsaid-wi-api:latest. Image pull failed with forbidden or unauthorized. Check registry credentials., Details: Pulling image qsaidacr.azurecr.io/qsaid-wi-api:latest for qsaid-wi-api., DetailsLevel: INFO
2026-07-06T09:18:23.5201592Z Establishing network.
2026-07-06T09:18:23.5206360Z Pulling image: qsaidacr.azurecr.io/qsaid-wi-api:latest.
2026-07-06T09:18:25.6730805Z Container pull image failed with reason: ImagePullFailure. Revert by terminate.
2026-07-06T09:18:25.6736397Z Container is terminating. Grace period: 5 seconds.
2026-07-06T09:18:25.6740377Z Container spec TerminationMessagePolicy  path 
2026-07-06T09:18:25.6755013Z Container is terminated. Total time elapsed: 0 ms.
2026-07-06T09:18:25.6825622Z Site container: qsaid-wi-api terminated during site startup.
2026-07-06T09:18:25.6838729Z State: Stopping, Action: CancellingStartup, LastError: ImagePullUnauthorizedFailure, LastErrorTimestamp: 07/06/2026 09:18:15, LastErrorDetails: Failed to pull image: qsaidacr.azurecr.io/qsaid-wi-api:latest. Image pull failed with forbidden or unauthorized. Check registry credentials., Details: Site container: qsaid-wi-api terminated during site startup. Cancelling site startup., DetailsLevel: ERR
2026-07-06T09:18:25.6852015Z State: Stopping, Action: CancellingStartup, LastError: ImagePullUnauthorizedFailure, LastErrorTimestamp: 07/06/2026 09:18:25, LastErrorDetails: Failed to pull image: qsaidacr.azurecr.io/qsaid-wi-api:latest. Image pull failed with forbidden or unauthorized. Check registry credentials., Details: Site container: qsaid-wi-api terminated during site startup. Cancelling site startup., DetailsLevel: ERR
2026-07-06T09:18:25.7245736Z Failed to start site. Revert by stopping site.
2026-07-06T09:18:25.7255373Z State: Stopping, Action: StoppingSite, LastError: ImagePullUnauthorizedFailure, LastErrorTimestamp: 07/06/2026 09:18:25, LastErrorDetails: Failed to pull image: qsaidacr.azurecr.io/qsaid-wi-api:latest. Image pull failed with forbidden or unauthorized. Check registry credentials., Details: Site container: qsaid-wi-api terminated during site startup. Cancelling site startup., DetailsLevel: ERR
2026-07-06T09:18:25.7348570Z State: Stopping, Action: StoppingSiteContainers, LastError: ImagePullUnauthorizedFailure, LastErrorTimestamp: 07/06/2026 09:18:25, LastErrorDetails: Failed to pull image: qsaidacr.azurecr.io/qsaid-wi-api:latest. Image pull failed with forbidden or unauthorized. Check registry credentials., Details: Site container: qsaid-wi-api terminated during site startup. Cancelling site startup., DetailsLevel: ERR
2026-07-06T09:18:25.7427025Z Site: qsaid-wi-api stopped.
2026-07-06T09:18:52.3017043Z State: Starting, Action: EstablishingSiteNetworks, LastError: ImagePullUnauthorizedFailure, LastErrorTimestamp: 07/06/2026 09:18:25, LastErrorDetails: Failed to pull image: qsaidacr.azurecr.io/qsaid-wi-api:latest. Image pull failed with forbidden or unauthorized. Check registry credentials., Details: Site stopped at 07/06/2026 09:18:26 (UTC), DetailsLevel: WARN
2026-07-06T09:18:53.4202752Z State: Starting, Action: StartingSiteContainers, LastError: ImagePullUnauthorizedFailure, LastErrorTimestamp: 07/06/2026 09:18:25, LastErrorDetails: Failed to pull image: qsaidacr.azurecr.io/qsaid-wi-api:latest. Image pull failed with forbidden or unauthorized. Check registry credentials., Details: Site stopped at 07/06/2026 09:18:26 (UTC), DetailsLevel: WARN
2026-07-06T09:18:53.4528530Z Container start method called.
2026-07-06T09:18:53.4536742Z State: Starting, Action: PullingImage, LastError: ImagePullUnauthorizedFailure, LastErrorTimestamp: 07/06/2026 09:18:25, LastErrorDetails: Failed to pull image: qsaidacr.azurecr.io/qsaid-wi-api:latest. Image pull failed with forbidden or unauthorized. Check registry credentials., Details: Pulling image qsaidacr.azurecr.io/qsaid-wi-api:latest for qsaid-wi-api., DetailsLevel: INFO
2026-07-06T09:18:53.4542908Z Establishing network.
2026-07-06T09:18:53.4549286Z Pulling image: qsaidacr.azurecr.io/qsaid-wi-api:latest.
2026-07-06T09:18:56.6424222Z Container pull image failed with reason: ImagePullFailure. Revert by terminate.
2026-07-06T09:18:56.6495626Z Container is terminating. Grace period: 5 seconds.
2026-07-06T09:18:56.6496664Z Container spec TerminationMessagePolicy  path 
2026-07-06T09:18:56.6497615Z Container is terminated. Total time elapsed: 0 ms.
2026-07-06T09:18:56.6498612Z Site container: qsaid-wi-api terminated during site startup.
2026-07-06T09:18:56.6499627Z State: Stopping, Action: CancellingStartup, LastError: ImagePullUnauthorizedFailure, LastErrorTimestamp: 07/06/2026 09:18:25, LastErrorDetails: Failed to pull image: qsaidacr.azurecr.io/qsaid-wi-api:latest. Image pull failed with forbidden or unauthorized. Check registry credentials., Details: Site container: qsaid-wi-api terminated during site startup. Cancelling site startup., DetailsLevel: ERR
2026-07-06T09:18:56.6509890Z State: Stopping, Action: CancellingStartup, LastError: ImagePullUnauthorizedFailure, LastErrorTimestamp: 07/06/2026 09:18:56, LastErrorDetails: Failed to pull image: qsaidacr.azurecr.io/qsaid-wi-api:latest. Image pull failed with forbidden or unauthorized. Check registry credentials., Details: Site container: qsaid-wi-api terminated during site startup. Cancelling site startup., DetailsLevel: ERR
2026-07-06T09:18:56.6706149Z Failed to start site. Revert by stopping site.
2026-07-06T09:18:56.6711453Z State: Stopping, Action: StoppingSite, LastError: ImagePullUnauthorizedFailure, LastErrorTimestamp: 07/06/2026 09:18:56, LastErrorDetails: Failed to pull image: qsaidacr.azurecr.io/qsaid-wi-api:latest. Image pull failed with forbidden or unauthorized. Check registry credentials., Details: Site container: qsaid-wi-api terminated during site startup. Cancelling site startup., DetailsLevel: ERR
2026-07-06T09:18:56.6719887Z State: Stopping, Action: StoppingSiteContainers, LastError: ImagePullUnauthorizedFailure, LastErrorTimestamp: 07/06/2026 09:18:56, LastErrorDetails: Failed to pull image: qsaidacr.azurecr.io/qsaid-wi-api:latest. Image pull failed with forbidden or unauthorized. Check registry credentials., Details: Site container: qsaid-wi-api terminated during site startup. Cancelling site startup., DetailsLevel: ERR
2026-07-06T09:18:56.6720205Z Site: qsaid-wi-api stopped.
2026-07-06T09:19:22.9225460Z State: Starting, Action: EstablishingSiteNetworks, LastError: ImagePullUnauthorizedFailure, LastErrorTimestamp: 07/06/2026 09:18:56, LastErrorDetails: Failed to pull image: qsaidacr.azurecr.io/qsaid-wi-api:latest. Image pull failed with forbidden or unauthorized. Check registry credentials., Details: Site stopped at 07/06/2026 09:18:57 (UTC), DetailsLevel: ERR
2026-07-06T09:19:24.3104905Z State: Starting, Action: StartingSiteContainers, LastError: ImagePullUnauthorizedFailure, LastErrorTimestamp: 07/06/2026 09:18:56, LastErrorDetails: Failed to pull image: qsaidacr.azurecr.io/qsaid-wi-api:latest. Image pull failed with forbidden or unauthorized. Check registry credentials., Details: Site stopped at 07/06/2026 09:18:57 (UTC), DetailsLevel: ERR
2026-07-06T09:19:24.3112863Z Container start method called.
2026-07-06T09:19:24.3116279Z State: Starting, Action: PullingImage, LastError: ImagePullUnauthorizedFailure, LastErrorTimestamp: 07/06/2026 09:18:56, LastErrorDetails: Failed to pull image: qsaidacr.azurecr.io/qsaid-wi-api:latest. Image pull failed with forbidden or unauthorized. Check registry credentials., Details: Pulling image qsaidacr.azurecr.io/qsaid-wi-api:latest for qsaid-wi-api., DetailsLevel: INFO
2026-07-06T09:19:24.3198951Z Establishing network.
2026-07-06T09:19:24.3202351Z Pulling image: qsaidacr.azurecr.io/qsaid-wi-api:latest.
2026-07-06T09:19:27.4323714Z Container pull image failed with reason: ImagePullFailure. Revert by terminate.
2026-07-06T09:19:27.4327334Z Container is terminating. Grace period: 5 seconds.
2026-07-06T09:19:27.4330454Z Container spec TerminationMessagePolicy  path 
2026-07-06T09:19:27.4408896Z Container is terminated. Total time elapsed: 0 ms.
2026-07-06T09:19:27.4414464Z Site container: qsaid-wi-api terminated during site startup.
2026-07-06T09:19:27.4418321Z State: Stopping, Action: CancellingStartup, LastError: ImagePullUnauthorizedFailure, LastErrorTimestamp: 07/06/2026 09:18:56, LastErrorDetails: Failed to pull image: qsaidacr.azurecr.io/qsaid-wi-api:latest. Image pull failed with forbidden or unauthorized. Check registry credentials., Details: Site container: qsaid-wi-api terminated during site startup. Cancelling site startup., DetailsLevel: ERR
2026-07-06T09:19:27.4432460Z State: Stopping, Action: CancellingStartup, LastError: ImagePullUnauthorizedFailure, LastErrorTimestamp: 07/06/2026 09:19:27, LastErrorDetails: Failed to pull image: qsaidacr.azurecr.io/qsaid-wi-api:latest. Image pull failed with forbidden or unauthorized. Check registry credentials., Details: Site container: qsaid-wi-api terminated during site startup. Cancelling site startup., DetailsLevel: ERR
2026-07-06T09:19:27.4703396Z Failed to start site. Revert by stopping site.
2026-07-06T09:19:27.4727491Z State: Stopping, Action: StoppingSite, LastError: ImagePullUnauthorizedFailure, LastErrorTimestamp: 07/06/2026 09:19:27, LastErrorDetails: Failed to pull image: qsaidacr.azurecr.io/qsaid-wi-api:latest. Image pull failed with forbidden or unauthorized. Check registry credentials., Details: Site container: qsaid-wi-api terminated during site startup. Cancelling site startup., DetailsLevel: ERR
2026-07-06T09:19:27.4730193Z State: Stopping, Action: StoppingSiteContainers, LastError: ImagePullUnauthorizedFailure, LastErrorTimestamp: 07/06/2026 09:19:27, LastErrorDetails: Failed to pull image: qsaidacr.azurecr.io/qsaid-wi-api:latest. Image pull failed with forbidden or unauthorized. Check registry credentials., Details: Site container: qsaid-wi-api terminated during site startup. Cancelling site startup., DetailsLevel: ERR
2026-07-06T09:19:27.4730385Z Site: qsaid-wi-api stopped.
2026-07-06T09:19:27.5134538Z State: Stopping, Action: UnmountingVolumes, LastError: ImagePullUnauthorizedFailure, LastErrorTimestamp: 07/06/2026 09:19:27, LastErrorDetails: Failed to pull image: qsaidacr.azurecr.io/qsaid-wi-api:latest. Image pull failed with forbidden or unauthorized. Check registry credentials., Details: Site container: qsaid-wi-api terminated during site startup. Cancelling site startup., DetailsLevel: ERR
2026-07-06T09:19:27.6844912Z State: Stopping, Action: StoppingSiteNetworks, LastError: ImagePullUnauthorizedFailure, LastErrorTimestamp: 07/06/2026 09:19:27, LastErrorDetails: Failed to pull image: qsaidacr.azurecr.io/qsaid-wi-api:latest. Image pull failed with forbidden or unauthorized. Check registry credentials., Details: Site container: qsaid-wi-api terminated during site startup. Cancelling site startup., DetailsLevel: ERR
2026-07-06T09:19:27.9757380Z State: Stopped, Action: None, LastError: ImagePullUnauthorizedFailure, LastErrorTimestamp: 07/06/2026 09:19:27, LastErrorDetails: Failed to pull image: qsaidacr.azurecr.io/qsaid-wi-api:latest. Image pull failed with forbidden or unauthorized. Check registry credentials., Details: Site stopped at 07/06/2026 09:19:27 (UTC), DetailsLevel: ERR
2026-07-06T09:19:28.3197996Z State: Stopped, Action: None, LastError: ImagePullUnauthorizedFailure, LastErrorTimestamp: 07/06/2026 09:19:27, LastErrorDetails: Failed to pull image: qsaidacr.azurecr.io/qsaid-wi-api:latest. Image pull failed with forbidden or unauthorized. Check registry credentials., Details: Site stopped at 07/06/2026 09:19:27 (UTC), DetailsLevel: ERR
2026-07-06T09:19:33.5678670Z State: Starting, Action: EstablishingSiteNetworks, LastError: ImagePullUnauthorizedFailure, LastErrorTimestamp: 07/06/2026 09:19:27, LastErrorDetails: Failed to pull image: qsaidacr.azurecr.io/qsaid-wi-api:latest. Image pull failed with forbidden or unauthorized. Check registry credentials., Details: Site stopped at 07/06/2026 09:19:27 (UTC), DetailsLevel: ERR
2026-07-06T09:19:34.5236376Z State: Starting, Action: StartingSiteContainers, LastError: ImagePullUnauthorizedFailure, LastErrorTimestamp: 07/06/2026 09:19:27, LastErrorDetails: Failed to pull image: qsaidacr.azurecr.io/qsaid-wi-api:latest. Image pull failed with forbidden or unauthorized. Check registry credentials., Details: Site stopped at 07/06/2026 09:19:27 (UTC), DetailsLevel: ERR
2026-07-06T09:19:34.5239589Z Container start method called.
2026-07-06T09:19:34.5242997Z State: Starting, Action: PullingImage, LastError: ImagePullUnauthorizedFailure, LastErrorTimestamp: 07/06/2026 09:19:27, LastErrorDetails: Failed to pull image: qsaidacr.azurecr.io/qsaid-wi-api:latest. Image pull failed with forbidden or unauthorized. Check registry credentials., Details: Pulling image qsaidacr.azurecr.io/qsaid-wi-api:latest for qsaid-wi-api., DetailsLevel: INFO
2026-07-06T09:19:34.5246425Z Establishing network.
2026-07-06T09:19:34.5328546Z Pulling image: qsaidacr.azurecr.io/qsaid-wi-api:latest.
2026-07-06T09:19:38.0234157Z Container pull image failed with reason: ImagePullFailure. Revert by terminate.
2026-07-06T09:19:38.0238218Z Container is terminating. Grace period: 5 seconds.
2026-07-06T09:19:38.0243769Z Container spec TerminationMessagePolicy  path 
2026-07-06T09:19:38.0415334Z Container is terminated. Total time elapsed: 0 ms.
2026-07-06T09:19:38.0418182Z Site container: qsaid-wi-api terminated during site startup.
2026-07-06T09:19:38.0419114Z State: Stopping, Action: CancellingStartup, LastError: ImagePullUnauthorizedFailure, LastErrorTimestamp: 07/06/2026 09:19:27, LastErrorDetails: Failed to pull image: qsaidacr.azurecr.io/qsaid-wi-api:latest. Image pull failed with forbidden or unauthorized. Check registry credentials., Details: Site container: qsaid-wi-api terminated during site startup. Cancelling site startup., DetailsLevel: ERR
2026-07-06T09:19:38.0522287Z State: Stopping, Action: CancellingStartup, LastError: ImagePullUnauthorizedFailure, LastErrorTimestamp: 07/06/2026 09:19:38, LastErrorDetails: Failed to pull image: qsaidacr.azurecr.io/qsaid-wi-api:latest. Image pull failed with forbidden or unauthorized. Check registry credentials., Details: Site container: qsaid-wi-api terminated during site startup. Cancelling site startup., DetailsLevel: ERR
2026-07-06T09:19:38.0725609Z Failed to start site. Revert by stopping site.
2026-07-06T09:19:38.0727945Z State: Stopping, Action: StoppingSite, LastError: ImagePullUnauthorizedFailure, LastErrorTimestamp: 07/06/2026 09:19:38, LastErrorDetails: Failed to pull image: qsaidacr.azurecr.io/qsaid-wi-api:latest. Image pull failed with forbidden or unauthorized. Check registry credentials., Details: Site container: qsaid-wi-api terminated during site startup. Cancelling site startup., DetailsLevel: ERR
2026-07-06T09:19:38.0730178Z State: Stopping, Action: StoppingSiteContainers, LastError: ImagePullUnauthorizedFailure, LastErrorTimestamp: 07/06/2026 09:19:38, LastErrorDetails: Failed to pull image: qsaidacr.azurecr.io/qsaid-wi-api:latest. Image pull failed with forbidden or unauthorized. Check registry credentials., Details: Site container: qsaid-wi-api terminated during site startup. Cancelling site startup., DetailsLevel: ERR
2026-07-06T09:19:38.0730375Z Site: qsaid-wi-api stopped.
2026-07-06T09:21:04.0089625Z State: Starting, Action: EstablishingSiteNetworks, LastError: ImagePullUnauthorizedFailure, LastErrorTimestamp: 07/06/2026 09:19:38, LastErrorDetails: Failed to pull image: qsaidacr.azurecr.io/qsaid-wi-api:latest. Image pull failed with forbidden or unauthorized. Check registry credentials., Details: Site is blocked due to multiple, consecutive cold start failures. Site scheduled to be unblocked at 07/06/2026 09:20:38, DetailsLevel: WARN
2026-07-06T09:21:05.6370109Z State: Starting, Action: StartingSiteContainers, LastError: ImagePullUnauthorizedFailure, LastErrorTimestamp: 07/06/2026 09:19:38, LastErrorDetails: Failed to pull image: qsaidacr.azurecr.io/qsaid-wi-api:latest. Image pull failed with forbidden or unauthorized. Check registry credentials., Details: Site is blocked due to multiple, consecutive cold start failures. Site scheduled to be unblocked at 07/06/2026 09:20:38, DetailsLevel: WARN
2026-07-06T09:21:05.6373056Z Container start method called.
2026-07-06T09:21:05.6373805Z State: Starting, Action: PullingImage, LastError: ImagePullUnauthorizedFailure, LastErrorTimestamp: 07/06/2026 09:19:38, LastErrorDetails: Failed to pull image: qsaidacr.azurecr.io/qsaid-wi-api:latest. Image pull failed with forbidden or unauthorized. Check registry credentials., Details: Pulling image qsaidacr.azurecr.io/qsaid-wi-api:latest for qsaid-wi-api., DetailsLevel: INFO
2026-07-06T09:21:05.6374702Z Establishing network.
2026-07-06T09:21:05.6375789Z Pulling image: qsaidacr.azurecr.io/qsaid-wi-api:latest.
2026-07-06T09:21:08.3036846Z Container pull image failed with reason: ImagePullFailure. Revert by terminate.
2026-07-06T09:21:08.3043759Z Container is terminating. Grace period: 5 seconds.
2026-07-06T09:21:08.3051520Z Container spec TerminationMessagePolicy  path 
2026-07-06T09:21:08.3057196Z Container is terminated. Total time elapsed: 0 ms.
2026-07-06T09:21:08.3134565Z Site container: qsaid-wi-api terminated during site startup.
2026-07-06T09:21:08.3140245Z State: Stopping, Action: CancellingStartup, LastError: ImagePullUnauthorizedFailure, LastErrorTimestamp: 07/06/2026 09:19:38, LastErrorDetails: Failed to pull image: qsaidacr.azurecr.io/qsaid-wi-api:latest. Image pull failed with forbidden or unauthorized. Check registry credentials., Details: Site container: qsaid-wi-api terminated during site startup. Cancelling site startup., DetailsLevel: ERR
2026-07-06T09:21:08.3233320Z State: Stopping, Action: CancellingStartup, LastError: ImagePullUnauthorizedFailure, LastErrorTimestamp: 07/06/2026 09:21:08, LastErrorDetails: Failed to pull image: qsaidacr.azurecr.io/qsaid-wi-api:latest. Image pull failed with forbidden or unauthorized. Check registry credentials., Details: Site container: qsaid-wi-api terminated during site startup. Cancelling site startup., DetailsLevel: ERR
2026-07-06T09:21:08.3349465Z Failed to start site. Revert by stopping site.
2026-07-06T09:21:08.3356494Z State: Stopping, Action: StoppingSite, LastError: ImagePullUnauthorizedFailure, LastErrorTimestamp: 07/06/2026 09:21:08, LastErrorDetails: Failed to pull image: qsaidacr.azurecr.io/qsaid-wi-api:latest. Image pull failed with forbidden or unauthorized. Check registry credentials., Details: Site container: qsaid-wi-api terminated during site startup. Cancelling site startup., DetailsLevel: ERR
2026-07-06T09:21:08.3530086Z State: Stopping, Action: StoppingSiteContainers, LastError: ImagePullUnauthorizedFailure, LastErrorTimestamp: 07/06/2026 09:21:08, LastErrorDetails: Failed to pull image: qsaidacr.azurecr.io/qsaid-wi-api:latest. Image pull failed with forbidden or unauthorized. Check registry credentials., Details: Site container: qsaid-wi-api terminated during site startup. Cancelling site startup., DetailsLevel: ERR
2026-07-06T09:21:08.3530353Z Site: qsaid-wi-api stopped.
2026-07-06T09:21:08.3559394Z State: Stopping, Action: UnmountingVolumes, LastError: ImagePullUnauthorizedFailure, LastErrorTimestamp: 07/06/2026 09:21:08, LastErrorDetails: Failed to pull image: qsaidacr.azurecr.io/qsaid-wi-api:latest. Image pull failed with forbidden or unauthorized. Check registry credentials., Details: Site container: qsaid-wi-api terminated during site startup. Cancelling site startup., DetailsLevel: ERR
2026-07-06T09:21:08.5245724Z State: Stopping, Action: StoppingSiteNetworks, LastError: ImagePullUnauthorizedFailure, LastErrorTimestamp: 07/06/2026 09:21:08, LastErrorDetails: Failed to pull image: qsaidacr.azurecr.io/qsaid-wi-api:latest. Image pull failed with forbidden or unauthorized. Check registry credentials., Details: Site container: qsaid-wi-api terminated during site startup. Cancelling site startup., DetailsLevel: ERR
2026-07-06T09:21:08.8278600Z State: Stopped, Action: None, LastError: ImagePullUnauthorizedFailure, LastErrorTimestamp: 07/06/2026 09:21:08, LastErrorDetails: Failed to pull image: qsaidacr.azurecr.io/qsaid-wi-api:latest. Image pull failed with forbidden or unauthorized. Check registry credentials., Details: Site stopped at 07/06/2026 09:21:08 (UTC), DetailsLevel: ERR
2026-07-06T09:21:09.1913952Z State: Stopped, Action: None, LastError: ImagePullUnauthorizedFailure, LastErrorTimestamp: 07/06/2026 09:21:08, LastErrorDetails: Failed to pull image: qsaidacr.azurecr.io/qsaid-wi-api:latest. Image pull failed with forbidden or unauthorized. Check registry credentials., Details: Site stopped at 07/06/2026 09:21:08 (UTC), DetailsLevel: ERR
2026-07-06T09:21:14.2580313Z State: Starting, Action: EstablishingSiteNetworks, LastError: ImagePullUnauthorizedFailure, LastErrorTimestamp: 07/06/2026 09:21:08, LastErrorDetails: Failed to pull image: qsaidacr.azurecr.io/qsaid-wi-api:latest. Image pull failed with forbidden or unauthorized. Check registry credentials., Details: Site stopped at 07/06/2026 09:21:08 (UTC), DetailsLevel: ERR
2026-07-06T09:21:15.5081845Z State: Starting, Action: StartingSiteContainers, LastError: ImagePullUnauthorizedFailure, LastErrorTimestamp: 07/06/2026 09:21:08, LastErrorDetails: Failed to pull image: qsaidacr.azurecr.io/qsaid-wi-api:latest. Image pull failed with forbidden or unauthorized. Check registry credentials., Details: Site stopped at 07/06/2026 09:21:08 (UTC), DetailsLevel: ERR
2026-07-06T09:21:15.5082941Z Container start method called.
2026-07-06T09:21:15.5083389Z State: Starting, Action: PullingImage, LastError: ImagePullUnauthorizedFailure, LastErrorTimestamp: 07/06/2026 09:21:08, LastErrorDetails: Failed to pull image: qsaidacr.azurecr.io/qsaid-wi-api:latest. Image pull failed with forbidden or unauthorized. Check registry credentials., Details: Pulling image qsaidacr.azurecr.io/qsaid-wi-api:latest for qsaid-wi-api., DetailsLevel: INFO
2026-07-06T09:21:15.5084110Z Establishing network.
2026-07-06T09:21:15.5085099Z Pulling image: qsaidacr.azurecr.io/qsaid-wi-api:latest.
2026-07-06T09:21:18.4400040Z Container pull image failed with reason: ImagePullFailure. Revert by terminate.
2026-07-06T09:21:18.4403829Z Container is terminating. Grace period: 5 seconds.
2026-07-06T09:21:18.4406921Z Container spec TerminationMessagePolicy  path 
2026-07-06T09:21:18.4411371Z Container is terminated. Total time elapsed: 0 ms.
2026-07-06T09:21:18.4500792Z Site container: qsaid-wi-api terminated during site startup.
2026-07-06T09:21:18.4502382Z State: Stopping, Action: CancellingStartup, LastError: ImagePullUnauthorizedFailure, LastErrorTimestamp: 07/06/2026 09:21:08, LastErrorDetails: Failed to pull image: qsaidacr.azurecr.io/qsaid-wi-api:latest. Image pull failed with forbidden or unauthorized. Check registry credentials., Details: Site container: qsaid-wi-api terminated during site startup. Cancelling site startup., DetailsLevel: ERR
2026-07-06T09:21:18.4688665Z State: Stopping, Action: CancellingStartup, LastError: ImagePullUnauthorizedFailure, LastErrorTimestamp: 07/06/2026 09:21:18, LastErrorDetails: Failed to pull image: qsaidacr.azurecr.io/qsaid-wi-api:latest. Image pull failed with forbidden or unauthorized. Check registry credentials., Details: Site container: qsaid-wi-api terminated during site startup. Cancelling site startup., DetailsLevel: ERR
2026-07-06T09:21:18.4808950Z Failed to start site. Revert by stopping site.
2026-07-06T09:21:18.4810571Z State: Stopping, Action: StoppingSite, LastError: ImagePullUnauthorizedFailure, LastErrorTimestamp: 07/06/2026 09:21:18, LastErrorDetails: Failed to pull image: qsaidacr.azurecr.io/qsaid-wi-api:latest. Image pull failed with forbidden or unauthorized. Check registry credentials., Details: Site container: qsaid-wi-api terminated during site startup. Cancelling site startup., DetailsLevel: ERR
2026-07-06T09:21:18.4815781Z State: Stopping, Action: StoppingSiteContainers, LastError: ImagePullUnauthorizedFailure, LastErrorTimestamp: 07/06/2026 09:21:18, LastErrorDetails: Failed to pull image: qsaidacr.azurecr.io/qsaid-wi-api:latest. Image pull failed with forbidden or unauthorized. Check registry credentials., Details: Site container: qsaid-wi-api terminated during site startup. Cancelling site startup., DetailsLevel: ERR
2026-07-06T09:21:18.4816001Z Site: qsaid-wi-api stopped.
2026-07-06T09:21:18.5002040Z State: Stopping, Action: UnmountingVolumes, LastError: ImagePullUnauthorizedFailure, LastErrorTimestamp: 07/06/2026 09:21:18, LastErrorDetails: Failed to pull image: qsaidacr.azurecr.io/qsaid-wi-api:latest. Image pull failed with forbidden or unauthorized. Check registry credentials., Details: Site container: qsaid-wi-api terminated during site startup. Cancelling site startup., DetailsLevel: ERR
2026-07-06T09:21:18.6309984Z State: Stopping, Action: StoppingSiteNetworks, LastError: ImagePullUnauthorizedFailure, LastErrorTimestamp: 07/06/2026 09:21:18, LastErrorDetails: Failed to pull image: qsaidacr.azurecr.io/qsaid-wi-api:latest. Image pull failed with forbidden or unauthorized. Check registry credentials., Details: Site container: qsaid-wi-api terminated during site startup. Cancelling site startup., DetailsLevel: ERR
2026-07-06T09:21:18.9316693Z Site: qsaid-wi-api will be blocked for 1 minutes till 07/06/2026 09:22:18
2026-07-06T09:21:18.9321988Z State: Blocked, Action: StoppingSiteNetworks, LastError: ImagePullUnauthorizedFailure, LastErrorTimestamp: 07/06/2026 09:21:18, LastErrorDetails: Failed to pull image: qsaidacr.azurecr.io/qsaid-wi-api:latest. Image pull failed with forbidden or unauthorized. Check registry credentials., Details: Site: qsaid-wi-api will be blocked for 1 minutes till 07/06/2026 09:22:18, DetailsLevel: WARN
2026-07-06T09:21:18.9629523Z State: Stopped, Action: None, LastError: ImagePullUnauthorizedFailure, LastErrorTimestamp: 07/06/2026 09:21:18, LastErrorDetails: Failed to pull image: qsaidacr.azurecr.io/qsaid-wi-api:latest. Image pull failed with forbidden or unauthorized. Check registry credentials., Details: Site stopped at 07/06/2026 09:21:18 (UTC), DetailsLevel: WARN
2026-07-06T09:21:19.3038969Z State: Stopped, Action: None, LastError: ImagePullUnauthorizedFailure, LastErrorTimestamp: 07/06/2026 09:21:18, LastErrorDetails: Failed to pull image: qsaidacr.azurecr.io/qsaid-wi-api:latest. Image pull failed with forbidden or unauthorized. Check registry credentials., Details: Site stopped at 07/06/2026 09:21:18 (UTC), DetailsLevel: WARN
2026-07-06T09:21:24.4372907Z State: Blocked, Action: None, LastError: ImagePullUnauthorizedFailure, LastErrorTimestamp: 07/06/2026 09:21:18, LastErrorDetails: Failed to pull image: qsaidacr.azurecr.io/qsaid-wi-api:latest. Image pull failed with forbidden or unauthorized. Check registry credentials., Details: Site is blocked due to multiple, consecutive cold start failures. Site scheduled to be unblocked at 07/06/2026 09:22:18, DetailsLevel: WARN
2026-07-06T09:21:24.4373449Z Start site prohibitted because the site is being blocked.
2026-07-06T09:21:29.5994378Z State: Blocked, Action: None, LastError: ImagePullUnauthorizedFailure, LastErrorTimestamp: 07/06/2026 09:21:18, LastErrorDetails: Failed to pull image: qsaidacr.azurecr.io/qsaid-wi-api:latest. Image pull failed with forbidden or unauthorized. Check registry credentials., Details: Site is blocked due to multiple, consecutive cold start failures. Site scheduled to be unblocked at 07/06/2026 09:22:18, DetailsLevel: WARN
2026-07-06T09:21:29.5994666Z Start site prohibitted because the site is being blocked.
2026-07-06T09:21:34.8030217Z State: Blocked, Action: None, LastError: ImagePullUnauthorizedFailure, LastErrorTimestamp: 07/06/2026 09:21:18, LastErrorDetails: Failed to pull image: qsaidacr.azurecr.io/qsaid-wi-api:latest. Image pull failed with forbidden or unauthorized. Check registry credentials., Details: Site is blocked due to multiple, consecutive cold start failures. Site scheduled to be unblocked at 07/06/2026 09:22:18, DetailsLevel: WARN
2026-07-06T09:21:34.8030864Z Start site prohibitted because the site is being blocked.
2026-07-06T09:21:39.9292272Z State: Blocked, Action: None, LastError: ImagePullUnauthorizedFailure, LastErrorTimestamp: 07/06/2026 09:21:18, LastErrorDetails: Failed to pull image: qsaidacr.azurecr.io/qsaid-wi-api:latest. Image pull failed with forbidden or unauthorized. Check registry credentials., Details: Site is blocked due to multiple, consecutive cold start failures. Site scheduled to be unblocked at 07/06/2026 09:22:18, DetailsLevel: WARN
2026-07-06T09:21:39.9292930Z Start site prohibitted because the site is being blocked.
2026-07-06T09:21:45.1443309Z State: Blocked, Action: None, LastError: ImagePullUnauthorizedFailure, LastErrorTimestamp: 07/06/2026 09:21:18, LastErrorDetails: Failed to pull image: qsaidacr.azurecr.io/qsaid-wi-api:latest. Image pull failed with forbidden or unauthorized. Check registry credentials., Details: Site is blocked due to multiple, consecutive cold start failures. Site scheduled to be unblocked at 07/06/2026 09:22:18, DetailsLevel: WARN
2026-07-06T09:21:45.1444032Z Start site prohibitted because the site is being blocked.
2026-07-06T09:21:50.2339263Z State: Blocked, Action: None, LastError: ImagePullUnauthorizedFailure, LastErrorTimestamp: 07/06/2026 09:21:18, LastErrorDetails: Failed to pull image: qsaidacr.azurecr.io/qsaid-wi-api:latest. Image pull failed with forbidden or unauthorized. Check registry credentials., Details: Site is blocked due to multiple, consecutive cold start failures. Site scheduled to be unblocked at 07/06/2026 09:22:18, DetailsLevel: WARN
2026-07-06T09:21:50.2339531Z Start site prohibitted because the site is being blocked.
2026-07-06T09:21:55.3907881Z State: Blocked, Action: None, LastError: ImagePullUnauthorizedFailure, LastErrorTimestamp: 07/06/2026 09:21:18, LastErrorDetails: Failed to pull image: qsaidacr.azurecr.io/qsaid-wi-api:latest. Image pull failed with forbidden or unauthorized. Check registry credentials., Details: Site is blocked due to multiple, consecutive cold start failures. Site scheduled to be unblocked at 07/06/2026 09:22:18, DetailsLevel: WARN
2026-07-06T09:21:55.3908487Z Start site prohibitted because the site is being blocked.
2026-07-06T09:22:00.5927321Z State: Blocked, Action: None, LastError: ImagePullUnauthorizedFailure, LastErrorTimestamp: 07/06/2026 09:21:18, LastErrorDetails: Failed to pull image: qsaidacr.azurecr.io/qsaid-wi-api:latest. Image pull failed with forbidden or unauthorized. Check registry credentials., Details: Site is blocked due to multiple, consecutive cold start failures. Site scheduled to be unblocked at 07/06/2026 09:22:18, DetailsLevel: WARN
2026-07-06T09:22:00.5927838Z Start site prohibitted because the site is being blocked.
2026-07-06T09:22:05.7475654Z State: Blocked, Action: None, LastError: ImagePullUnauthorizedFailure, LastErrorTimestamp: 07/06/2026 09:21:18, LastErrorDetails: Failed to pull image: qsaidacr.azurecr.io/qsaid-wi-api:latest. Image pull failed with forbidden or unauthorized. Check registry credentials., Details: Site is blocked due to multiple, consecutive cold start failures. Site scheduled to be unblocked at 07/06/2026 09:22:18, DetailsLevel: WARN
2026-07-06T09:22:05.7475909Z Start site prohibitted because the site is being blocked.
2026-07-06T09:22:11.1932160Z State: Blocked, Action: None, LastError: ImagePullUnauthorizedFailure, LastErrorTimestamp: 07/06/2026 09:21:18, LastErrorDetails: Failed to pull image: qsaidacr.azurecr.io/qsaid-wi-api:latest. Image pull failed with forbidden or unauthorized. Check registry credentials., Details: Site is blocked due to multiple, consecutive cold start failures. Site scheduled to be unblocked at 07/06/2026 09:22:18, DetailsLevel: WARN
2026-07-06T09:22:11.1932468Z Start site prohibitted because the site is being blocked.
2026-07-06T09:22:16.5206938Z State: Blocked, Action: None, LastError: ImagePullUnauthorizedFailure, LastErrorTimestamp: 07/06/2026 09:21:18, LastErrorDetails: Failed to pull image: qsaidacr.azurecr.io/qsaid-wi-api:latest. Image pull failed with forbidden or unauthorized. Check registry credentials., Details: Site is blocked due to multiple, consecutive cold start failures. Site scheduled to be unblocked at 07/06/2026 09:22:18, DetailsLevel: WARN
2026-07-06T09:22:16.5207849Z Start site prohibitted because the site is being blocked.
2026-07-06T09:22:18.9638055Z Site: qsaid-wi-api is unblocked.
2026-07-06T09:22:21.9612802Z State: Starting, Action: EstablishingSiteNetworks, LastError: ImagePullUnauthorizedFailure, LastErrorTimestamp: 07/06/2026 09:21:18, LastErrorDetails: Failed to pull image: qsaidacr.azurecr.io/qsaid-wi-api:latest. Image pull failed with forbidden or unauthorized. Check registry credentials., Details: Site is blocked due to multiple, consecutive cold start failures. Site scheduled to be unblocked at 07/06/2026 09:22:18, DetailsLevel: WARN
2026-07-06T09:22:24.8880701Z State: Starting, Action: StartingSiteContainers, LastError: ImagePullUnauthorizedFailure, LastErrorTimestamp: 07/06/2026 09:21:18, LastErrorDetails: Failed to pull image: qsaidacr.azurecr.io/qsaid-wi-api:latest. Image pull failed with forbidden or unauthorized. Check registry credentials., Details: Site is blocked due to multiple, consecutive cold start failures. Site scheduled to be unblocked at 07/06/2026 09:22:18, DetailsLevel: WARN
2026-07-06T09:22:24.8882012Z Container start method called.
2026-07-06T09:22:24.8882478Z State: Starting, Action: PullingImage, LastError: ImagePullUnauthorizedFailure, LastErrorTimestamp: 07/06/2026 09:21:18, LastErrorDetails: Failed to pull image: qsaidacr.azurecr.io/qsaid-wi-api:latest. Image pull failed with forbidden or unauthorized. Check registry credentials., Details: Pulling image qsaidacr.azurecr.io/qsaid-wi-api:latest for qsaid-wi-api., DetailsLevel: INFO
2026-07-06T09:22:24.8883305Z Establishing network.
2026-07-06T09:22:24.8884312Z Pulling image: qsaidacr.azurecr.io/qsaid-wi-api:latest.
2026-07-06T09:22:32.4118028Z Container pull image failed with reason: ImagePullFailure. Revert by terminate.
2026-07-06T09:22:32.4123318Z Container is terminating. Grace period: 5 seconds.
2026-07-06T09:22:32.4133271Z Container spec TerminationMessagePolicy  path 
2026-07-06T09:22:32.4214545Z Container is terminated. Total time elapsed: 1 ms.
2026-07-06T09:22:32.4222639Z Site container: qsaid-wi-api terminated during site startup.
2026-07-06T09:22:32.4224088Z State: Stopping, Action: CancellingStartup, LastError: ImagePullUnauthorizedFailure, LastErrorTimestamp: 07/06/2026 09:21:18, LastErrorDetails: Failed to pull image: qsaidacr.azurecr.io/qsaid-wi-api:latest. Image pull failed with forbidden or unauthorized. Check registry credentials., Details: Site container: qsaid-wi-api terminated during site startup. Cancelling site startup., DetailsLevel: ERR
2026-07-06T09:22:32.4310377Z State: Stopping, Action: CancellingStartup, LastError: ImagePullUnauthorizedFailure, LastErrorTimestamp: 07/06/2026 09:22:32, LastErrorDetails: Failed to pull image: qsaidacr.azurecr.io/qsaid-wi-api:latest. Image pull failed with forbidden or unauthorized. Check registry credentials., Details: Site container: qsaid-wi-api terminated during site startup. Cancelling site startup., DetailsLevel: ERR
2026-07-06T09:22:32.4433411Z Failed to start site. Revert by stopping site.
2026-07-06T09:22:32.4435772Z State: Stopping, Action: StoppingSite, LastError: ImagePullUnauthorizedFailure, LastErrorTimestamp: 07/06/2026 09:22:32, LastErrorDetails: Failed to pull image: qsaidacr.azurecr.io/qsaid-wi-api:latest. Image pull failed with forbidden or unauthorized. Check registry credentials., Details: Site container: qsaid-wi-api terminated during site startup. Cancelling site startup., DetailsLevel: ERR
2026-07-06T09:22:32.4514345Z State: Stopping, Action: StoppingSiteContainers, LastError: ImagePullUnauthorizedFailure, LastErrorTimestamp: 07/06/2026 09:22:32, LastErrorDetails: Failed to pull image: qsaidacr.azurecr.io/qsaid-wi-api:latest. Image pull failed with forbidden or unauthorized. Check registry credentials., Details: Site container: qsaid-wi-api terminated during site startup. Cancelling site startup., DetailsLevel: ERR
2026-07-06T09:22:32.4514660Z Site: qsaid-wi-api stopped.
2026-07-06T09:22:32.4541058Z State: Stopping, Action: UnmountingVolumes, LastError: ImagePullUnauthorizedFailure, LastErrorTimestamp: 07/06/2026 09:22:32, LastErrorDetails: Failed to pull image: qsaidacr.azurecr.io/qsaid-wi-api:latest. Image pull failed with forbidden or unauthorized. Check registry credentials., Details: Site container: qsaid-wi-api terminated during site startup. Cancelling site startup., DetailsLevel: ERR
2026-07-06T09:22:32.7009510Z State: Stopping, Action: StoppingSiteNetworks, LastError: ImagePullUnauthorizedFailure, LastErrorTimestamp: 07/06/2026 09:22:32, LastErrorDetails: Failed to pull image: qsaidacr.azurecr.io/qsaid-wi-api:latest. Image pull failed with forbidden or unauthorized. Check registry credentials., Details: Site container: qsaid-wi-api terminated during site startup. Cancelling site startup., DetailsLevel: ERR
2026-07-06T09:22:32.9956891Z Site: qsaid-wi-api will be blocked for 1 minutes till 07/06/2026 09:23:32
2026-07-06T09:22:32.9966147Z State: Blocked, Action: StoppingSiteNetworks, LastError: ImagePullUnauthorizedFailure, LastErrorTimestamp: 07/06/2026 09:22:32, LastErrorDetails: Failed to pull image: qsaidacr.azurecr.io/qsaid-wi-api:latest. Image pull failed with forbidden or unauthorized. Check registry credentials., Details: Site: qsaid-wi-api will be blocked for 1 minutes till 07/06/2026 09:23:32, DetailsLevel: WARN
2026-07-06T09:22:33.0067532Z State: Stopped, Action: None, LastError: ImagePullUnauthorizedFailure, LastErrorTimestamp: 07/06/2026 09:22:32, LastErrorDetails: Failed to pull image: qsaidacr.azurecr.io/qsaid-wi-api:latest. Image pull failed with forbidden or unauthorized. Check registry credentials., Details: Site stopped at 07/06/2026 09:22:33 (UTC), DetailsLevel: WARN
2026-07-06T09:22:33.3883741Z State: Stopped, Action: None, LastError: ImagePullUnauthorizedFailure, LastErrorTimestamp: 07/06/2026 09:22:32, LastErrorDetails: Failed to pull image: qsaidacr.azurecr.io/qsaid-wi-api:latest. Image pull failed with forbidden or unauthorized. Check registry credentials., Details: Site stopped at 07/06/2026 09:22:33 (UTC), DetailsLevel: WARN
2026-07-06T09:22:38.4460914Z State: Blocked, Action: None, LastError: ImagePullUnauthorizedFailure, LastErrorTimestamp: 07/06/2026 09:22:32, LastErrorDetails: Failed to pull image: qsaidacr.azurecr.io/qsaid-wi-api:latest. Image pull failed with forbidden or unauthorized. Check registry credentials., Details: Site is blocked due to multiple, consecutive cold start failures. Site scheduled to be unblocked at 07/06/2026 09:23:32, DetailsLevel: WARN
2026-07-06T09:22:38.4462423Z Start site prohibitted because the site is being blocked.
2026-07-06T09:22:43.5332082Z State: Blocked, Action: None, LastError: ImagePullUnauthorizedFailure, LastErrorTimestamp: 07/06/2026 09:22:32, LastErrorDetails: Failed to pull image: qsaidacr.azurecr.io/qsaid-wi-api:latest. Image pull failed with forbidden or unauthorized. Check registry credentials., Details: Site is blocked due to multiple, consecutive cold start failures. Site scheduled to be unblocked at 07/06/2026 09:23:32, DetailsLevel: WARN
2026-07-06T09:22:43.6015441Z Start site prohibitted because the site is being blocked.
2026-07-06T09:22:48.8359572Z State: Blocked, Action: None, LastError: ImagePullUnauthorizedFailure, LastErrorTimestamp: 07/06/2026 09:22:32, LastErrorDetails: Failed to pull image: qsaidacr.azurecr.io/qsaid-wi-api:latest. Image pull failed with forbidden or unauthorized. Check registry credentials., Details: Site is blocked due to multiple, consecutive cold start failures. Site scheduled to be unblocked at 07/06/2026 09:23:32, DetailsLevel: WARN
2026-07-06T09:22:48.8360464Z Start site prohibitted because the site is being blocked.
2026-07-06T09:22:53.9774241Z State: Blocked, Action: None, LastError: ImagePullUnauthorizedFailure, LastErrorTimestamp: 07/06/2026 09:22:32, LastErrorDetails: Failed to pull image: qsaidacr.azurecr.io/qsaid-wi-api:latest. Image pull failed with forbidden or unauthorized. Check registry credentials., Details: Site is blocked due to multiple, consecutive cold start failures. Site scheduled to be unblocked at 07/06/2026 09:23:32, DetailsLevel: WARN
2026-07-06T09:22:53.9774987Z Start site prohibitted because the site is being blocked.
2026-07-06T09:22:59.1292947Z State: Blocked, Action: None, LastError: ImagePullUnauthorizedFailure, LastErrorTimestamp: 07/06/2026 09:22:32, LastErrorDetails: Failed to pull image: qsaidacr.azurecr.io/qsaid-wi-api:latest. Image pull failed with forbidden or unauthorized. Check registry credentials., Details: Site is blocked due to multiple, consecutive cold start failures. Site scheduled to be unblocked at 07/06/2026 09:23:32, DetailsLevel: WARN
2026-07-06T09:22:59.1293247Z Start site prohibitted because the site is being blocked.
2026-07-06T09:23:04.2508836Z State: Blocked, Action: None, LastError: ImagePullUnauthorizedFailure, LastErrorTimestamp: 07/06/2026 09:22:32, LastErrorDetails: Failed to pull image: qsaidacr.azurecr.io/qsaid-wi-api:latest. Image pull failed with forbidden or unauthorized. Check registry credentials., Details: Site is blocked due to multiple, consecutive cold start failures. Site scheduled to be unblocked at 07/06/2026 09:23:32, DetailsLevel: WARN
2026-07-06T09:23:04.2509433Z Start site prohibitted because the site is being blocked.
2026-07-06T09:23:09.4899285Z State: Blocked, Action: None, LastError: ImagePullUnauthorizedFailure, LastErrorTimestamp: 07/06/2026 09:22:32, LastErrorDetails: Failed to pull image: qsaidacr.azurecr.io/qsaid-wi-api:latest. Image pull failed with forbidden or unauthorized. Check registry credentials., Details: Site is blocked due to multiple, consecutive cold start failures. Site scheduled to be unblocked at 07/06/2026 09:23:32, DetailsLevel: WARN
2026-07-06T09:23:09.4900812Z Start site prohibitted because the site is being blocked.
2026-07-06T09:23:14.6091478Z State: Blocked, Action: None, LastError: ImagePullUnauthorizedFailure, LastErrorTimestamp: 07/06/2026 09:22:32, LastErrorDetails: Failed to pull image: qsaidacr.azurecr.io/qsaid-wi-api:latest. Image pull failed with forbidden or unauthorized. Check registry credentials., Details: Site is blocked due to multiple, consecutive cold start failures. Site scheduled to be unblocked at 07/06/2026 09:23:32, DetailsLevel: WARN
2026-07-06T09:23:14.6092088Z Start site prohibitted because the site is being blocked.
2026-07-06T09:23:19.7103470Z State: Blocked, Action: None, LastError: ImagePullUnauthorizedFailure, LastErrorTimestamp: 07/06/2026 09:22:32, LastErrorDetails: Failed to pull image: qsaidacr.azurecr.io/qsaid-wi-api:latest. Image pull failed with forbidden or unauthorized. Check registry credentials., Details: Site is blocked due to multiple, consecutive cold start failures. Site scheduled to be unblocked at 07/06/2026 09:23:32, DetailsLevel: WARN
2026-07-06T09:23:19.7104051Z Start site prohibitted because the site is being blocked.
2026-07-06T09:23:24.8830907Z State: Blocked, Action: None, LastError: ImagePullUnauthorizedFailure, LastErrorTimestamp: 07/06/2026 09:22:32, LastErrorDetails: Failed to pull image: qsaidacr.azurecr.io/qsaid-wi-api:latest. Image pull failed with forbidden or unauthorized. Check registry credentials., Details: Site is blocked due to multiple, consecutive cold start failures. Site scheduled to be unblocked at 07/06/2026 09:23:32, DetailsLevel: WARN
2026-07-06T09:23:24.8831431Z Start site prohibitted because the site is being blocked.
2026-07-06T09:23:29.9785545Z State: Blocked, Action: None, LastError: ImagePullUnauthorizedFailure, LastErrorTimestamp: 07/06/2026 09:22:32, LastErrorDetails: Failed to pull image: qsaidacr.azurecr.io/qsaid-wi-api:latest. Image pull failed with forbidden or unauthorized. Check registry credentials., Details: Site is blocked due to multiple, consecutive cold start failures. Site scheduled to be unblocked at 07/06/2026 09:23:32, DetailsLevel: WARN
2026-07-06T09:23:29.9793813Z Start site prohibitted because the site is being blocked.
2026-07-06T09:23:33.0013205Z Site: qsaid-wi-api is unblocked.
2026-07-06T09:23:35.0570460Z State: Starting, Action: EstablishingSiteNetworks, LastError: ImagePullUnauthorizedFailure, LastErrorTimestamp: 07/06/2026 09:22:32, LastErrorDetails: Failed to pull image: qsaidacr.azurecr.io/qsaid-wi-api:latest. Image pull failed with forbidden or unauthorized. Check registry credentials., Details: Site is blocked due to multiple, consecutive cold start failures. Site scheduled to be unblocked at 07/06/2026 09:23:32, DetailsLevel: WARN
2026-07-06T09:23:36.5961760Z State: Starting, Action: StartingSiteContainers, LastError: ImagePullUnauthorizedFailure, LastErrorTimestamp: 07/06/2026 09:22:32, LastErrorDetails: Failed to pull image: qsaidacr.azurecr.io/qsaid-wi-api:latest. Image pull failed with forbidden or unauthorized. Check registry credentials., Details: Site is blocked due to multiple, consecutive cold start failures. Site scheduled to be unblocked at 07/06/2026 09:23:32, DetailsLevel: WARN
2026-07-06T09:23:36.5963786Z Container start method called.
2026-07-06T09:23:36.5964560Z State: Starting, Action: PullingImage, LastError: ImagePullUnauthorizedFailure, LastErrorTimestamp: 07/06/2026 09:22:32, LastErrorDetails: Failed to pull image: qsaidacr.azurecr.io/qsaid-wi-api:latest. Image pull failed with forbidden or unauthorized. Check registry credentials., Details: Pulling image qsaidacr.azurecr.io/qsaid-wi-api:latest for qsaid-wi-api., DetailsLevel: INFO
2026-07-06T09:23:36.5965487Z Establishing network.
2026-07-06T09:23:36.5966566Z Pulling image: qsaidacr.azurecr.io/qsaid-wi-api:latest.
2026-07-06T09:23:40.1112057Z Container pull image failed with reason: ImagePullFailure. Revert by terminate.
2026-07-06T09:23:40.1114648Z Container is terminating. Grace period: 5 seconds.
2026-07-06T09:23:40.1127280Z Container spec TerminationMessagePolicy  path 
2026-07-06T09:23:40.1132173Z Container is terminated. Total time elapsed: 0 ms.
2026-07-06T09:23:40.1134896Z Site container: qsaid-wi-api terminated during site startup.
2026-07-06T09:23:40.1135783Z State: Stopping, Action: CancellingStartup, LastError: ImagePullUnauthorizedFailure, LastErrorTimestamp: 07/06/2026 09:22:32, LastErrorDetails: Failed to pull image: qsaidacr.azurecr.io/qsaid-wi-api:latest. Image pull failed with forbidden or unauthorized. Check registry credentials., Details: Site container: qsaid-wi-api terminated during site startup. Cancelling site startup., DetailsLevel: ERR
2026-07-06T09:23:40.1140982Z State: Stopping, Action: CancellingStartup, LastError: ImagePullUnauthorizedFailure, LastErrorTimestamp: 07/06/2026 09:23:40, LastErrorDetails: Failed to pull image: qsaidacr.azurecr.io/qsaid-wi-api:latest. Image pull failed with forbidden or unauthorized. Check registry credentials., Details: Site container: qsaid-wi-api terminated during site startup. Cancelling site startup., DetailsLevel: ERR
2026-07-06T09:23:40.1335037Z Failed to start site. Revert by stopping site.
2026-07-06T09:23:40.1337451Z State: Stopping, Action: StoppingSite, LastError: ImagePullUnauthorizedFailure, LastErrorTimestamp: 07/06/2026 09:23:40, LastErrorDetails: Failed to pull image: qsaidacr.azurecr.io/qsaid-wi-api:latest. Image pull failed with forbidden or unauthorized. Check registry credentials., Details: Site container: qsaid-wi-api terminated during site startup. Cancelling site startup., DetailsLevel: ERR
2026-07-06T09:23:40.1339830Z State: Stopping, Action: StoppingSiteContainers, LastError: ImagePullUnauthorizedFailure, LastErrorTimestamp: 07/06/2026 09:23:40, LastErrorDetails: Failed to pull image: qsaidacr.azurecr.io/qsaid-wi-api:latest. Image pull failed with forbidden or unauthorized. Check registry credentials., Details: Site container: qsaid-wi-api terminated during site startup. Cancelling site startup., DetailsLevel: ERR
2026-07-06T09:23:40.1340006Z Site: qsaid-wi-api stopped.
2026-07-06T09:23:40.1436153Z State: Stopping, Action: UnmountingVolumes, LastError: ImagePullUnauthorizedFailure, LastErrorTimestamp: 07/06/2026 09:23:40, LastErrorDetails: Failed to pull image: qsaidacr.azurecr.io/qsaid-wi-api:latest. Image pull failed with forbidden or unauthorized. Check registry credentials., Details: Site container: qsaid-wi-api terminated during site startup. Cancelling site startup., DetailsLevel: ERR
2026-07-06T09:23:40.3536422Z State: Stopping, Action: StoppingSiteNetworks, LastError: ImagePullUnauthorizedFailure, LastErrorTimestamp: 07/06/2026 09:23:40, LastErrorDetails: Failed to pull image: qsaidacr.azurecr.io/qsaid-wi-api:latest. Image pull failed with forbidden or unauthorized. Check registry credentials., Details: Site container: qsaid-wi-api terminated during site startup. Cancelling site startup., DetailsLevel: ERR
2026-07-06T09:23:40.6454836Z Site: qsaid-wi-api will be blocked for 2 minutes till 07/06/2026 09:25:40
2026-07-06T09:23:40.6456691Z State: Blocked, Action: StoppingSiteNetworks, LastError: ImagePullUnauthorizedFailure, LastErrorTimestamp: 07/06/2026 09:23:40, LastErrorDetails: Failed to pull image: qsaidacr.azurecr.io/qsaid-wi-api:latest. Image pull failed with forbidden or unauthorized. Check registry credentials., Details: Site: qsaid-wi-api will be blocked for 2 minutes till 07/06/2026 09:25:40, DetailsLevel: WARN
2026-07-06T09:23:40.6459107Z State: Stopped, Action: None, LastError: ImagePullUnauthorizedFailure, LastErrorTimestamp: 07/06/2026 09:23:40, LastErrorDetails: Failed to pull image: qsaidacr.azurecr.io/qsaid-wi-api:latest. Image pull failed with forbidden or unauthorized. Check registry credentials., Details: Site stopped at 07/06/2026 09:23:40 (UTC), DetailsLevel: WARN
2026-07-06T09:23:41.0215289Z State: Stopped, Action: None, LastError: ImagePullUnauthorizedFailure, LastErrorTimestamp: 07/06/2026 09:23:40, LastErrorDetails: Failed to pull image: qsaidacr.azurecr.io/qsaid-wi-api:latest. Image pull failed with forbidden or unauthorized. Check registry credentials., Details: Site stopped at 07/06/2026 09:23:40 (UTC), DetailsLevel: WARN
2026-07-06T09:23:46.1094737Z State: Blocked, Action: None, LastError: ImagePullUnauthorizedFailure, LastErrorTimestamp: 07/06/2026 09:23:40, LastErrorDetails: Failed to pull image: qsaidacr.azurecr.io/qsaid-wi-api:latest. Image pull failed with forbidden or unauthorized. Check registry credentials., Details: Site is blocked due to multiple, consecutive cold start failures. Site scheduled to be unblocked at 07/06/2026 09:25:40, DetailsLevel: WARN
2026-07-06T09:23:46.1095012Z Start site prohibitted because the site is being blocked.
2026-07-06T09:23:51.2056436Z State: Blocked, Action: None, LastError: ImagePullUnauthorizedFailure, LastErrorTimestamp: 07/06/2026 09:23:40, LastErrorDetails: Failed to pull image: qsaidacr.azurecr.io/qsaid-wi-api:latest. Image pull failed with forbidden or unauthorized. Check registry credentials., Details: Site is blocked due to multiple, consecutive cold start failures. Site scheduled to be unblocked at 07/06/2026 09:25:40, DetailsLevel: WARN
2026-07-06T09:23:51.2056717Z Start site prohibitted because the site is being blocked.
2026-07-06T09:23:56.3533580Z State: Blocked, Action: None, LastError: ImagePullUnauthorizedFailure, LastErrorTimestamp: 07/06/2026 09:23:40, LastErrorDetails: Failed to pull image: qsaidacr.azurecr.io/qsaid-wi-api:latest. Image pull failed with forbidden or unauthorized. Check registry credentials., Details: Site is blocked due to multiple, consecutive cold start failures. Site scheduled to be unblocked at 07/06/2026 09:25:40, DetailsLevel: WARN
2026-07-06T09:23:56.3535354Z Start site prohibitted because the site is being blocked.
2026-07-06T09:24:01.4674107Z State: Blocked, Action: None, LastError: ImagePullUnauthorizedFailure, LastErrorTimestamp: 07/06/2026 09:23:40, LastErrorDetails: Failed to pull image: qsaidacr.azurecr.io/qsaid-wi-api:latest. Image pull failed with forbidden or unauthorized. Check registry credentials., Details: Site is blocked due to multiple, consecutive cold start failures. Site scheduled to be unblocked at 07/06/2026 09:25:40, DetailsLevel: WARN
2026-07-06T09:24:01.4674937Z Start site prohibitted because the site is being blocked.
2026-07-06T09:24:06.5971933Z State: Blocked, Action: None, LastError: ImagePullUnauthorizedFailure, LastErrorTimestamp: 07/06/2026 09:23:40, LastErrorDetails: Failed to pull image: qsaidacr.azurecr.io/qsaid-wi-api:latest. Image pull failed with forbidden or unauthorized. Check registry credentials., Details: Site is blocked due to multiple, consecutive cold start failures. Site scheduled to be unblocked at 07/06/2026 09:25:40, DetailsLevel: WARN
2026-07-06T09:24:06.5972504Z Start site prohibitted because the site is being blocked.
2026-07-06T09:24:11.7206944Z State: Blocked, Action: None, LastError: ImagePullUnauthorizedFailure, LastErrorTimestamp: 07/06/2026 09:23:40, LastErrorDetails: Failed to pull image: qsaidacr.azurecr.io/qsaid-wi-api:latest. Image pull failed with forbidden or unauthorized. Check registry credentials., Details: Site is blocked due to multiple, consecutive cold start failures. Site scheduled to be unblocked at 07/06/2026 09:25:40, DetailsLevel: WARN
2026-07-06T09:24:11.7207206Z Start site prohibitted because the site is being blocked.
2026-07-06T09:24:16.8398474Z State: Blocked, Action: None, LastError: ImagePullUnauthorizedFailure, LastErrorTimestamp: 07/06/2026 09:23:40, LastErrorDetails: Failed to pull image: qsaidacr.azurecr.io/qsaid-wi-api:latest. Image pull failed with forbidden or unauthorized. Check registry credentials., Details: Site is blocked due to multiple, consecutive cold start failures. Site scheduled to be unblocked at 07/06/2026 09:25:40, DetailsLevel: WARN
2026-07-06T09:24:16.8399005Z Start site prohibitted because the site is being blocked.
2026-07-06T09:24:22.2749770Z State: Blocked, Action: None, LastError: ImagePullUnauthorizedFailure, LastErrorTimestamp: 07/06/2026 09:23:40, LastErrorDetails: Failed to pull image: qsaidacr.azurecr.io/qsaid-wi-api:latest. Image pull failed with forbidden or unauthorized. Check registry credentials., Details: Site is blocked due to multiple, consecutive cold start failures. Site scheduled to be unblocked at 07/06/2026 09:25:40, DetailsLevel: WARN
2026-07-06T09:24:22.2750394Z Start site prohibitted because the site is being blocked.
2026-07-06T09:24:27.3879238Z State: Blocked, Action: None, LastError: ImagePullUnauthorizedFailure, LastErrorTimestamp: 07/06/2026 09:23:40, LastErrorDetails: Failed to pull image: qsaidacr.azurecr.io/qsaid-wi-api:latest. Image pull failed with forbidden or unauthorized. Check registry credentials., Details: Site is blocked due to multiple, consecutive cold start failures. Site scheduled to be unblocked at 07/06/2026 09:25:40, DetailsLevel: WARN
2026-07-06T09:24:27.3879547Z Start site prohibitted because the site is being blocked.
2026-07-06T09:24:32.5720654Z State: Blocked, Action: None, LastError: ImagePullUnauthorizedFailure, LastErrorTimestamp: 07/06/2026 09:23:40, LastErrorDetails: Failed to pull image: qsaidacr.azurecr.io/qsaid-wi-api:latest. Image pull failed with forbidden or unauthorized. Check registry credentials., Details: Site is blocked due to multiple, consecutive cold start failures. Site scheduled to be unblocked at 07/06/2026 09:25:40, DetailsLevel: WARN
2026-07-06T09:24:32.5723395Z Start site prohibitted because the site is being blocked.
2026-07-06T09:24:37.9379511Z State: Blocked, Action: None, LastError: ImagePullUnauthorizedFailure, LastErrorTimestamp: 07/06/2026 09:23:40, LastErrorDetails: Failed to pull image: qsaidacr.azurecr.io/qsaid-wi-api:latest. Image pull failed with forbidden or unauthorized. Check registry credentials., Details: Site is blocked due to multiple, consecutive cold start failures. Site scheduled to be unblocked at 07/06/2026 09:25:40, DetailsLevel: WARN
2026-07-06T09:24:37.9379878Z Start site prohibitted because the site is being blocked.
2026-07-06T09:24:43.1273841Z State: Blocked, Action: None, LastError: ImagePullUnauthorizedFailure, LastErrorTimestamp: 07/06/2026 09:23:40, LastErrorDetails: Failed to pull image: qsaidacr.azurecr.io/qsaid-wi-api:latest. Image pull failed with forbidden or unauthorized. Check registry credentials., Details: Site is blocked due to multiple, consecutive cold start failures. Site scheduled to be unblocked at 07/06/2026 09:25:40, DetailsLevel: WARN
2026-07-06T09:24:43.1274113Z Start site prohibitted because the site is being blocked.
2026-07-06T09:24:48.3659654Z State: Blocked, Action: None, LastError: ImagePullUnauthorizedFailure, LastErrorTimestamp: 07/06/2026 09:23:40, LastErrorDetails: Failed to pull image: qsaidacr.azurecr.io/qsaid-wi-api:latest. Image pull failed with forbidden or unauthorized. Check registry credentials., Details: Site is blocked due to multiple, consecutive cold start failures. Site scheduled to be unblocked at 07/06/2026 09:25:40, DetailsLevel: WARN
2026-07-06T09:24:48.3660127Z Start site prohibitted because the site is being blocked.
2026-07-06T09:24:53.5064187Z State: Blocked, Action: None, LastError: ImagePullUnauthorizedFailure, LastErrorTimestamp: 07/06/2026 09:23:40, LastErrorDetails: Failed to pull image: qsaidacr.azurecr.io/qsaid-wi-api:latest. Image pull failed with forbidden or unauthorized. Check registry credentials., Details: Site is blocked due to multiple, consecutive cold start failures. Site scheduled to be unblocked at 07/06/2026 09:25:40, DetailsLevel: WARN
2026-07-06T09:24:53.5064575Z Start site prohibitted because the site is being blocked.
2026-07-06T09:24:58.7095635Z State: Blocked, Action: None, LastError: ImagePullUnauthorizedFailure, LastErrorTimestamp: 07/06/2026 09:23:40, LastErrorDetails: Failed to pull image: qsaidacr.azurecr.io/qsaid-wi-api:latest. Image pull failed with forbidden or unauthorized. Check registry credentials., Details: Site is blocked due to multiple, consecutive cold start failures. Site scheduled to be unblocked at 07/06/2026 09:25:40, DetailsLevel: WARN
2026-07-06T09:24:58.7095939Z Start site prohibitted because the site is being blocked.
2026-07-06T09:25:03.9041439Z State: Blocked, Action: None, LastError: ImagePullUnauthorizedFailure, LastErrorTimestamp: 07/06/2026 09:23:40, LastErrorDetails: Failed to pull image: qsaidacr.azurecr.io/qsaid-wi-api:latest. Image pull failed with forbidden or unauthorized. Check registry credentials., Details: Site is blocked due to multiple, consecutive cold start failures. Site scheduled to be unblocked at 07/06/2026 09:25:40, DetailsLevel: WARN
2026-07-06T09:25:03.9042061Z Start site prohibitted because the site is being blocked.
2026-07-06T09:25:08.9874360Z State: Blocked, Action: None, LastError: ImagePullUnauthorizedFailure, LastErrorTimestamp: 07/06/2026 09:23:40, LastErrorDetails: Failed to pull image: qsaidacr.azurecr.io/qsaid-wi-api:latest. Image pull failed with forbidden or unauthorized. Check registry credentials., Details: Site is blocked due to multiple, consecutive cold start failures. Site scheduled to be unblocked at 07/06/2026 09:25:40, DetailsLevel: WARN
2026-07-06T09:25:08.9894646Z Start site prohibitted because the site is being blocked.
2026-07-06T09:25:14.0833953Z State: Blocked, Action: None, LastError: ImagePullUnauthorizedFailure, LastErrorTimestamp: 07/06/2026 09:23:40, LastErrorDetails: Failed to pull image: qsaidacr.azurecr.io/qsaid-wi-api:latest. Image pull failed with forbidden or unauthorized. Check registry credentials., Details: Site is blocked due to multiple, consecutive cold start failures. Site scheduled to be unblocked at 07/06/2026 09:25:40, DetailsLevel: WARN
2026-07-06T09:25:14.0834246Z Start site prohibitted because the site is being blocked.
2026-07-06T09:25:19.2652590Z State: Blocked, Action: None, LastError: ImagePullUnauthorizedFailure, LastErrorTimestamp: 07/06/2026 09:23:40, LastErrorDetails: Failed to pull image: qsaidacr.azurecr.io/qsaid-wi-api:latest. Image pull failed with forbidden or unauthorized. Check registry credentials., Details: Site is blocked due to multiple, consecutive cold start failures. Site scheduled to be unblocked at 07/06/2026 09:25:40, DetailsLevel: WARN
2026-07-06T09:25:19.2653317Z Start site prohibitted because the site is being blocked.
2026-07-06T09:25:24.4820777Z State: Blocked, Action: None, LastError: ImagePullUnauthorizedFailure, LastErrorTimestamp: 07/06/2026 09:23:40, LastErrorDetails: Failed to pull image: qsaidacr.azurecr.io/qsaid-wi-api:latest. Image pull failed with forbidden or unauthorized. Check registry credentials., Details: Site is blocked due to multiple, consecutive cold start failures. Site scheduled to be unblocked at 07/06/2026 09:25:40, DetailsLevel: WARN
2026-07-06T09:25:24.4821148Z Start site prohibitted because the site is being blocked.
2026-07-06T09:25:29.6653765Z State: Blocked, Action: None, LastError: ImagePullUnauthorizedFailure, LastErrorTimestamp: 07/06/2026 09:23:40, LastErrorDetails: Failed to pull image: qsaidacr.azurecr.io/qsaid-wi-api:latest. Image pull failed with forbidden or unauthorized. Check registry credentials., Details: Site is blocked due to multiple, consecutive cold start failures. Site scheduled to be unblocked at 07/06/2026 09:25:40, DetailsLevel: WARN
2026-07-06T09:25:29.6654374Z Start site prohibitted because the site is being blocked.
2026-07-06T09:25:34.9563222Z State: Blocked, Action: None, LastError: ImagePullUnauthorizedFailure, LastErrorTimestamp: 07/06/2026 09:23:40, LastErrorDetails: Failed to pull image: qsaidacr.azurecr.io/qsaid-wi-api:latest. Image pull failed with forbidden or unauthorized. Check registry credentials., Details: Site is blocked due to multiple, consecutive cold start failures. Site scheduled to be unblocked at 07/06/2026 09:25:40, DetailsLevel: WARN
2026-07-06T09:25:34.9563819Z Start site prohibitted because the site is being blocked.
2026-07-06T09:25:40.0706710Z State: Blocked, Action: None, LastError: ImagePullUnauthorizedFailure, LastErrorTimestamp: 07/06/2026 09:23:40, LastErrorDetails: Failed to pull image: qsaidacr.azurecr.io/qsaid-wi-api:latest. Image pull failed with forbidden or unauthorized. Check registry credentials., Details: Site is blocked due to multiple, consecutive cold start failures. Site scheduled to be unblocked at 07/06/2026 09:25:40, DetailsLevel: WARN
2026-07-06T09:25:40.0707064Z Start site prohibitted because the site is being blocked.
2026-07-06T09:25:40.6473459Z Site: qsaid-wi-api is unblocked.
2026-07-06T09:25:45.1654419Z State: Starting, Action: EstablishingSiteNetworks, LastError: ImagePullUnauthorizedFailure, LastErrorTimestamp: 07/06/2026 09:23:40, LastErrorDetails: Failed to pull image: qsaidacr.azurecr.io/qsaid-wi-api:latest. Image pull failed with forbidden or unauthorized. Check registry credentials., Details: Site is blocked due to multiple, consecutive cold start failures. Site scheduled to be unblocked at 07/06/2026 09:25:40, DetailsLevel: WARN
2026-07-06T09:25:47.1819127Z State: Starting, Action: StartingSiteContainers, LastError: ImagePullUnauthorizedFailure, LastErrorTimestamp: 07/06/2026 09:23:40, LastErrorDetails: Failed to pull image: qsaidacr.azurecr.io/qsaid-wi-api:latest. Image pull failed with forbidden or unauthorized. Check registry credentials., Details: Site is blocked due to multiple, consecutive cold start failures. Site scheduled to be unblocked at 07/06/2026 09:25:40, DetailsLevel: WARN
2026-07-06T09:25:47.1820256Z Container start method called.
2026-07-06T09:25:47.1820782Z State: Starting, Action: PullingImage, LastError: ImagePullUnauthorizedFailure, LastErrorTimestamp: 07/06/2026 09:23:40, LastErrorDetails: Failed to pull image: qsaidacr.azurecr.io/qsaid-wi-api:latest. Image pull failed with forbidden or unauthorized. Check registry credentials., Details: Pulling image qsaidacr.azurecr.io/qsaid-wi-api:latest for qsaid-wi-api., DetailsLevel: INFO
2026-07-06T09:25:47.1821622Z Establishing network.
2026-07-06T09:25:47.1822672Z Pulling image: qsaidacr.azurecr.io/qsaid-wi-api:latest.
2026-07-06T09:25:50.7169201Z Container pull image failed with reason: ImagePullFailure. Revert by terminate.
2026-07-06T09:25:50.7174979Z Container is terminating. Grace period: 5 seconds.
2026-07-06T09:25:50.7179293Z Container spec TerminationMessagePolicy  path 
2026-07-06T09:25:50.7187713Z Container is terminated. Total time elapsed: 0 ms.
2026-07-06T09:25:50.7189065Z Site container: qsaid-wi-api terminated during site startup.
2026-07-06T09:25:50.7189916Z State: Stopping, Action: CancellingStartup, LastError: ImagePullUnauthorizedFailure, LastErrorTimestamp: 07/06/2026 09:23:40, LastErrorDetails: Failed to pull image: qsaidacr.azurecr.io/qsaid-wi-api:latest. Image pull failed with forbidden or unauthorized. Check registry credentials., Details: Site container: qsaid-wi-api terminated during site startup. Cancelling site startup., DetailsLevel: ERR
2026-07-06T09:25:50.7195645Z State: Stopping, Action: CancellingStartup, LastError: ImagePullUnauthorizedFailure, LastErrorTimestamp: 07/06/2026 09:25:50, LastErrorDetails: Failed to pull image: qsaidacr.azurecr.io/qsaid-wi-api:latest. Image pull failed with forbidden or unauthorized. Check registry credentials., Details: Site container: qsaid-wi-api terminated during site startup. Cancelling site startup., DetailsLevel: ERR
2026-07-06T09:25:50.7497922Z Failed to start site. Revert by stopping site.
2026-07-06T09:25:50.7572350Z State: Stopping, Action: StoppingSite, LastError: ImagePullUnauthorizedFailure, LastErrorTimestamp: 07/06/2026 09:25:50, LastErrorDetails: Failed to pull image: qsaidacr.azurecr.io/qsaid-wi-api:latest. Image pull failed with forbidden or unauthorized. Check registry credentials., Details: Site container: qsaid-wi-api terminated during site startup. Cancelling site startup., DetailsLevel: ERR
2026-07-06T09:25:50.7578236Z State: Stopping, Action: StoppingSiteContainers, LastError: ImagePullUnauthorizedFailure, LastErrorTimestamp: 07/06/2026 09:25:50, LastErrorDetails: Failed to pull image: qsaidacr.azurecr.io/qsaid-wi-api:latest. Image pull failed with forbidden or unauthorized. Check registry credentials., Details: Site container: qsaid-wi-api terminated during site startup. Cancelling site startup., DetailsLevel: ERR
2026-07-06T09:25:50.7578460Z Site: qsaid-wi-api stopped.
2026-07-06T09:25:50.7690669Z State: Stopping, Action: UnmountingVolumes, LastError: ImagePullUnauthorizedFailure, LastErrorTimestamp: 07/06/2026 09:25:50, LastErrorDetails: Failed to pull image: qsaidacr.azurecr.io/qsaid-wi-api:latest. Image pull failed with forbidden or unauthorized. Check registry credentials., Details: Site container: qsaid-wi-api terminated during site startup. Cancelling site startup., DetailsLevel: ERR
2026-07-06T09:25:50.9797590Z State: Stopping, Action: StoppingSiteNetworks, LastError: ImagePullUnauthorizedFailure, LastErrorTimestamp: 07/06/2026 09:25:50, LastErrorDetails: Failed to pull image: qsaidacr.azurecr.io/qsaid-wi-api:latest. Image pull failed with forbidden or unauthorized. Check registry credentials., Details: Site container: qsaid-wi-api terminated during site startup. Cancelling site startup., DetailsLevel: ERR
2026-07-06T09:25:51.1811842Z Site: qsaid-wi-api will be blocked for 2 minutes till 07/06/2026 09:27:51
2026-07-06T09:25:51.1813849Z State: Blocked, Action: StoppingSiteNetworks, LastError: ImagePullUnauthorizedFailure, LastErrorTimestamp: 07/06/2026 09:25:50, LastErrorDetails: Failed to pull image: qsaidacr.azurecr.io/qsaid-wi-api:latest. Image pull failed with forbidden or unauthorized. Check registry credentials., Details: Site: qsaid-wi-api will be blocked for 2 minutes till 07/06/2026 09:27:51, DetailsLevel: WARN
2026-07-06T09:25:51.1823329Z State: Stopped, Action: None, LastError: ImagePullUnauthorizedFailure, LastErrorTimestamp: 07/06/2026 09:25:50, LastErrorDetails: Failed to pull image: qsaidacr.azurecr.io/qsaid-wi-api:latest. Image pull failed with forbidden or unauthorized. Check registry credentials., Details: Site stopped at 07/06/2026 09:25:51 (UTC), DetailsLevel: WARN
2026-07-06T09:25:51.5730037Z State: Stopped, Action: None, LastError: ImagePullUnauthorizedFailure, LastErrorTimestamp: 07/06/2026 09:25:50, LastErrorDetails: Failed to pull image: qsaidacr.azurecr.io/qsaid-wi-api:latest. Image pull failed with forbidden or unauthorized. Check registry credentials., Details: Site stopped at 07/06/2026 09:25:51 (UTC), DetailsLevel: WARN
2026-07-06T09:25:56.6430254Z State: Blocked, Action: None, LastError: ImagePullUnauthorizedFailure, LastErrorTimestamp: 07/06/2026 09:25:50, LastErrorDetails: Failed to pull image: qsaidacr.azurecr.io/qsaid-wi-api:latest. Image pull failed with forbidden or unauthorized. Check registry credentials., Details: Site is blocked due to multiple, consecutive cold start failures. Site scheduled to be unblocked at 07/06/2026 09:27:51, DetailsLevel: WARN
2026-07-06T09:25:56.6430895Z Start site prohibitted because the site is being blocked.
2026-07-06T09:26:01.8237201Z State: Blocked, Action: None, LastError: ImagePullUnauthorizedFailure, LastErrorTimestamp: 07/06/2026 09:25:50, LastErrorDetails: Failed to pull image: qsaidacr.azurecr.io/qsaid-wi-api:latest. Image pull failed with forbidden or unauthorized. Check registry credentials., Details: Site is blocked due to multiple, consecutive cold start failures. Site scheduled to be unblocked at 07/06/2026 09:27:51, DetailsLevel: WARN
2026-07-06T09:26:01.8237481Z Start site prohibitted because the site is being blocked.
2026-07-06T09:26:06.9623615Z State: Blocked, Action: None, LastError: ImagePullUnauthorizedFailure, LastErrorTimestamp: 07/06/2026 09:25:50, LastErrorDetails: Failed to pull image: qsaidacr.azurecr.io/qsaid-wi-api:latest. Image pull failed with forbidden or unauthorized. Check registry credentials., Details: Site is blocked due to multiple, consecutive cold start failures. Site scheduled to be unblocked at 07/06/2026 09:27:51, DetailsLevel: WARN
2026-07-06T09:26:06.9624129Z Start site prohibitted because the site is being blocked.
2026-07-06T09:26:12.0521605Z State: Blocked, Action: None, LastError: ImagePullUnauthorizedFailure, LastErrorTimestamp: 07/06/2026 09:25:50, LastErrorDetails: Failed to pull image: qsaidacr.azurecr.io/qsaid-wi-api:latest. Image pull failed with forbidden or unauthorized. Check registry credentials., Details: Site is blocked due to multiple, consecutive cold start failures. Site scheduled to be unblocked at 07/06/2026 09:27:51, DetailsLevel: WARN
2026-07-06T09:26:12.0521880Z Start site prohibitted because the site is being blocked.
2026-07-06T09:26:17.1361614Z State: Blocked, Action: None, LastError: ImagePullUnauthorizedFailure, LastErrorTimestamp: 07/06/2026 09:25:50, LastErrorDetails: Failed to pull image: qsaidacr.azurecr.io/qsaid-wi-api:latest. Image pull failed with forbidden or unauthorized. Check registry credentials., Details: Site is blocked due to multiple, consecutive cold start failures. Site scheduled to be unblocked at 07/06/2026 09:27:51, DetailsLevel: WARN
2026-07-06T09:26:17.1363897Z Start site prohibitted because the site is being blocked.
2026-07-06T09:26:22.2400925Z State: Blocked, Action: None, LastError: ImagePullUnauthorizedFailure, LastErrorTimestamp: 07/06/2026 09:25:50, LastErrorDetails: Failed to pull image: qsaidacr.azurecr.io/qsaid-wi-api:latest. Image pull failed with forbidden or unauthorized. Check registry credentials., Details: Site is blocked due to multiple, consecutive cold start failures. Site scheduled to be unblocked at 07/06/2026 09:27:51, DetailsLevel: WARN
2026-07-06T09:26:22.2401199Z Start site prohibitted because the site is being blocked.
2026-07-06T09:26:27.3537295Z State: Blocked, Action: None, LastError: ImagePullUnauthorizedFailure, LastErrorTimestamp: 07/06/2026 09:25:50, LastErrorDetails: Failed to pull image: qsaidacr.azurecr.io/qsaid-wi-api:latest. Image pull failed with forbidden or unauthorized. Check registry credentials., Details: Site is blocked due to multiple, consecutive cold start failures. Site scheduled to be unblocked at 07/06/2026 09:27:51, DetailsLevel: WARN
2026-07-06T09:26:27.3537881Z Start site prohibitted because the site is being blocked.
2026-07-06T09:26:32.5011433Z State: Blocked, Action: None, LastError: ImagePullUnauthorizedFailure, LastErrorTimestamp: 07/06/2026 09:25:50, LastErrorDetails: Failed to pull image: qsaidacr.azurecr.io/qsaid-wi-api:latest. Image pull failed with forbidden or unauthorized. Check registry credentials., Details: Site is blocked due to multiple, consecutive cold start failures. Site scheduled to be unblocked at 07/06/2026 09:27:51, DetailsLevel: WARN
2026-07-06T09:26:32.5012204Z Start site prohibitted because the site is being blocked.
2026-07-06T09:26:37.6247676Z State: Blocked, Action: None, LastError: ImagePullUnauthorizedFailure, LastErrorTimestamp: 07/06/2026 09:25:50, LastErrorDetails: Failed to pull image: qsaidacr.azurecr.io/qsaid-wi-api:latest. Image pull failed with forbidden or unauthorized. Check registry credentials., Details: Site is blocked due to multiple, consecutive cold start failures. Site scheduled to be unblocked at 07/06/2026 09:27:51, DetailsLevel: WARN
2026-07-06T09:26:37.6248214Z Start site prohibitted because the site is being blocked.
2026-07-06T09:26:42.7558613Z State: Blocked, Action: None, LastError: ImagePullUnauthorizedFailure, LastErrorTimestamp: 07/06/2026 09:25:50, LastErrorDetails: Failed to pull image: qsaidacr.azurecr.io/qsaid-wi-api:latest. Image pull failed with forbidden or unauthorized. Check registry credentials., Details: Site is blocked due to multiple, consecutive cold start failures. Site scheduled to be unblocked at 07/06/2026 09:27:51, DetailsLevel: WARN
2026-07-06T09:26:42.7558915Z Start site prohibitted because the site is being blocked.
2026-07-06T09:26:47.9131391Z State: Blocked, Action: None, LastError: ImagePullUnauthorizedFailure, LastErrorTimestamp: 07/06/2026 09:25:50, LastErrorDetails: Failed to pull image: qsaidacr.azurecr.io/qsaid-wi-api:latest. Image pull failed with forbidden or unauthorized. Check registry credentials., Details: Site is blocked due to multiple, consecutive cold start failures. Site scheduled to be unblocked at 07/06/2026 09:27:51, DetailsLevel: WARN
2026-07-06T09:26:47.9132487Z Start site prohibitted because the site is being blocked.
2026-07-06T09:26:53.0022862Z State: Blocked, Action: None, LastError: ImagePullUnauthorizedFailure, LastErrorTimestamp: 07/06/2026 09:25:50, LastErrorDetails: Failed to pull image: qsaidacr.azurecr.io/qsaid-wi-api:latest. Image pull failed with forbidden or unauthorized. Check registry credentials., Details: Site is blocked due to multiple, consecutive cold start failures. Site scheduled to be unblocked at 07/06/2026 09:27:51, DetailsLevel: WARN
2026-07-06T09:26:53.0023181Z Start site prohibitted because the site is being blocked.
2026-07-06T09:26:58.1114569Z State: Blocked, Action: None, LastError: ImagePullUnauthorizedFailure, LastErrorTimestamp: 07/06/2026 09:25:50, LastErrorDetails: Failed to pull image: qsaidacr.azurecr.io/qsaid-wi-api:latest. Image pull failed with forbidden or unauthorized. Check registry credentials., Details: Site is blocked due to multiple, consecutive cold start failures. Site scheduled to be unblocked at 07/06/2026 09:27:51, DetailsLevel: WARN
2026-07-06T09:26:58.1118680Z Start site prohibitted because the site is being blocked.
2026-07-06T09:27:03.2086815Z State: Blocked, Action: None, LastError: ImagePullUnauthorizedFailure, LastErrorTimestamp: 07/06/2026 09:25:50, LastErrorDetails: Failed to pull image: qsaidacr.azurecr.io/qsaid-wi-api:latest. Image pull failed with forbidden or unauthorized. Check registry credentials., Details: Site is blocked due to multiple, consecutive cold start failures. Site scheduled to be unblocked at 07/06/2026 09:27:51, DetailsLevel: WARN
2026-07-06T09:27:03.2087352Z Start site prohibitted because the site is being blocked.
2026-07-06T09:27:08.3017585Z State: Blocked, Action: None, LastError: ImagePullUnauthorizedFailure, LastErrorTimestamp: 07/06/2026 09:25:50, LastErrorDetails: Failed to pull image: qsaidacr.azurecr.io/qsaid-wi-api:latest. Image pull failed with forbidden or unauthorized. Check registry credentials., Details: Site is blocked due to multiple, consecutive cold start failures. Site scheduled to be unblocked at 07/06/2026 09:27:51, DetailsLevel: WARN
2026-07-06T09:27:08.3020039Z Start site prohibitted because the site is being blocked.
2026-07-06T09:27:13.4513233Z State: Blocked, Action: None, LastError: ImagePullUnauthorizedFailure, LastErrorTimestamp: 07/06/2026 09:25:50, LastErrorDetails: Failed to pull image: qsaidacr.azurecr.io/qsaid-wi-api:latest. Image pull failed with forbidden or unauthorized. Check registry credentials., Details: Site is blocked due to multiple, consecutive cold start failures. Site scheduled to be unblocked at 07/06/2026 09:27:51, DetailsLevel: WARN
2026-07-06T09:27:13.4513527Z Start site prohibitted because the site is being blocked.
2026-07-06T09:27:18.5949262Z State: Blocked, Action: None, LastError: ImagePullUnauthorizedFailure, LastErrorTimestamp: 07/06/2026 09:25:50, LastErrorDetails: Failed to pull image: qsaidacr.azurecr.io/qsaid-wi-api:latest. Image pull failed with forbidden or unauthorized. Check registry credentials., Details: Site is blocked due to multiple, consecutive cold start failures. Site scheduled to be unblocked at 07/06/2026 09:27:51, DetailsLevel: WARN
2026-07-06T09:27:18.5949876Z Start site prohibitted because the site is being blocked.
2026-07-06T09:27:23.7873956Z State: Blocked, Action: None, LastError: ImagePullUnauthorizedFailure, LastErrorTimestamp: 07/06/2026 09:25:50, LastErrorDetails: Failed to pull image: qsaidacr.azurecr.io/qsaid-wi-api:latest. Image pull failed with forbidden or unauthorized. Check registry credentials., Details: Site is blocked due to multiple, consecutive cold start failures. Site scheduled to be unblocked at 07/06/2026 09:27:51, DetailsLevel: WARN
2026-07-06T09:27:23.7874269Z Start site prohibitted because the site is being blocked.
2026-07-06T09:27:29.0221322Z State: Blocked, Action: None, LastError: ImagePullUnauthorizedFailure, LastErrorTimestamp: 07/06/2026 09:25:50, LastErrorDetails: Failed to pull image: qsaidacr.azurecr.io/qsaid-wi-api:latest. Image pull failed with forbidden or unauthorized. Check registry credentials., Details: Site is blocked due to multiple, consecutive cold start failures. Site scheduled to be unblocked at 07/06/2026 09:27:51, DetailsLevel: WARN
2026-07-06T09:27:29.0222823Z Start site prohibitted because the site is being blocked.
2026-07-06T09:27:34.1436963Z State: Blocked, Action: None, LastError: ImagePullUnauthorizedFailure, LastErrorTimestamp: 07/06/2026 09:25:50, LastErrorDetails: Failed to pull image: qsaidacr.azurecr.io/qsaid-wi-api:latest. Image pull failed with forbidden or unauthorized. Check registry credentials., Details: Site is blocked due to multiple, consecutive cold start failures. Site scheduled to be unblocked at 07/06/2026 09:27:51, DetailsLevel: WARN
2026-07-06T09:27:34.1437520Z Start site prohibitted because the site is being blocked.
2026-07-06T09:27:39.2447181Z State: Blocked, Action: None, LastError: ImagePullUnauthorizedFailure, LastErrorTimestamp: 07/06/2026 09:25:50, LastErrorDetails: Failed to pull image: qsaidacr.azurecr.io/qsaid-wi-api:latest. Image pull failed with forbidden or unauthorized. Check registry credentials., Details: Site is blocked due to multiple, consecutive cold start failures. Site scheduled to be unblocked at 07/06/2026 09:27:51, DetailsLevel: WARN
2026-07-06T09:27:39.2447896Z Start site prohibitted because the site is being blocked.
2026-07-06T09:27:44.3436504Z State: Blocked, Action: None, LastError: ImagePullUnauthorizedFailure, LastErrorTimestamp: 07/06/2026 09:25:50, LastErrorDetails: Failed to pull image: qsaidacr.azurecr.io/qsaid-wi-api:latest. Image pull failed with forbidden or unauthorized. Check registry credentials., Details: Site is blocked due to multiple, consecutive cold start failures. Site scheduled to be unblocked at 07/06/2026 09:27:51, DetailsLevel: WARN
2026-07-06T09:27:44.3437052Z Start site prohibitted because the site is being blocked.
2026-07-06T09:27:49.4478123Z State: Blocked, Action: None, LastError: ImagePullUnauthorizedFailure, LastErrorTimestamp: 07/06/2026 09:25:50, LastErrorDetails: Failed to pull image: qsaidacr.azurecr.io/qsaid-wi-api:latest. Image pull failed with forbidden or unauthorized. Check registry credentials., Details: Site is blocked due to multiple, consecutive cold start failures. Site scheduled to be unblocked at 07/06/2026 09:27:51, DetailsLevel: WARN
2026-07-06T09:27:49.4478436Z Start site prohibitted because the site is being blocked.
2026-07-06T09:27:51.1829430Z Site: qsaid-wi-api is unblocked.
2026-07-06T09:27:54.5197684Z State: Starting, Action: EstablishingSiteNetworks, LastError: ImagePullUnauthorizedFailure, LastErrorTimestamp: 07/06/2026 09:25:50, LastErrorDetails: Failed to pull image: qsaidacr.azurecr.io/qsaid-wi-api:latest. Image pull failed with forbidden or unauthorized. Check registry credentials., Details: Site is blocked due to multiple, consecutive cold start failures. Site scheduled to be unblocked at 07/06/2026 09:27:51, DetailsLevel: WARN
2026-07-06T09:27:55.9777914Z State: Starting, Action: StartingSiteContainers, LastError: ImagePullUnauthorizedFailure, LastErrorTimestamp: 07/06/2026 09:25:50, LastErrorDetails: Failed to pull image: qsaidacr.azurecr.io/qsaid-wi-api:latest. Image pull failed with forbidden or unauthorized. Check registry credentials., Details: Site is blocked due to multiple, consecutive cold start failures. Site scheduled to be unblocked at 07/06/2026 09:27:51, DetailsLevel: WARN
2026-07-06T09:27:55.9779192Z Container start method called.
2026-07-06T09:27:55.9779664Z State: Starting, Action: PullingImage, LastError: ImagePullUnauthorizedFailure, LastErrorTimestamp: 07/06/2026 09:25:50, LastErrorDetails: Failed to pull image: qsaidacr.azurecr.io/qsaid-wi-api:latest. Image pull failed with forbidden or unauthorized. Check registry credentials., Details: Pulling image qsaidacr.azurecr.io/qsaid-wi-api:latest for qsaid-wi-api., DetailsLevel: INFO
2026-07-06T09:27:55.9780456Z Establishing network.
2026-07-06T09:27:55.9781474Z Pulling image: qsaidacr.azurecr.io/qsaid-wi-api:latest.
2026-07-06T09:27:59.0379470Z Container pull image failed with reason: ImagePullFailure. Revert by terminate.
2026-07-06T09:27:59.0382066Z Container is terminating. Grace period: 5 seconds.
2026-07-06T09:27:59.0389636Z Container spec TerminationMessagePolicy  path 
2026-07-06T09:27:59.0567407Z Container is terminated. Total time elapsed: 17 ms.
2026-07-06T09:27:59.0572105Z Site container: qsaid-wi-api terminated during site startup.
2026-07-06T09:27:59.0579467Z State: Stopping, Action: CancellingStartup, LastError: ImagePullUnauthorizedFailure, LastErrorTimestamp: 07/06/2026 09:25:50, LastErrorDetails: Failed to pull image: qsaidacr.azurecr.io/qsaid-wi-api:latest. Image pull failed with forbidden or unauthorized. Check registry credentials., Details: Site container: qsaid-wi-api terminated during site startup. Cancelling site startup., DetailsLevel: ERR
2026-07-06T09:27:59.0667128Z State: Stopping, Action: CancellingStartup, LastError: ImagePullUnauthorizedFailure, LastErrorTimestamp: 07/06/2026 09:27:59, LastErrorDetails: Failed to pull image: qsaidacr.azurecr.io/qsaid-wi-api:latest. Image pull failed with forbidden or unauthorized. Check registry credentials., Details: Site container: qsaid-wi-api terminated during site startup. Cancelling site startup., DetailsLevel: ERR
2026-07-06T09:27:59.0781073Z Failed to start site. Revert by stopping site.
2026-07-06T09:27:59.0860060Z State: Stopping, Action: StoppingSite, LastError: ImagePullUnauthorizedFailure, LastErrorTimestamp: 07/06/2026 09:27:59, LastErrorDetails: Failed to pull image: qsaidacr.azurecr.io/qsaid-wi-api:latest. Image pull failed with forbidden or unauthorized. Check registry credentials., Details: Site container: qsaid-wi-api terminated during site startup. Cancelling site startup., DetailsLevel: ERR
2026-07-06T09:27:59.0862678Z State: Stopping, Action: StoppingSiteContainers, LastError: ImagePullUnauthorizedFailure, LastErrorTimestamp: 07/06/2026 09:27:59, LastErrorDetails: Failed to pull image: qsaidacr.azurecr.io/qsaid-wi-api:latest. Image pull failed with forbidden or unauthorized. Check registry credentials., Details: Site container: qsaid-wi-api terminated during site startup. Cancelling site startup., DetailsLevel: ERR
2026-07-06T09:27:59.0862897Z Site: qsaid-wi-api stopped.
2026-07-06T09:47:25.8704442Z State: Starting, Action: EstablishingSiteNetworks, LastError: ImagePullUnauthorizedFailure, LastErrorTimestamp: 07/06/2026 09:27:59, LastErrorDetails: Failed to pull image: qsaidacr.azurecr.io/qsaid-wi-api:latest. Image pull failed with forbidden or unauthorized. Check registry credentials., Details: Site is blocked due to multiple, consecutive cold start failures. Site scheduled to be unblocked at 07/06/2026 09:29:59, DetailsLevel: WARN
2026-07-06T09:47:27.3977879Z State: Starting, Action: StartingSiteContainers, LastError: ImagePullUnauthorizedFailure, LastErrorTimestamp: 07/06/2026 09:27:59, LastErrorDetails: Failed to pull image: qsaidacr.azurecr.io/qsaid-wi-api:latest. Image pull failed with forbidden or unauthorized. Check registry credentials., Details: Site is blocked due to multiple, consecutive cold start failures. Site scheduled to be unblocked at 07/06/2026 09:29:59, DetailsLevel: WARN
2026-07-06T09:47:27.3981008Z Container start method called.
2026-07-06T09:47:27.3981733Z State: Starting, Action: PullingImage, LastError: ImagePullUnauthorizedFailure, LastErrorTimestamp: 07/06/2026 09:27:59, LastErrorDetails: Failed to pull image: qsaidacr.azurecr.io/qsaid-wi-api:latest. Image pull failed with forbidden or unauthorized. Check registry credentials., Details: Pulling image qsaidacr.azurecr.io/qsaid-wi-api:latest for qsaid-wi-api., DetailsLevel: INFO
2026-07-06T09:47:27.3982761Z Establishing network.
2026-07-06T09:47:27.3983870Z Pulling image: qsaidacr.azurecr.io/qsaid-wi-api:latest.
2026-07-06T09:48:07.4850511Z Image qsaidacr.azurecr.io/qsaid-wi-api:latest is pulled from registry qsaidacr.azurecr.io
2026-07-06T09:48:07.4861072Z Container is starting.
2026-07-06T09:48:07.4971413Z State: Starting, Action: MountingVolumes, LastError: ImagePullUnauthorizedFailure, LastErrorTimestamp: 07/06/2026 09:27:59, LastErrorDetails: Failed to pull image: qsaidacr.azurecr.io/qsaid-wi-api:latest. Image pull failed with forbidden or unauthorized. Check registry credentials., Details: Mounting volumes for qsaid-wi-api., DetailsLevel: INFO
2026-07-06T09:48:07.5048651Z Establishing user namespace if not established already.
2026-07-06T09:48:07.5055611Z Establishing network if not established already.
2026-07-06T09:48:07.5059559Z Mounting volumes.
2026-07-06T09:48:07.5067654Z Nested mountpoint volatile/logs
2026-07-06T09:48:07.5255797Z Nested mountpoint 
2026-07-06T09:48:07.5754681Z Nested mountpoint 
2026-07-06T09:48:07.6164578Z State: Starting, Action: CreatingContainer, LastError: ImagePullUnauthorizedFailure, LastErrorTimestamp: 07/06/2026 09:27:59, LastErrorDetails: Failed to pull image: qsaidacr.azurecr.io/qsaid-wi-api:latest. Image pull failed with forbidden or unauthorized. Check registry credentials., Details: Finished pulling container image and mounting volumes for qsaid-wi-api. Allocatinng the rest of the container resources to finish container creation., DetailsLevel: INFO
2026-07-06T09:48:07.6165517Z Creating container.
2026-07-06T09:48:07.6166280Z Creating pipes for streaming container io.
2026-07-06T09:48:07.6167120Z Creating stdout named pipe at /podr/container/pipe/b5176de9a5f1_qsaid-wi-api/stdout_728c7320081f4d73a6e43814ffc5bca6.
2026-07-06T09:48:07.6266869Z Successfully created stdout named pipe at: /podr/container/pipe/b5176de9a5f1_qsaid-wi-api/stdout_728c7320081f4d73a6e43814ffc5bca6.
2026-07-06T09:48:07.6267778Z Opening named pipe /podr/container/pipe/b5176de9a5f1_qsaid-wi-api/stdout_728c7320081f4d73a6e43814ffc5bca6 for reading in non-blocking mode.
2026-07-06T09:48:07.6268799Z Successfully opened named pipe: /podr/container/pipe/b5176de9a5f1_qsaid-wi-api/stdout_728c7320081f4d73a6e43814ffc5bca6.
2026-07-06T09:48:07.6269557Z Successfully removed non-blocking flag from /podr/container/pipe/b5176de9a5f1_qsaid-wi-api/stdout_728c7320081f4d73a6e43814ffc5bca6.
2026-07-06T09:48:07.6574431Z Creating stderr named pipe at /podr/container/pipe/b5176de9a5f1_qsaid-wi-api/stderr_9f819b05cad7475298c170aaa29f5b09.
2026-07-06T09:48:07.6576058Z Successfully created stderr named pipe at: /podr/container/pipe/b5176de9a5f1_qsaid-wi-api/stderr_9f819b05cad7475298c170aaa29f5b09.
2026-07-06T09:48:07.6576813Z Opening named pipe /podr/container/pipe/b5176de9a5f1_qsaid-wi-api/stderr_9f819b05cad7475298c170aaa29f5b09 for reading in non-blocking mode.
2026-07-06T09:48:07.6577723Z Successfully opened named pipe: /podr/container/pipe/b5176de9a5f1_qsaid-wi-api/stderr_9f819b05cad7475298c170aaa29f5b09.
2026-07-06T09:48:07.6578464Z Successfully removed non-blocking flag from /podr/container/pipe/b5176de9a5f1_qsaid-wi-api/stderr_9f819b05cad7475298c170aaa29f5b09.
2026-07-06T09:48:07.6771390Z Creating container with image: qsaidacr.azurecr.io/qsaid-wi-api:latest from registry: qsaidacr.azurecr.io and fully qualified image name: qsaidacr.azurecr.io/qsaid-wi-api:latest
2026-07-06T09:48:08.3438972Z Starting container: b5176de9a5f1_qsaid-wi-api.
2026-07-06T09:48:08.4016111Z Starting watchers and probes.
2026-07-06T09:48:08.4110536Z Starting metrics collection.
2026-07-06T09:48:08.4312317Z Container is running.
2026-07-06T09:48:08.4326227Z State: Starting, Action: CreatingContainer, LastError: ImagePullUnauthorizedFailure, LastErrorTimestamp: 07/06/2026 09:27:59, LastErrorDetails: Failed to pull image: qsaidacr.azurecr.io/qsaid-wi-api:latest. Image pull failed with forbidden or unauthorized. Check registry credentials., Details: Container qsaid-wi-api successfully created and is running., DetailsLevel: INFO
2026-07-06T09:48:08.9453161Z Container start method finished after 41537 ms.
2026-07-06T09:48:08.9455592Z State: Starting, Action: InitiatingSiteWarmUpProbe, LastError: ImagePullUnauthorizedFailure, LastErrorTimestamp: 07/06/2026 09:27:59, LastErrorDetails: Failed to pull image: qsaidacr.azurecr.io/qsaid-wi-api:latest. Image pull failed with forbidden or unauthorized. Check registry credentials., Details: Container qsaid-wi-api successfully created and is running., DetailsLevel: INFO
2026-07-06T09:48:08.9455826Z State: Starting, Action: WaitingForSiteWarmUpProbeSuccess, LastError: ImagePullUnauthorizedFailure, LastErrorTimestamp: 07/06/2026 09:27:59, LastErrorDetails: Failed to pull image: qsaidacr.azurecr.io/qsaid-wi-api:latest. Image pull failed with forbidden or unauthorized. Check registry credentials., Details: Pinging warmup path to ensure container is ready to receive requests., DetailsLevel: INFO
2026-07-06T09:48:08.9542730Z Container has finished running with exit code: 2.
2026-07-06T09:48:08.9544939Z Container is terminating. Grace period: 5 seconds.
2026-07-06T09:48:09.0460443Z Stop and delete container. Retry count = 0
2026-07-06T09:48:09.0547794Z Stopping container: b5176de9a5f1_qsaid-wi-api.
2026-07-06T09:48:09.2449806Z Deleting container: b5176de9a5f1_qsaid-wi-api. Retry count = 0
2026-07-06T09:48:09.7190498Z Container spec TerminationMessagePolicy  path 
2026-07-06T09:48:09.7279996Z Container is terminated. Total time elapsed: 765 ms.
2026-07-06T09:48:09.7287859Z Site container: qsaid-wi-api terminated during site startup.
2026-07-06T09:48:09.7294565Z State: Stopping, Action: CancellingStartup, LastError: ImagePullUnauthorizedFailure, LastErrorTimestamp: 07/06/2026 09:27:59, LastErrorDetails: Failed to pull image: qsaidacr.azurecr.io/qsaid-wi-api:latest. Image pull failed with forbidden or unauthorized. Check registry credentials., Details: Site container: qsaid-wi-api terminated during site startup. Cancelling site startup., DetailsLevel: ERR
2026-07-06T09:48:09.7498401Z Site startup probe failed after 0.7562982 seconds.
2026-07-06T09:48:09.9106940Z State: Stopping, Action: CancellingStartup, LastError: ContainerTimeout, LastErrorTimestamp: 07/06/2026 09:48:09, LastErrorDetails: Container did not start within expected time limit of 230s. Please inspect your container logs for more details., Details: Site container: qsaid-wi-api terminated during site startup. Cancelling site startup., DetailsLevel: ERR
2026-07-06T09:48:09.9197134Z Failed to start site. Revert by stopping site.
2026-07-06T09:48:09.9205278Z State: Stopping, Action: StoppingSite, LastError: ContainerTimeout, LastErrorTimestamp: 07/06/2026 09:48:09, LastErrorDetails: Container did not start within expected time limit of 230s. Please inspect your container logs for more details., Details: Site container: qsaid-wi-api terminated during site startup. Cancelling site startup., DetailsLevel: ERR
2026-07-06T09:48:09.9303648Z State: Stopping, Action: StoppingSiteContainers, LastError: ContainerTimeout, LastErrorTimestamp: 07/06/2026 09:48:09, LastErrorDetails: Container did not start within expected time limit of 230s. Please inspect your container logs for more details., Details: Site container: qsaid-wi-api terminated during site startup. Cancelling site startup., DetailsLevel: ERR
2026-07-06T09:48:09.9303965Z Site: qsaid-wi-api stopped.
2026-07-06T09:48:09.9403095Z State: Stopping, Action: UnmountingVolumes, LastError: ContainerTimeout, LastErrorTimestamp: 07/06/2026 09:48:09, LastErrorDetails: Container did not start within expected time limit of 230s. Please inspect your container logs for more details., Details: Site container: qsaid-wi-api terminated during site startup. Cancelling site startup., DetailsLevel: ERR
2026-07-06T09:48:10.1950933Z State: Stopping, Action: StoppingSiteNetworks, LastError: ContainerTimeout, LastErrorTimestamp: 07/06/2026 09:48:09, LastErrorDetails: Container did not start within expected time limit of 230s. Please inspect your container logs for more details., Details: Site container: qsaid-wi-api terminated during site startup. Cancelling site startup., DetailsLevel: ERR
2026-07-06T09:48:10.5289704Z State: Stopped, Action: None, LastError: ContainerTimeout, LastErrorTimestamp: 07/06/2026 09:48:09, LastErrorDetails: Container did not start within expected time limit of 230s. Please inspect your container logs for more details., Details: Site stopped at 07/06/2026 09:48:10 (UTC), DetailsLevel: ERR
2026-07-06T09:48:10.9560562Z State: Stopped, Action: None, LastError: ContainerTimeout, LastErrorTimestamp: 07/06/2026 09:48:09, LastErrorDetails: Container did not start within expected time limit of 230s. Please inspect your container logs for more details., Details: Site stopped at 07/06/2026 09:48:10 (UTC), DetailsLevel: ERR
2026-07-06T09:48:11.2952227Z State: Starting, Action: EstablishingSiteNetworks, LastError: ContainerTimeout, LastErrorTimestamp: 07/06/2026 09:48:09, LastErrorDetails: Container did not start within expected time limit of 230s. Please inspect your container logs for more details., Details: Site stopped at 07/06/2026 09:48:10 (UTC), DetailsLevel: ERR
2026-07-06T09:48:12.3794650Z State: Starting, Action: StartingSiteContainers, LastError: ContainerTimeout, LastErrorTimestamp: 07/06/2026 09:48:09, LastErrorDetails: Container did not start within expected time limit of 230s. Please inspect your container logs for more details., Details: Site stopped at 07/06/2026 09:48:10 (UTC), DetailsLevel: ERR
2026-07-06T09:48:12.3796135Z Container start method called.
2026-07-06T09:48:12.3798720Z State: Starting, Action: PullingImage, LastError: ContainerTimeout, LastErrorTimestamp: 07/06/2026 09:48:09, LastErrorDetails: Container did not start within expected time limit of 230s. Please inspect your container logs for more details., Details: Pulling image qsaidacr.azurecr.io/qsaid-wi-api:latest for qsaid-wi-api., DetailsLevel: INFO
2026-07-06T09:48:12.3799930Z Establishing network.
2026-07-06T09:48:12.3801132Z Pulling image: qsaidacr.azurecr.io/qsaid-wi-api:latest.
2026-07-06T09:48:12.6823690Z Container is starting.
2026-07-06T09:48:12.6903178Z State: Starting, Action: MountingVolumes, LastError: ContainerTimeout, LastErrorTimestamp: 07/06/2026 09:48:09, LastErrorDetails: Container did not start within expected time limit of 230s. Please inspect your container logs for more details., Details: Mounting volumes for qsaid-wi-api., DetailsLevel: INFO
2026-07-06T09:48:12.7000675Z Establishing user namespace if not established already.
2026-07-06T09:48:12.7001865Z Establishing network if not established already.
2026-07-06T09:48:12.7002925Z Mounting volumes.
2026-07-06T09:48:12.7004683Z Nested mountpoint volatile/logs
2026-07-06T09:48:12.7417685Z Nested mountpoint 
2026-07-06T09:48:12.7603334Z Nested mountpoint 
2026-07-06T09:48:12.7727129Z State: Starting, Action: CreatingContainer, LastError: ContainerTimeout, LastErrorTimestamp: 07/06/2026 09:48:09, LastErrorDetails: Container did not start within expected time limit of 230s. Please inspect your container logs for more details., Details: Finished pulling container image and mounting volumes for qsaid-wi-api. Allocatinng the rest of the container resources to finish container creation., DetailsLevel: INFO
2026-07-06T09:48:12.7727973Z Creating container.
2026-07-06T09:48:12.7728786Z Creating pipes for streaming container io.
2026-07-06T09:48:12.7729547Z Creating stdout named pipe at /podr/container/pipe/2f6e2b7eaf42_qsaid-wi-api/stdout_632fcf48550e47e7a0df476acb2d3c34.
2026-07-06T09:48:12.8098598Z Successfully created stdout named pipe at: /podr/container/pipe/2f6e2b7eaf42_qsaid-wi-api/stdout_632fcf48550e47e7a0df476acb2d3c34.
2026-07-06T09:48:12.8101770Z Opening named pipe /podr/container/pipe/2f6e2b7eaf42_qsaid-wi-api/stdout_632fcf48550e47e7a0df476acb2d3c34 for reading in non-blocking mode.
2026-07-06T09:48:12.8103135Z Successfully opened named pipe: /podr/container/pipe/2f6e2b7eaf42_qsaid-wi-api/stdout_632fcf48550e47e7a0df476acb2d3c34.
2026-07-06T09:48:12.8104263Z Successfully removed non-blocking flag from /podr/container/pipe/2f6e2b7eaf42_qsaid-wi-api/stdout_632fcf48550e47e7a0df476acb2d3c34.
2026-07-06T09:48:12.8116077Z Creating stderr named pipe at /podr/container/pipe/2f6e2b7eaf42_qsaid-wi-api/stderr_ba869d23878d477097df71b0ea74aa4b.
2026-07-06T09:48:12.8218967Z Successfully created stderr named pipe at: /podr/container/pipe/2f6e2b7eaf42_qsaid-wi-api/stderr_ba869d23878d477097df71b0ea74aa4b.
2026-07-06T09:48:12.8221672Z Opening named pipe /podr/container/pipe/2f6e2b7eaf42_qsaid-wi-api/stderr_ba869d23878d477097df71b0ea74aa4b for reading in non-blocking mode.
2026-07-06T09:48:12.8224420Z Successfully opened named pipe: /podr/container/pipe/2f6e2b7eaf42_qsaid-wi-api/stderr_ba869d23878d477097df71b0ea74aa4b.
2026-07-06T09:48:12.8410877Z Successfully removed non-blocking flag from /podr/container/pipe/2f6e2b7eaf42_qsaid-wi-api/stderr_ba869d23878d477097df71b0ea74aa4b.
2026-07-06T09:48:12.8413195Z Creating container with image: qsaidacr.azurecr.io/qsaid-wi-api:latest from registry: qsaidacr.azurecr.io and fully qualified image name: qsaidacr.azurecr.io/qsaid-wi-api:latest
2026-07-06T09:48:13.6347129Z Starting container: 2f6e2b7eaf42_qsaid-wi-api.
2026-07-06T09:48:13.7268542Z Starting watchers and probes.
2026-07-06T09:48:13.7768310Z Starting metrics collection.
2026-07-06T09:48:13.7770769Z Container is running.
2026-07-06T09:48:13.7775452Z State: Starting, Action: CreatingContainer, LastError: ContainerTimeout, LastErrorTimestamp: 07/06/2026 09:48:09, LastErrorDetails: Container did not start within expected time limit of 230s. Please inspect your container logs for more details., Details: Container qsaid-wi-api successfully created and is running., DetailsLevel: INFO
2026-07-06T09:48:13.8369109Z Container start method finished after 1456 ms.
2026-07-06T09:48:13.8376168Z State: Starting, Action: InitiatingSiteWarmUpProbe, LastError: ContainerTimeout, LastErrorTimestamp: 07/06/2026 09:48:09, LastErrorDetails: Container did not start within expected time limit of 230s. Please inspect your container logs for more details., Details: Container qsaid-wi-api successfully created and is running., DetailsLevel: INFO
2026-07-06T09:48:13.8376431Z State: Starting, Action: WaitingForSiteWarmUpProbeSuccess, LastError: ContainerTimeout, LastErrorTimestamp: 07/06/2026 09:48:09, LastErrorDetails: Container did not start within expected time limit of 230s. Please inspect your container logs for more details., Details: Pinging warmup path to ensure container is ready to receive requests., DetailsLevel: INFO
2026-07-06T09:48:13.8383500Z Container has finished running with exit code: 2.
2026-07-06T09:48:13.9172871Z Container is terminating. Grace period: 5 seconds.
2026-07-06T09:48:13.9184423Z Stop and delete container. Retry count = 0
2026-07-06T09:48:13.9185385Z Stopping container: 2f6e2b7eaf42_qsaid-wi-api.
2026-07-06T09:48:14.0268589Z Deleting container: 2f6e2b7eaf42_qsaid-wi-api. Retry count = 0
2026-07-06T09:48:14.2099785Z Container spec TerminationMessagePolicy  path 
2026-07-06T09:48:14.2176824Z Container is terminated. Total time elapsed: 292 ms.
2026-07-06T09:48:14.2180712Z Site container: qsaid-wi-api terminated during site startup.
2026-07-06T09:48:14.2182505Z State: Stopping, Action: CancellingStartup, LastError: ContainerTimeout, LastErrorTimestamp: 07/06/2026 09:48:09, LastErrorDetails: Container did not start within expected time limit of 230s. Please inspect your container logs for more details., Details: Site container: qsaid-wi-api terminated during site startup. Cancelling site startup., DetailsLevel: ERR
2026-07-06T09:48:14.2196504Z Site startup probe failed after 0.3528949 seconds.
2026-07-06T09:48:14.3392449Z State: Stopping, Action: CancellingStartup, LastError: ContainerTimeout, LastErrorTimestamp: 07/06/2026 09:48:14, LastErrorDetails: Container did not start within expected time limit of 230s. Please inspect your container logs for more details., Details: Site container: qsaid-wi-api terminated during site startup. Cancelling site startup., DetailsLevel: ERR
2026-07-06T09:48:14.3404014Z Failed to start site. Revert by stopping site.
2026-07-06T09:48:14.3406451Z State: Stopping, Action: StoppingSite, LastError: ContainerTimeout, LastErrorTimestamp: 07/06/2026 09:48:14, LastErrorDetails: Container did not start within expected time limit of 230s. Please inspect your container logs for more details., Details: Site container: qsaid-wi-api terminated during site startup. Cancelling site startup., DetailsLevel: ERR
2026-07-06T09:48:14.3504322Z State: Stopping, Action: StoppingSiteContainers, LastError: ContainerTimeout, LastErrorTimestamp: 07/06/2026 09:48:14, LastErrorDetails: Container did not start within expected time limit of 230s. Please inspect your container logs for more details., Details: Site container: qsaid-wi-api terminated during site startup. Cancelling site startup., DetailsLevel: ERR
2026-07-06T09:48:14.3504639Z Site: qsaid-wi-api stopped.
2026-07-06T09:48:14.3600972Z State: Stopping, Action: UnmountingVolumes, LastError: ContainerTimeout, LastErrorTimestamp: 07/06/2026 09:48:14, LastErrorDetails: Container did not start within expected time limit of 230s. Please inspect your container logs for more details., Details: Site container: qsaid-wi-api terminated during site startup. Cancelling site startup., DetailsLevel: ERR
2026-07-06T09:48:14.5523387Z State: Stopping, Action: StoppingSiteNetworks, LastError: ContainerTimeout, LastErrorTimestamp: 07/06/2026 09:48:14, LastErrorDetails: Container did not start within expected time limit of 230s. Please inspect your container logs for more details., Details: Site container: qsaid-wi-api terminated during site startup. Cancelling site startup., DetailsLevel: ERR
2026-07-06T09:48:14.8163625Z Site: qsaid-wi-api will be blocked for 1 minutes till 07/06/2026 09:49:14
2026-07-06T09:48:14.8168293Z State: Blocked, Action: StoppingSiteNetworks, LastError: ContainerTimeout, LastErrorTimestamp: 07/06/2026 09:48:14, LastErrorDetails: Container did not start within expected time limit of 230s. Please inspect your container logs for more details., Details: Site: qsaid-wi-api will be blocked for 1 minutes till 07/06/2026 09:49:14, DetailsLevel: WARN
2026-07-06T09:48:14.8174059Z State: Stopped, Action: None, LastError: ContainerTimeout, LastErrorTimestamp: 07/06/2026 09:48:14, LastErrorDetails: Container did not start within expected time limit of 230s. Please inspect your container logs for more details., Details: Site stopped at 07/06/2026 09:48:14 (UTC), DetailsLevel: WARN
2026-07-06T09:48:15.1207553Z State: Stopped, Action: None, LastError: ContainerTimeout, LastErrorTimestamp: 07/06/2026 09:48:14, LastErrorDetails: Container did not start within expected time limit of 230s. Please inspect your container logs for more details., Details: Site stopped at 07/06/2026 09:48:14 (UTC), DetailsLevel: WARN
2026-07-06T09:48:15.3821639Z State: Blocked, Action: None, LastError: ContainerTimeout, LastErrorTimestamp: 07/06/2026 09:48:14, LastErrorDetails: Container did not start within expected time limit of 230s. Please inspect your container logs for more details., Details: Site is blocked due to multiple, consecutive cold start failures. Site scheduled to be unblocked at 07/06/2026 09:49:14, DetailsLevel: WARN
2026-07-06T09:48:15.3894898Z Start site prohibitted because the site is being blocked.
2026-07-06T09:49:14.8180451Z Site: qsaid-wi-api is unblocked.
2026-07-06T09:49:16.1593152Z State: Starting, Action: EstablishingSiteNetworks, LastError: ContainerTimeout, LastErrorTimestamp: 07/06/2026 09:48:14, LastErrorDetails: Container did not start within expected time limit of 230s. Please inspect your container logs for more details., Details: Site is blocked due to multiple, consecutive cold start failures. Site scheduled to be unblocked at 07/06/2026 09:49:14, DetailsLevel: WARN
2026-07-06T09:49:17.4096718Z State: Starting, Action: StartingSiteContainers, LastError: ContainerTimeout, LastErrorTimestamp: 07/06/2026 09:48:14, LastErrorDetails: Container did not start within expected time limit of 230s. Please inspect your container logs for more details., Details: Site is blocked due to multiple, consecutive cold start failures. Site scheduled to be unblocked at 07/06/2026 09:49:14, DetailsLevel: WARN
2026-07-06T09:49:17.4101110Z Container start method called.
2026-07-06T09:49:17.4190057Z State: Starting, Action: PullingImage, LastError: ContainerTimeout, LastErrorTimestamp: 07/06/2026 09:48:14, LastErrorDetails: Container did not start within expected time limit of 230s. Please inspect your container logs for more details., Details: Pulling image qsaidacr.azurecr.io/qsaid-wi-api:latest for qsaid-wi-api., DetailsLevel: INFO
2026-07-06T09:49:17.4191642Z Establishing network.
2026-07-06T09:49:17.4192892Z Pulling image: qsaidacr.azurecr.io/qsaid-wi-api:latest.
2026-07-06T09:49:17.6943855Z Container is starting.
2026-07-06T09:49:17.6948341Z State: Starting, Action: MountingVolumes, LastError: ContainerTimeout, LastErrorTimestamp: 07/06/2026 09:48:14, LastErrorDetails: Container did not start within expected time limit of 230s. Please inspect your container logs for more details., Details: Mounting volumes for qsaid-wi-api., DetailsLevel: INFO
2026-07-06T09:49:17.6952496Z Establishing user namespace if not established already.
2026-07-06T09:49:17.6956284Z Establishing network if not established already.
2026-07-06T09:49:17.6960544Z Mounting volumes.
2026-07-06T09:49:17.7040198Z Nested mountpoint volatile/logs
2026-07-06T09:49:17.7262373Z Nested mountpoint 
2026-07-06T09:49:17.7552284Z Nested mountpoint 
2026-07-06T09:49:17.8858119Z State: Starting, Action: CreatingContainer, LastError: ContainerTimeout, LastErrorTimestamp: 07/06/2026 09:48:14, LastErrorDetails: Container did not start within expected time limit of 230s. Please inspect your container logs for more details., Details: Finished pulling container image and mounting volumes for qsaid-wi-api. Allocatinng the rest of the container resources to finish container creation., DetailsLevel: INFO
2026-07-06T09:49:17.8862883Z Creating container.
2026-07-06T09:49:17.8867269Z Creating pipes for streaming container io.
2026-07-06T09:49:17.8941761Z Creating stdout named pipe at /podr/container/pipe/566d93afb008_qsaid-wi-api/stdout_621398547c5a47028c6ee8d580e59126.
2026-07-06T09:49:17.8946933Z Successfully created stdout named pipe at: /podr/container/pipe/566d93afb008_qsaid-wi-api/stdout_621398547c5a47028c6ee8d580e59126.
2026-07-06T09:49:17.8951119Z Opening named pipe /podr/container/pipe/566d93afb008_qsaid-wi-api/stdout_621398547c5a47028c6ee8d580e59126 for reading in non-blocking mode.
2026-07-06T09:49:17.8954365Z Successfully opened named pipe: /podr/container/pipe/566d93afb008_qsaid-wi-api/stdout_621398547c5a47028c6ee8d580e59126.
2026-07-06T09:49:17.8959506Z Successfully removed non-blocking flag from /podr/container/pipe/566d93afb008_qsaid-wi-api/stdout_621398547c5a47028c6ee8d580e59126.
2026-07-06T09:49:17.9040270Z Creating stderr named pipe at /podr/container/pipe/566d93afb008_qsaid-wi-api/stderr_7354e660f1574f0c87d111ed7c0a9c74.
2026-07-06T09:49:17.9041777Z Successfully created stderr named pipe at: /podr/container/pipe/566d93afb008_qsaid-wi-api/stderr_7354e660f1574f0c87d111ed7c0a9c74.
2026-07-06T09:49:17.9042572Z Opening named pipe /podr/container/pipe/566d93afb008_qsaid-wi-api/stderr_7354e660f1574f0c87d111ed7c0a9c74 for reading in non-blocking mode.
2026-07-06T09:49:17.9043514Z Successfully opened named pipe: /podr/container/pipe/566d93afb008_qsaid-wi-api/stderr_7354e660f1574f0c87d111ed7c0a9c74.
2026-07-06T09:49:17.9044237Z Successfully removed non-blocking flag from /podr/container/pipe/566d93afb008_qsaid-wi-api/stderr_7354e660f1574f0c87d111ed7c0a9c74.
2026-07-06T09:49:17.9147895Z Creating container with image: qsaidacr.azurecr.io/qsaid-wi-api:latest from registry: qsaidacr.azurecr.io and fully qualified image name: qsaidacr.azurecr.io/qsaid-wi-api:latest
2026-07-06T09:49:18.4607575Z Starting container: 566d93afb008_qsaid-wi-api.
2026-07-06T09:49:18.5398902Z Starting watchers and probes.
2026-07-06T09:49:18.5483424Z Starting metrics collection.
2026-07-06T09:49:18.5593942Z Container is running.
2026-07-06T09:49:18.5595180Z State: Starting, Action: CreatingContainer, LastError: ContainerTimeout, LastErrorTimestamp: 07/06/2026 09:48:14, LastErrorDetails: Container did not start within expected time limit of 230s. Please inspect your container logs for more details., Details: Container qsaid-wi-api successfully created and is running., DetailsLevel: INFO
2026-07-06T09:49:18.7610232Z Container start method finished after 1350 ms.
2026-07-06T09:49:18.7615150Z State: Starting, Action: InitiatingSiteWarmUpProbe, LastError: ContainerTimeout, LastErrorTimestamp: 07/06/2026 09:48:14, LastErrorDetails: Container did not start within expected time limit of 230s. Please inspect your container logs for more details., Details: Container qsaid-wi-api successfully created and is running., DetailsLevel: INFO
2026-07-06T09:49:18.7615413Z State: Starting, Action: WaitingForSiteWarmUpProbeSuccess, LastError: ContainerTimeout, LastErrorTimestamp: 07/06/2026 09:48:14, LastErrorDetails: Container did not start within expected time limit of 230s. Please inspect your container logs for more details., Details: Pinging warmup path to ensure container is ready to receive requests., DetailsLevel: INFO
2026-07-06T09:49:18.7706299Z Container has finished running with exit code: 2.
2026-07-06T09:49:18.7707450Z Container is terminating. Grace period: 5 seconds.
2026-07-06T09:49:18.7816170Z Stop and delete container. Retry count = 0
2026-07-06T09:49:18.7903103Z Stopping container: 566d93afb008_qsaid-wi-api.
2026-07-06T09:49:18.9625076Z Deleting container: 566d93afb008_qsaid-wi-api. Retry count = 0
2026-07-06T09:49:19.2348291Z Container spec TerminationMessagePolicy  path 
2026-07-06T09:49:19.2355525Z Container is terminated. Total time elapsed: 464 ms.
2026-07-06T09:49:19.2359689Z Site container: qsaid-wi-api terminated during site startup.
2026-07-06T09:49:19.2442904Z State: Stopping, Action: CancellingStartup, LastError: ContainerTimeout, LastErrorTimestamp: 07/06/2026 09:48:14, LastErrorDetails: Container did not start within expected time limit of 230s. Please inspect your container logs for more details., Details: Site container: qsaid-wi-api terminated during site startup. Cancelling site startup., DetailsLevel: ERR
2026-07-06T09:49:19.2456023Z Site startup probe failed after 0.4649787 seconds.
2026-07-06T09:49:19.3564869Z State: Stopping, Action: CancellingStartup, LastError: ContainerTimeout, LastErrorTimestamp: 07/06/2026 09:49:19, LastErrorDetails: Container did not start within expected time limit of 230s. Please inspect your container logs for more details., Details: Site container: qsaid-wi-api terminated during site startup. Cancelling site startup., DetailsLevel: ERR
2026-07-06T09:49:19.3659451Z Failed to start site. Revert by stopping site.
2026-07-06T09:49:19.3665707Z State: Stopping, Action: StoppingSite, LastError: ContainerTimeout, LastErrorTimestamp: 07/06/2026 09:49:19, LastErrorDetails: Container did not start within expected time limit of 230s. Please inspect your container logs for more details., Details: Site container: qsaid-wi-api terminated during site startup. Cancelling site startup., DetailsLevel: ERR
2026-07-06T09:49:19.3749175Z State: Stopping, Action: StoppingSiteContainers, LastError: ContainerTimeout, LastErrorTimestamp: 07/06/2026 09:49:19, LastErrorDetails: Container did not start within expected time limit of 230s. Please inspect your container logs for more details., Details: Site container: qsaid-wi-api terminated during site startup. Cancelling site startup., DetailsLevel: ERR
2026-07-06T09:49:19.3749396Z Site: qsaid-wi-api stopped.
2026-07-06T09:49:19.3767124Z State: Stopping, Action: UnmountingVolumes, LastError: ContainerTimeout, LastErrorTimestamp: 07/06/2026 09:49:19, LastErrorDetails: Container did not start within expected time limit of 230s. Please inspect your container logs for more details., Details: Site container: qsaid-wi-api terminated during site startup. Cancelling site startup., DetailsLevel: ERR
2026-07-06T09:49:19.6098626Z State: Stopping, Action: StoppingSiteNetworks, LastError: ContainerTimeout, LastErrorTimestamp: 07/06/2026 09:49:19, LastErrorDetails: Container did not start within expected time limit of 230s. Please inspect your container logs for more details., Details: Site container: qsaid-wi-api terminated during site startup. Cancelling site startup., DetailsLevel: ERR
2026-07-06T09:49:19.8612190Z Site: qsaid-wi-api will be blocked for 1 minutes till 07/06/2026 09:50:19
2026-07-06T09:49:19.8613814Z State: Blocked, Action: StoppingSiteNetworks, LastError: ContainerTimeout, LastErrorTimestamp: 07/06/2026 09:49:19, LastErrorDetails: Container did not start within expected time limit of 230s. Please inspect your container logs for more details., Details: Site: qsaid-wi-api will be blocked for 1 minutes till 07/06/2026 09:50:19, DetailsLevel: WARN
2026-07-06T09:49:19.8616316Z State: Stopped, Action: None, LastError: ContainerTimeout, LastErrorTimestamp: 07/06/2026 09:49:19, LastErrorDetails: Container did not start within expected time limit of 230s. Please inspect your container logs for more details., Details: Site stopped at 07/06/2026 09:49:19 (UTC), DetailsLevel: WARN
2026-07-06T09:49:20.2032407Z State: Stopped, Action: None, LastError: ContainerTimeout, LastErrorTimestamp: 07/06/2026 09:49:19, LastErrorDetails: Container did not start within expected time limit of 230s. Please inspect your container logs for more details., Details: Site stopped at 07/06/2026 09:49:19 (UTC), DetailsLevel: WARN
2026-07-06T09:49:21.8356718Z State: Blocked, Action: None, LastError: ContainerTimeout, LastErrorTimestamp: 07/06/2026 09:49:19, LastErrorDetails: Container did not start within expected time limit of 230s. Please inspect your container logs for more details., Details: Site is blocked due to multiple, consecutive cold start failures. Site scheduled to be unblocked at 07/06/2026 09:50:19, DetailsLevel: WARN
2026-07-06T09:49:21.8358027Z Start site prohibitted because the site is being blocked.
2026-07-06T09:49:48.7337535Z State: Blocked, Action: None, LastError: ContainerTimeout, LastErrorTimestamp: 07/06/2026 09:49:19, LastErrorDetails: Container did not start within expected time limit of 230s. Please inspect your container logs for more details., Details: Site is blocked due to multiple, consecutive cold start failures. Site scheduled to be unblocked at 07/06/2026 09:50:19, DetailsLevel: WARN
2026-07-06T09:49:48.7338154Z Start site prohibitted because the site is being blocked.
2026-07-06T09:49:49.0726281Z State: Blocked, Action: None, LastError: ContainerTimeout, LastErrorTimestamp: 07/06/2026 09:49:19, LastErrorDetails: Container did not start within expected time limit of 230s. Please inspect your container logs for more details., Details: Site is blocked due to multiple, consecutive cold start failures. Site scheduled to be unblocked at 07/06/2026 09:50:19, DetailsLevel: WARN
2026-07-06T09:49:49.0726831Z Start site prohibitted because the site is being blocked.
2026-07-06T09:50:09.4283958Z State: Blocked, Action: None, LastError: ContainerTimeout, LastErrorTimestamp: 07/06/2026 09:49:19, LastErrorDetails: Container did not start within expected time limit of 230s. Please inspect your container logs for more details., Details: Site is blocked due to multiple, consecutive cold start failures. Site scheduled to be unblocked at 07/06/2026 09:50:19, DetailsLevel: WARN
2026-07-06T09:50:09.4284542Z Start site prohibitted because the site is being blocked.
2026-07-06T09:50:09.8241368Z State: Blocked, Action: None, LastError: ContainerTimeout, LastErrorTimestamp: 07/06/2026 09:49:19, LastErrorDetails: Container did not start within expected time limit of 230s. Please inspect your container logs for more details., Details: Site is blocked due to multiple, consecutive cold start failures. Site scheduled to be unblocked at 07/06/2026 09:50:19, DetailsLevel: WARN
2026-07-06T09:50:09.8241896Z Start site prohibitted because the site is being blocked.
2026-07-06T09:50:19.8637049Z Site: qsaid-wi-api is unblocked.
2026-07-06T09:50:27.3786443Z State: Starting, Action: EstablishingSiteNetworks, LastError: ContainerTimeout, LastErrorTimestamp: 07/06/2026 09:49:19, LastErrorDetails: Container did not start within expected time limit of 230s. Please inspect your container logs for more details., Details: Site is blocked due to multiple, consecutive cold start failures. Site scheduled to be unblocked at 07/06/2026 09:50:19, DetailsLevel: WARN
2026-07-06T09:50:28.8271763Z State: Starting, Action: StartingSiteContainers, LastError: ContainerTimeout, LastErrorTimestamp: 07/06/2026 09:49:19, LastErrorDetails: Container did not start within expected time limit of 230s. Please inspect your container logs for more details., Details: Site is blocked due to multiple, consecutive cold start failures. Site scheduled to be unblocked at 07/06/2026 09:50:19, DetailsLevel: WARN
2026-07-06T09:50:28.8273750Z Container start method called.
2026-07-06T09:50:28.8274514Z State: Starting, Action: PullingImage, LastError: ContainerTimeout, LastErrorTimestamp: 07/06/2026 09:49:19, LastErrorDetails: Container did not start within expected time limit of 230s. Please inspect your container logs for more details., Details: Pulling image qsaidacr.azurecr.io/qsaid-wi-api:latest for qsaid-wi-api., DetailsLevel: INFO
2026-07-06T09:50:28.8275543Z Establishing network.
2026-07-06T09:50:28.8755195Z Pulling image: qsaidacr.azurecr.io/qsaid-wi-api:latest.
2026-07-06T09:50:29.1579065Z Container is starting.
2026-07-06T09:50:29.1580444Z State: Starting, Action: MountingVolumes, LastError: ContainerTimeout, LastErrorTimestamp: 07/06/2026 09:49:19, LastErrorDetails: Container did not start within expected time limit of 230s. Please inspect your container logs for more details., Details: Mounting volumes for qsaid-wi-api., DetailsLevel: INFO
2026-07-06T09:50:29.1583619Z Establishing user namespace if not established already.
2026-07-06T09:50:29.1584837Z Establishing network if not established already.
2026-07-06T09:50:29.1586144Z Mounting volumes.
2026-07-06T09:50:29.1588136Z Nested mountpoint volatile/logs
2026-07-06T09:50:29.1791090Z Nested mountpoint 
2026-07-06T09:50:29.1986830Z Nested mountpoint 
2026-07-06T09:50:29.2679784Z State: Starting, Action: CreatingContainer, LastError: ContainerTimeout, LastErrorTimestamp: 07/06/2026 09:49:19, LastErrorDetails: Container did not start within expected time limit of 230s. Please inspect your container logs for more details., Details: Finished pulling container image and mounting volumes for qsaid-wi-api. Allocatinng the rest of the container resources to finish container creation., DetailsLevel: INFO
2026-07-06T09:50:29.2681088Z Creating container.
2026-07-06T09:50:29.2682267Z Creating pipes for streaming container io.
2026-07-06T09:50:29.2693909Z Creating stdout named pipe at /podr/container/pipe/f455d2682009_qsaid-wi-api/stdout_1e02f61d239c440080c835652269f16c.
2026-07-06T09:50:29.2696209Z Successfully created stdout named pipe at: /podr/container/pipe/f455d2682009_qsaid-wi-api/stdout_1e02f61d239c440080c835652269f16c.
2026-07-06T09:50:29.2772266Z Opening named pipe /podr/container/pipe/f455d2682009_qsaid-wi-api/stdout_1e02f61d239c440080c835652269f16c for reading in non-blocking mode.
2026-07-06T09:50:29.2866557Z Successfully opened named pipe: /podr/container/pipe/f455d2682009_qsaid-wi-api/stdout_1e02f61d239c440080c835652269f16c.
2026-07-06T09:50:29.2868906Z Successfully removed non-blocking flag from /podr/container/pipe/f455d2682009_qsaid-wi-api/stdout_1e02f61d239c440080c835652269f16c.
2026-07-06T09:50:29.2999388Z Creating stderr named pipe at /podr/container/pipe/f455d2682009_qsaid-wi-api/stderr_2dcb423fede14a938aaa39fd87b1595f.
2026-07-06T09:50:29.3171408Z Successfully created stderr named pipe at: /podr/container/pipe/f455d2682009_qsaid-wi-api/stderr_2dcb423fede14a938aaa39fd87b1595f.
2026-07-06T09:50:29.3172783Z Opening named pipe /podr/container/pipe/f455d2682009_qsaid-wi-api/stderr_2dcb423fede14a938aaa39fd87b1595f for reading in non-blocking mode.
2026-07-06T09:50:29.3173900Z Successfully opened named pipe: /podr/container/pipe/f455d2682009_qsaid-wi-api/stderr_2dcb423fede14a938aaa39fd87b1595f.
2026-07-06T09:50:29.3177380Z Successfully removed non-blocking flag from /podr/container/pipe/f455d2682009_qsaid-wi-api/stderr_2dcb423fede14a938aaa39fd87b1595f.
2026-07-06T09:50:29.3178985Z Creating container with image: qsaidacr.azurecr.io/qsaid-wi-api:latest from registry: qsaidacr.azurecr.io and fully qualified image name: qsaidacr.azurecr.io/qsaid-wi-api:latest
2026-07-06T09:50:30.5261736Z Starting container: f455d2682009_qsaid-wi-api.
2026-07-06T09:50:30.6411146Z Starting watchers and probes.
2026-07-06T09:50:30.6422812Z Starting metrics collection.
2026-07-06T09:50:30.6603068Z Container is running.
2026-07-06T09:50:30.6610676Z State: Starting, Action: CreatingContainer, LastError: ContainerTimeout, LastErrorTimestamp: 07/06/2026 09:49:19, LastErrorDetails: Container did not start within expected time limit of 230s. Please inspect your container logs for more details., Details: Container qsaid-wi-api successfully created and is running., DetailsLevel: INFO
2026-07-06T09:50:30.7920021Z Container start method finished after 1964 ms.
2026-07-06T09:50:30.7922100Z State: Starting, Action: InitiatingSiteWarmUpProbe, LastError: ContainerTimeout, LastErrorTimestamp: 07/06/2026 09:49:19, LastErrorDetails: Container did not start within expected time limit of 230s. Please inspect your container logs for more details., Details: Container qsaid-wi-api successfully created and is running., DetailsLevel: INFO
2026-07-06T09:50:30.7922318Z State: Starting, Action: WaitingForSiteWarmUpProbeSuccess, LastError: ContainerTimeout, LastErrorTimestamp: 07/06/2026 09:49:19, LastErrorDetails: Container did not start within expected time limit of 230s. Please inspect your container logs for more details., Details: Pinging warmup path to ensure container is ready to receive requests., DetailsLevel: INFO
2026-07-06T09:50:30.8309898Z Container has finished running with exit code: 2.
2026-07-06T09:50:30.8333119Z Container is terminating. Grace period: 5 seconds.
2026-07-06T09:50:30.8917714Z Stop and delete container. Retry count = 0
2026-07-06T09:50:30.8921748Z Stopping container: f455d2682009_qsaid-wi-api.
2026-07-06T09:50:31.1336449Z Deleting container: f455d2682009_qsaid-wi-api. Retry count = 0
2026-07-06T09:50:31.6584072Z Container spec TerminationMessagePolicy  path 
2026-07-06T09:50:31.6586760Z Container is terminated. Total time elapsed: 825 ms.
2026-07-06T09:50:31.6592735Z Site container: qsaid-wi-api terminated during site startup.
2026-07-06T09:50:31.6593933Z State: Stopping, Action: CancellingStartup, LastError: ContainerTimeout, LastErrorTimestamp: 07/06/2026 09:49:19, LastErrorDetails: Container did not start within expected time limit of 230s. Please inspect your container logs for more details., Details: Site container: qsaid-wi-api terminated during site startup. Cancelling site startup., DetailsLevel: ERR
2026-07-06T09:50:31.6601039Z Site startup probe failed after 0.7894029 seconds.
2026-07-06T09:50:31.9406478Z State: Stopping, Action: CancellingStartup, LastError: ContainerTimeout, LastErrorTimestamp: 07/06/2026 09:50:31, LastErrorDetails: Container did not start within expected time limit of 230s. Please inspect your container logs for more details., Details: Site container: qsaid-wi-api terminated during site startup. Cancelling site startup., DetailsLevel: ERR
2026-07-06T09:50:31.9501443Z Failed to start site. Revert by stopping site.
2026-07-06T09:50:31.9505141Z State: Stopping, Action: StoppingSite, LastError: ContainerTimeout, LastErrorTimestamp: 07/06/2026 09:50:31, LastErrorDetails: Container did not start within expected time limit of 230s. Please inspect your container logs for more details., Details: Site container: qsaid-wi-api terminated during site startup. Cancelling site startup., DetailsLevel: ERR
2026-07-06T09:50:31.9510930Z State: Stopping, Action: StoppingSiteContainers, LastError: ContainerTimeout, LastErrorTimestamp: 07/06/2026 09:50:31, LastErrorDetails: Container did not start within expected time limit of 230s. Please inspect your container logs for more details., Details: Site container: qsaid-wi-api terminated during site startup. Cancelling site startup., DetailsLevel: ERR
2026-07-06T09:50:31.9511199Z Site: qsaid-wi-api stopped.
